
--
-- Truncate table before insert `answers_of_question_attempts`
--

TRUNCATE TABLE `answers_of_question_attempts`;
--
-- Dumping data for table `answers_of_question_attempts`
--

INSERT INTO `answers_of_question_attempts` (`id`, `question_attempt_id`, `question_id`, `option_id`) VALUES
(1, 1, 95, 396),
(2, 2, 96, 402),
(3, 3, 97, 403),
(4, 4, 98, 407),
(5, 5, 99, 412),
(6, 6, 135, 560),
(7, 6, 135, 557),
(8, 6, 135, 558),
(9, 9, 82, 283),
(10, 9, 82, 286),
(11, 9, 82, 285),
(12, 9, 82, 284),
(13, 10, 83, 287),
(14, 10, 83, 290),
(15, 10, 83, 289),
(16, 10, 83, 288),
(17, 13, 94, 0),
(18, 14, 92, 0),
(19, 15, 141, 593),
(20, 16, 142, 597);

--
-- Truncate table before insert `chapters`
--

TRUNCATE TABLE `chapters`;
--
-- Dumping data for table `chapters`
--

INSERT INTO `chapters` (`id`, `name`, `description`, `unit_id`, `user_id`, `time`, `created`, `deleted`) VALUES
(1, 'Current Electricity', '', 1, 1, '10', '1457335109', 0),
(2, 'Electrostatics', '', 1, 1, '10', '1457335125', 0),
(3, 'Optics', '', 1, 1, '10', '1457335140', 0),
(4, 'Heat &amp; Thermodynamics', '', 1, 1, '10', '1457335159', 0),
(5, 'Law of Motion', '', 1, 1, '10', '1457335172', 0),
(6, 'Waves', '', 1, 1, '10', '1457335185', 0),
(7, 'Simple Harmonic Motion', '', 1, 1, '10', '1457335214', 0),
(8, 'Transition Element &amp; Coordination Chemistry', '', 2, 1, '8', '1457335302', 0),
(9, 'Periodic Table &amp; Representative Elements', '', 2, 1, '8', '1457335315', 0),
(10, 'Gaseous State', '', 2, 1, '8', '1457335330', 0),
(11, 'Atomic Structure', '', 2, 1, '8', '1457335346', 0),
(12, 'Amines', '', 2, 1, '8', '1457335362', 0),
(13, 'Solution &amp; Colligative Properties', '', 2, 1, '8', '1457335378', 0),
(14, 'General Organic Chemistry', '', 2, 1, '8', '1457335391', 0),
(15, 'Carboxylic Acids &amp; Derivatives', '', 2, 1, '8', '1457335408', 0),
(16, 'Hydrocarbons', '', 2, 1, '8', '1457335431', 0),
(17, 'Carbohydrate, Amino Acids &amp; Polymer', '', 2, 1, '8', '1457335440', 0),
(18, 'Coordinate Geometry', '', 3, 1, '11', '1457335486', 0),
(19, 'Continuity/ Differentiability, Limits', '', 3, 1, '11', '1457335497', 0),
(20, 'Complex Numbers, Quadratic Equation', '', 3, 1, '11', '1457335508', 0),
(21, 'Integral Calculus', '', 3, 1, '11', '1457335535', 0),
(22, 'Sequence &amp; Series', '', 3, 1, '11', '1457335547', 0),
(23, 'Trigonometry', '', 3, 1, '11', '1457335560', 0);

--
-- Truncate table before insert `classes`
--

TRUNCATE TABLE `classes`;
--
-- Dumping data for table `classes`
--

INSERT INTO `classes` (`id`, `name`, `description`, `user_id`, `created`, `deleted`) VALUES
(1, 'AIEEE 2016', '', 1, '1457335010', 0);

--
-- Truncate table before insert `coupons`
--

TRUNCATE TABLE `coupons`;
--
-- Truncate table before insert `difficulty`
--

TRUNCATE TABLE `difficulty`;
--
-- Dumping data for table `difficulty`
--

INSERT INTO `difficulty` (`id`, `difficulty`, `description`, `user_id`, `created`, `delete`) VALUES
(1, 'Easy', '', 1, '1457336029', 0),
(2, 'Medium', '', 1, '1457336066', 0),
(3, 'Tough', '', 1, '1457336074', 0);

--
-- Truncate table before insert `options`
--

TRUNCATE TABLE `options`;
--
-- Dumping data for table `options`
--

INSERT INTO `options` (`id`, `option`, `answer`, `number`, `question_id`, `user_id`, `created`, `deleted`) VALUES
(4, '<p><span style="background-color:rgb(253, 253, 253); color:rgb(184, 92, 0)">cd /usr/share/zoneinfo/</span></p>\n', 0, 0, 1, 1, 1457336692, 0),
(5, '<p><span style="background-color:rgb(253, 253, 253); color:rgb(184, 92, 0)">cp /usr/share/zoneinfo/America/Toronto /etc/localtime</span></p>\n', 1, 0, 1, 1, 1457336692, 0),
(6, '<p><span style="background-color:rgb(253, 253, 253); color:rgb(184, 92, 0)">date MMDDhhmmYYYY</span></p>\n', 0, 0, 1, 1, 1457336692, 0),
(7, '<p>Tycoon</p>', 1, 0, 2, 1, 1457337253, 0),
(8, '<p>Senior executive</p>', 0, 0, 2, 1, 1457337253, 0),
(9, '<p>Non-magnetic</p>', 0, 0, 2, 1, 1457337253, 0),
(10, '<p>Symbolic</p>', 0, 0, 2, 1, 1457337253, 0),
(11, '<p>Sweet</p>', 0, 0, 3, 1, 1457337253, 0),
(12, '<p>Tap</p>', 0, 0, 3, 1, 1457337253, 0),
(13, '<p>Deceit</p>', 0, 0, 3, 1, 1457337253, 0),
(14, '<p>Aspect</p>', 1, 0, 3, 1, 1457337253, 0),
(15, '<p>Cowardice</p>', 0, 0, 4, 1, 1457337254, 0),
(16, '<p>Manly</p>', 0, 0, 4, 1, 1457337254, 0),
(17, '<p>Angelic</p>', 1, 0, 4, 1, 1457337254, 0),
(18, '<p>Inheritant</p>', 0, 0, 4, 1, 1457337254, 0),
(19, '<p>Pile of logs</p>', 0, 0, 5, 1, 1457337254, 0),
(20, '<p>Jeavy cloak</p>', 0, 0, 5, 1, 1457337254, 0),
(21, '<p>Line of people placed as guard</p>', 1, 0, 5, 1, 1457337254, 0),
(22, '<p>None of these</p>', 0, 0, 5, 1, 1457337254, 0),
(23, '<p>Repudiate</p>', 0, 0, 6, 1, 1457337254, 0),
(24, '<p>Repeal</p>', 1, 0, 6, 1, 1457337254, 0),
(25, '<p>Impute</p>', 0, 0, 6, 1, 1457337254, 0),
(26, '<p>Force</p>', 0, 0, 6, 1, 1457337254, 0),
(27, '<p>Fool</p>', 0, 0, 7, 1, 1457337254, 0),
(28, '<p>Unhappy</p>', 0, 0, 7, 1, 1457337254, 0),
(29, '<p>Hardworking</p>', 1, 0, 7, 1, 1457337254, 0),
(30, '<p>Disappointed</p>', 0, 0, 7, 1, 1457337254, 0),
(31, '<p>Quality</p>', 0, 0, 8, 1, 1457337254, 0),
(32, '<p>Transport</p>', 0, 0, 8, 1, 1457337254, 0),
(33, '<p>Material</p>', 1, 0, 8, 1, 1457337254, 0),
(34, '<p>Upright</p>', 0, 0, 8, 1, 1457337254, 0),
(35, '<p>Descendant</p>', 1, 0, 9, 1, 1457337254, 0),
(36, '<p>Forefather</p>', 0, 0, 9, 1, 1457337254, 0),
(37, '<p>Precursor</p>', 0, 0, 9, 1, 1457337254, 0),
(38, '<p>Grandparent</p>', 0, 0, 9, 1, 1457337254, 0),
(39, '<p>Literal</p>', 0, 0, 10, 1, 1457337254, 0),
(40, '<p>Exact</p>', 0, 0, 10, 1, 1457337254, 0),
(41, '<p>Faithful</p>', 0, 0, 10, 1, 1457337254, 0),
(42, '<p>Fake</p>', 1, 0, 10, 1, 1457337254, 0),
(43, '<p>Roost</p>', 1, 0, 11, 1, 1457337254, 0),
(44, '<p>Forfeit</p>', 0, 0, 11, 1, 1457337254, 0),
(45, '<p>Quit</p>', 0, 0, 11, 1, 1457337254, 0),
(46, '<p>Forsake</p>', 0, 0, 11, 1, 1457337254, 0),
(47, '<p>Expidite</p>', 1, 0, 12, 1, 1457337254, 0),
(48, '<p>Protect</p>', 0, 0, 12, 1, 1457337254, 0),
(49, '<p>Devote</p>', 0, 0, 12, 1, 1457337254, 0),
(50, '<p>Create</p>', 0, 0, 12, 1, 1457337254, 0),
(51, '<p>Symbol</p>', 0, 0, 13, 1, 1457337254, 0),
(52, '<p>Uncharacteristic</p>', 1, 0, 13, 1, 1457337254, 0),
(53, '<p>Habit</p>', 0, 0, 13, 1, 1457337254, 0),
(54, '<p>Identity</p>', 0, 0, 13, 1, 1457337254, 0),
(55, '<p>to</p>', 1, 0, 14, 1, 1457337254, 0),
(56, '<p>too</p>', 0, 0, 14, 1, 1457337254, 0),
(57, '<p>twoÂ </p>', 0, 0, 14, 1, 1457337254, 0),
(58, '<p>tuu</p>', 0, 0, 14, 1, 1457337254, 0),
(59, '<p>pare</p>', 0, 0, 15, 1, 1457337254, 0),
(60, '<p>pair</p>', 1, 0, 15, 1, 1457337254, 0),
(61, '<p>pear</p>', 0, 0, 15, 1, 1457337254, 0),
(62, '<p>pyre</p>', 0, 0, 15, 1, 1457337254, 0),
(63, '<p>sent</p>', 1, 0, 16, 1, 1457337254, 0),
(64, '<p>scent</p>', 0, 0, 16, 1, 1457337254, 0),
(65, '<p>sceent</p>', 0, 0, 16, 1, 1457337254, 0),
(66, '<p>cent</p>', 0, 0, 16, 1, 1457337254, 0),
(67, '<p>Miserly</p>', 0, 0, 27, 1, 1457337727, 0),
(68, '<p>Generous</p>', 1, 0, 27, 1, 1457337727, 0),
(69, '<p>Visionary</p>', 0, 0, 27, 1, 1457337727, 0),
(70, '<p>Imaginative</p>', 0, 0, 27, 1, 1457337727, 0),
(71, '<p>Accept</p>', 0, 0, 28, 1, 1457337727, 0),
(72, '<p>Deny</p>', 1, 0, 28, 1, 1457337727, 0),
(73, '<p>Allow</p>', 0, 0, 28, 1, 1457337727, 0),
(74, '<p>Welcome</p>', 0, 0, 28, 1, 1457337727, 0),
(75, '<p>Fun</p>', 0, 0, 29, 1, 1457337727, 0),
(76, '<p>Bold</p>', 0, 0, 29, 1, 1457337727, 0),
(77, '<p>Coward</p>', 1, 0, 29, 1, 1457337727, 0),
(78, '<p>Frolic</p>', 0, 0, 29, 1, 1457337727, 0),
(79, '<p>Untroubled</p>', 1, 0, 30, 1, 1457337727, 0),
(80, '<p>Upset</p>', 0, 0, 30, 1, 1457337727, 0),
(81, '<p>Afraid</p>', 0, 0, 30, 1, 1457337727, 0),
(82, '<p>Anxious</p>', 0, 0, 30, 1, 1457337727, 0),
(83, '<p>2</p>', 1, 0, 32, 1, 1457508733, 0),
(84, '<p>3</p>', 0, 0, 32, 1, 1457508733, 0),
(85, '<p>4</p>', 0, 0, 32, 1, 1457508733, 0),
(86, '<p>8</p>', 0, 0, 32, 1, 1457508733, 0),
(87, '<p>\n          <span class="math-tex">\\( \\frac{3}{4} \\)</span>\n        </p>', 0, 0, 33, 1, 1457508733, 0),
(88, '<p>\n          <span class="math-tex">\\( \\frac{{24}}{{25}} \\)</span>\n        </p>', 0, 0, 33, 1, 1457508733, 0),
(89, '<p>1</p>', 0, 0, 33, 1, 1457508733, 0),
(90, '<p>\n          <span class="math-tex">\\( 1\\frac{1}{{24}} \\)</span>\n        </p>', 1, 0, 33, 1, 1457508733, 0),
(91, '<p>8 C</p>', 1, 0, 34, 1, 1457508733, 0),
(92, '<p>12 C</p>', 0, 0, 34, 1, 1457508733, 0),
(93, '<p>16 C</p>', 0, 0, 34, 1, 1457508733, 0),
(94, '<p>18 C</p>', 0, 0, 34, 1, 1457508733, 0),
(95, '<p>4</p>', 1, 0, 35, 1, 1457508733, 0),
(96, '<p>5</p>', 0, 0, 35, 1, 1457508733, 0),
(97, '<p>6</p>', 0, 0, 35, 1, 1457508733, 0),
(98, '<p>8</p>', 0, 0, 35, 1, 1457508733, 0),
(99, '<p>927</p>', 0, 0, 36, 1, 1457508733, 0),
(100, '<p>414</p>', 0, 0, 36, 1, 1457508733, 0),
(101, '<p>364</p>', 0, 0, 36, 1, 1457508733, 0),
(102, '<p>322</p>', 1, 0, 36, 1, 1457508733, 0),
(103, '<p>0.1%</p>', 0, 0, 37, 1, 1457508733, 0),
(104, '<p>0.2%</p>', 0, 0, 37, 1, 1457508733, 0),
(105, '<p>0.3%</p>', 1, 0, 37, 1, 1457508733, 0),
(106, '<p>0.4%</p>', 0, 0, 37, 1, 1457508733, 0),
(107, '<p>\n          96 cm\n          <sup>2</sup>\n        </p>', 1, 0, 38, 1, 1457508733, 0),
(108, '<p>\n          95 cm\n          <sup>2</sup>\n        </p>', 0, 0, 38, 1, 1457508733, 0),
(109, '<p>\n          94 cm\n          <sup>2</sup>\n        </p>', 0, 0, 38, 1, 1457508733, 0),
(110, '<p>\n          93 cm\n          <sup>2</sup>\n        </p>', 0, 0, 38, 1, 1457508733, 0),
(111, '<p>North</p>', 0, 0, 39, 1, 1457508733, 0),
(112, '<p>North-west</p>', 0, 0, 39, 1, 1457508733, 0),
(113, '<p>East</p>', 0, 0, 39, 1, 1457508733, 0),
(114, '<p>North-eastÂ </p>', 1, 0, 39, 1, 1457508733, 0),
(115, '<p>20</p>', 0, 0, 40, 1, 1457508733, 0),
(116, '<p>10</p>', 1, 0, 40, 1, 1457508733, 0),
(117, '<p>30</p>', 0, 0, 40, 1, 1457508733, 0),
(118, '<p>40</p>', 0, 0, 40, 1, 1457508733, 0),
(119, '<p>\n          <span class="math-tex">\\( \\frac{1}{4} \\)</span>\n        </p>', 0, 0, 41, 1, 1457508733, 0),
(120, '<p>1</p>', 0, 0, 41, 1, 1457508733, 0),
(121, '<p>4</p>', 1, 0, 41, 1, 1457508733, 0),
(122, '<p>16</p>', 0, 0, 41, 1, 1457508733, 0),
(123, '<p>Rs. 200</p>', 0, 0, 42, 1, 1457508733, 0),
(124, '<p>Rs. 250</p>', 1, 0, 42, 1, 1457508733, 0),
(125, '<p>Rs. 300</p>', 0, 0, 42, 1, 1457508733, 0),
(126, '<p>Rs. 450</p>', 0, 0, 42, 1, 1457508733, 0),
(127, '<p>Rs.Â 620</p>', 0, 0, 43, 1, 1457508733, 0),
(128, '<p>Rs. 430</p>', 0, 0, 43, 1, 1457508733, 0),
(129, '<p>Rs. 360</p>', 0, 0, 43, 1, 1457508733, 0),
(130, '<p>Rs. 270</p>', 1, 0, 43, 1, 1457508733, 0),
(131, '<p>54Â°</p>', 0, 0, 44, 1, 1457508733, 0),
(132, '<p>36Â°</p>', 0, 0, 44, 1, 1457508733, 0),
(133, '<p>24Â°</p>', 0, 0, 44, 1, 1457508733, 0),
(134, '<p>18Â°</p>', 1, 0, 44, 1, 1457508733, 0),
(135, '<p>\n          55440 cm\n          <sup>3</sup>\n        </p>', 0, 0, 45, 1, 1457508733, 0),
(136, '<p>\n          34650 cm\n          <sup>3</sup>\n        </p>', 0, 0, 45, 1, 1457508733, 0),
(137, '<p>\n          7720 cm\n          <sup>3</sup>\n        </p>', 0, 0, 45, 1, 1457508733, 0),
(138, '<p>\n          13860 cm\n          <sup>3</sup>\n        </p>', 1, 0, 45, 1, 1457508733, 0),
(139, '<p>15</p>', 0, 0, 46, 1, 1457508733, 0),
(140, '<p>16</p>', 0, 0, 46, 1, 1457508733, 0),
(141, '<p>17</p>', 0, 0, 46, 1, 1457508733, 0),
(142, '<p>18</p>', 1, 0, 46, 1, 1457508733, 0),
(143, '<p>100</p>', 0, 0, 47, 1, 1457508733, 0),
(144, '<p>90</p>', 0, 0, 47, 1, 1457508733, 0),
(145, '<p>80</p>', 0, 0, 47, 1, 1457508733, 0),
(146, '<p>75</p>', 1, 0, 47, 1, 1457508733, 0),
(147, '<p>2100 kg</p>', 0, 0, 48, 1, 1457508733, 0),
(148, '<p>1800 kg</p>', 1, 0, 48, 1, 1457508733, 0),
(149, '<p>2400 kg</p>', 0, 0, 48, 1, 1457508733, 0),
(150, '<p>2000 kg</p>', 0, 0, 48, 1, 1457508733, 0),
(151, '<p>99819</p>', 0, 0, 49, 1, 1457508733, 0),
(152, '<p>99911</p>', 1, 0, 49, 1, 1457508733, 0),
(153, '<p>99900</p>', 0, 0, 49, 1, 1457508733, 0),
(154, '<p>99111</p>', 0, 0, 49, 1, 1457508733, 0),
(155, '<p>\n          <span class="math-tex">\\( 3\\sqrt {29} \\)</span>\n        </p>', 0, 0, 50, 1, 1457508733, 0),
(156, '<p>81</p>', 0, 0, 50, 1, 1457508733, 0),
(157, '<p>87</p>', 1, 0, 50, 1, 1457508733, 0),
(158, '<p>29</p>', 0, 0, 50, 1, 1457508733, 0),
(159, '<p>16</p>', 1, 0, 51, 1, 1457508733, 0),
(160, '<p>18</p>', 0, 0, 51, 1, 1457508733, 0),
(161, '<p>20</p>', 0, 0, 51, 1, 1457508733, 0),
(162, '<p>22</p>', 0, 0, 51, 1, 1457508733, 0),
(163, '<p>\n          <span class="math-tex">\\( 16\\frac{1}{8} \\)</span>\n        </p>', 0, 0, 52, 1, 1457508733, 0),
(164, '<p>\n          <span class="math-tex">\\( 17\\frac{1}{8} \\)</span>\n        </p>', 0, 0, 52, 1, 1457508733, 0),
(165, '<p>\n          <span class="math-tex">\\( 17\\frac{1}{{16}} \\)</span>\n        </p>', 1, 0, 52, 1, 1457508733, 0),
(166, '<p>\n          <span class="math-tex">\\(-17\\frac{1}{16}\\)</span>\n        </p>', 0, 0, 52, 1, 1457508733, 0),
(167, '<p>\n          (25a\n          <sup>6</sup>\n          + 9b\n          <sup>6</sup>\n          ) (5a\n          <sup>3</sup>\n          â€“ 3b\n          <sup>3</sup>\n          ) (5a\n          <sup>3</sup>\n          + 3b\n          <sup>3</sup>\n          )\n        </p>', 1, 0, 53, 1, 1457508733, 0),
(168, '<p>\n          (5a\n          <sup>3</sup>\n          + 3b\n          <sup>3</sup>\n          )\n          <sup>2</sup>\n          (5a\n          <sup>3</sup>\n          â€“ 3b\n          <sup>3</sup>\n          )\n          <sup>2</sup>\n        </p>', 0, 0, 53, 1, 1457508733, 0),
(169, '<p>\n          (5a\n          <sup>3</sup>\n          â€“ 3b\n          <sup>3</sup>\n          )\n          <sup>4</sup>\n        </p>', 0, 0, 53, 1, 1457508733, 0),
(170, '<p>\n          (25a\n          <sup>6</sup>\n          â€“ 9b\n          <sup>6</sup>\n          )\n          <sup>2</sup>\n        </p>', 0, 0, 53, 1, 1457508733, 0),
(171, '<p>10%</p>', 0, 0, 54, 1, 1457508733, 0),
(172, '<p>11%</p>', 0, 0, 54, 1, 1457508733, 0),
(173, '<p>21%</p>', 1, 0, 54, 1, 1457508733, 0),
(174, '<p>100%</p>', 0, 0, 54, 1, 1457508733, 0),
(175, '<p>\n          <span class="math-tex">\\( \\frac{{x^2 }}{2}\\;\\,{\\rm{m}}^2 \\)</span>\n        </p>', 0, 0, 55, 1, 1457508733, 0),
(176, '<p>\n          2x\n          <sup>2</sup>\n          m\n          <sup>2</sup>\n        </p>', 0, 0, 55, 1, 1457508733, 0),
(177, '<p>\n          <span class="math-tex">\\( \\frac{{2x^2 }}{9}\\;\\,{\\rm{m}}^2 \\)</span>\n        </p>', 0, 0, 55, 1, 1457508733, 0),
(178, '<p>\n          <span class="math-tex">\\( \\frac{{x^2 }}{{18}}\\;\\,{\\rm{m}}^2 \\)</span>\n        </p>', 1, 0, 55, 1, 1457508733, 0),
(179, '<p>58.4 m</p>', 0, 0, 56, 1, 1457508733, 0),
(180, '<p>58.6 m</p>', 0, 0, 56, 1, 1457508733, 0),
(181, '<p>58.8 m</p>', 0, 0, 56, 1, 1457508733, 0),
(182, '<p>60 m</p>', 1, 0, 56, 1, 1457508733, 0),
(183, '<p>No conclusion followsÂ </p>', 0, 0, 57, 1, 1457508733, 0),
(184, '<p>Only II followsÂ </p>', 0, 0, 57, 1, 1457508733, 0),
(185, '<p>Only III follows</p>', 0, 0, 57, 1, 1457508733, 0),
(186, '<p>Either II or IV and III follow</p>', 1, 0, 57, 1, 1457508733, 0),
(187, '<p>0</p>', 1, 0, 58, 1, 1457508733, 0),
(188, '<p>20</p>', 0, 0, 58, 1, 1457508733, 0),
(189, '<p>1000</p>', 0, 0, 58, 1, 1457508733, 0),
(190, '<p>1900</p>', 0, 0, 58, 1, 1457508733, 0),
(191, '<p>\n          <span class="math-tex">\\( 3 + \\sqrt 2 {\\rm{ sq}}{\\rm{. units}} \\)</span>\n        </p>', 1, 0, 59, 1, 1457508733, 0),
(192, '<p>\n          <span class="math-tex">\\( 2 + \\sqrt 3 {\\rm{ sq}}{\\rm{. units}} \\)</span>\n        </p>', 0, 0, 59, 1, 1457508733, 0),
(193, '<p>\n          <span class="math-tex">\\( 3\\sqrt 2 \\,\\,{\\rm{sq}}{\\rm{. units}} \\)</span>\n        </p>', 0, 0, 59, 1, 1457508733, 0),
(194, '<p>3 sq. units</p>', 0, 0, 59, 1, 1457508733, 0),
(195, '<p>\n          <span class="math-tex">\\( \\frac{{{\\rm{33}}}}{{\\rm{2}}} \\)</span>\n        </p>', 0, 0, 60, 1, 1457508733, 0),
(196, '<p>15</p>', 1, 0, 60, 1, 1457508733, 0),
(197, '<p>12</p>', 0, 0, 60, 1, 1457508733, 0),
(198, '<p>22</p>', 0, 0, 60, 1, 1457508733, 0),
(199, '<p>(0.5)2</p>', 0, 0, 61, 1, 1457508733, 0),
(200, '<p>\n          <span class="math-tex">\\( \\sqrt {0.49} \\)</span>\n        </p>', 0, 0, 61, 1, 1457508733, 0),
(201, '<p>\n          <span class="math-tex">\\( \\sqrt[3]{{0.008}} \\)</span>\n        </p>', 1, 0, 61, 1, 1457508733, 0),
(202, '<p>0.23</p>', 0, 0, 61, 1, 1457508733, 0),
(203, '<p>361</p>', 0, 0, 62, 1, 1457508733, 0),
(204, '<p>1080</p>', 0, 0, 62, 1, 1457508733, 0),
(205, '<p>721</p>', 1, 0, 62, 1, 1457508733, 0),
(206, '<p>371</p>', 0, 0, 62, 1, 1457508733, 0),
(207, '<p>0</p>', 0, 0, 63, 1, 1457508733, 0),
(208, '<p>5</p>', 0, 0, 63, 1, 1457508733, 0),
(209, '<p>-5</p>', 1, 0, 63, 1, 1457508733, 0),
(210, '<p>6</p>', 0, 0, 63, 1, 1457508733, 0),
(211, '<p>(a + 2) (a â€“ 2) (a + 4) (a â€“ 4)q</p>', 1, 0, 64, 1, 1457508733, 0),
(212, '<p>\n          (a â€“ 2)\n          <sup>2</sup>\n          (a â€“ 4)\n          <sup>2</sup>\n        </p>', 0, 0, 64, 1, 1457508733, 0),
(213, '<p>\n          (a â€“ 2)\n          <sup>2</sup>\n          (a + 4)\n          <sup>2</sup>\n        </p>', 0, 0, 64, 1, 1457508733, 0),
(214, '<p>None of these</p>', 0, 0, 64, 1, 1457508733, 0),
(215, '<p>1 : 2</p>', 0, 0, 65, 1, 1457508733, 0),
(216, '<p>1 : 5</p>', 0, 0, 65, 1, 1457508733, 0),
(217, '<p>13 : 18</p>', 0, 0, 65, 1, 1457508733, 0),
(218, '<p>11 : 53</p>', 1, 0, 65, 1, 1457508733, 0),
(219, '<p>\n          <span class="math-tex">\\( \\sqrt 7 ,\\;7 \\)</span>\n        </p>', 0, 0, 66, 1, 1457508733, 0),
(220, '<p>5, â€“2</p>', 1, 0, 66, 1, 1457508733, 0),
(221, '<p>â€“5, 2</p>', 0, 0, 66, 1, 1457508733, 0),
(222, '<p>\n          <span class="math-tex">\\( -\\sqrt 7 ,\\;7 \\)</span>\n        </p>', 0, 0, 66, 1, 1457508733, 0),
(223, '<p>\n          <span class="math-tex">\\( 2\\frac{1}{2}\\% \\)</span>\n          Â decrease\n        </p>', 1, 0, 67, 1, 1457508733, 0),
(224, '<p>\n          <span class="math-tex">\\( 2\\frac{1}{2}\\% \\)</span>\n          Â increase\n        </p>', 0, 0, 67, 1, 1457508733, 0),
(225, '<p>2% decrease</p>', 0, 0, 67, 1, 1457508733, 0),
(226, '<p>2% increase</p>', 0, 0, 67, 1, 1457508733, 0),
(227, '<p>Â A only</p>', 0, 0, 68, 1, 1457508733, 0),
(228, '<p>A, B, and C only</p>', 0, 0, 68, 1, 1457508733, 0),
(229, '<p>B and C only</p>', 0, 0, 68, 1, 1457508733, 0),
(230, '<p>A, B, C and D</p>', 1, 0, 68, 1, 1457508733, 0),
(231, '<p>Rs. 4096</p>', 1, 0, 69, 1, 1457508733, 0),
(232, '<p>Rs. 4085</p>', 0, 0, 69, 1, 1457508733, 0),
(233, '<p>Rs. 4076</p>', 0, 0, 69, 1, 1457508733, 0),
(234, '<p>Rs. 3096</p>', 0, 0, 69, 1, 1457508733, 0),
(235, '<p>AC = CD</p>', 0, 0, 70, 1, 1457508733, 0),
(236, '<p>OA = OD</p>', 0, 0, 70, 1, 1457508733, 0),
(237, '<p>AC = BD</p>', 1, 0, 70, 1, 1457508733, 0),
(238, '<span class="math-tex">\\(\\angle\\)</span><span class="math-tex">\\(\\angle\\)</span>', 0, 0, 70, 1, 1457508733, 0),
(239, '<p>45Â°</p>', 0, 0, 71, 1, 1457508733, 0),
(240, '<p>35Â°</p>', 0, 0, 71, 1, 1457508733, 0),
(241, '<p>37.5Â°</p>', 1, 0, 71, 1, 1457508733, 0),
(242, '<p>42.5Â°</p>', 0, 0, 71, 1, 1457508733, 0),
(243, '<p>4</p>', 0, 0, 72, 1, 1457508733, 0),
(244, '<p>6</p>', 1, 0, 72, 1, 1457508733, 0),
(245, '<p>1</p>', 0, 0, 72, 1, 1457508733, 0),
(246, '<p>9</p>', 0, 0, 72, 1, 1457508733, 0),
(247, '<p>\n          361 cm\n          <sup>2</sup>\n        </p>', 0, 0, 73, 1, 1457508733, 0),
(248, '<p>\n          125 cm\n          <sup>2</sup>\n        </p>', 0, 0, 73, 1, 1457508733, 0),
(249, '<p>\n          236 cm\n          <sup>2</sup>\n        </p>', 1, 0, 73, 1, 1457508733, 0),
(250, '<p>\n          256 cm\n          <sup>2</sup>\n        </p>', 0, 0, 73, 1, 1457508733, 0),
(251, '<p>North-west</p>', 1, 0, 74, 1, 1457508733, 0),
(252, '<p>North</p>', 0, 0, 74, 1, 1457508733, 0),
(253, '<p>South east</p>', 0, 0, 74, 1, 1457508733, 0),
(254, '<p>EastÂ </p>', 0, 0, 74, 1, 1457508733, 0),
(255, '<p>\n          <span class="math-tex">\\( \\frac{1}{9} \\)</span>\n        </p>', 0, 0, 75, 1, 1457508733, 0),
(256, '<p>\n          <span class="math-tex">\\( \\frac{1}{{10}} \\)</span>\n        </p>', 0, 0, 75, 1, 1457508733, 0),
(257, '<p>\n          <span class="math-tex">\\( \\frac{{10}}{{17}} \\)</span>\n        </p>', 0, 0, 75, 1, 1457508733, 0),
(258, '<p>\n          <span class="math-tex">\\( \\frac{5}{{27}} \\)</span>\n        </p>', 1, 0, 75, 1, 1457508733, 0),
(259, '<p>\n          <span class="math-tex">\\( \\left( {\\frac{1}{3}} \\right)^{\\frac{1}{3}} \\)</span>\n        </p>', 0, 0, 76, 1, 1457508733, 0),
(260, '<p>\n          <span class="math-tex">\\( \\frac{1}{2} \\)</span>\n        </p>', 0, 0, 76, 1, 1457508733, 0),
(261, '<p>\n          <span class="math-tex">\\( \\left( {\\frac{1}{2}} \\right)^{\\frac{1}{3}} \\)</span>\n        </p>', 1, 0, 76, 1, 1457508733, 0),
(262, '<p>\n          <span class="math-tex">\\( \\left( {\\frac{1}{4}} \\right)^{\\frac{1}{3}} \\)</span>\n        </p>', 0, 0, 76, 1, 1457508733, 0),
(263, '<p>\n          <span class="math-tex">\\( 62\\frac{6}{7}{\\rm{sq}}.\\,{\\rm{cm}} \\)</span>\n        </p>', 1, 0, 77, 1, 1457508733, 0),
(264, '<p>\n          <span class="math-tex">\\( 57\\frac{3}{4}{\\rm{sq}}.\\,{\\rm{cm}} \\)</span>\n        </p>', 0, 0, 77, 1, 1457508733, 0),
(265, '<p>\n          6 cm\n          <sup>2</sup>\n        </p>', 0, 0, 77, 1, 1457508733, 0),
(266, '<p>\n          12 cm\n          <sup>2</sup>\n        </p>', 0, 0, 77, 1, 1457508733, 0),
(267, '<p>x = 5, y = 4</p>', 0, 0, 78, 1, 1457508733, 0),
(268, '<p>x = 10, y = 6</p>', 1, 0, 78, 1, 1457508733, 0),
(269, '<p>x = 9, y = 6</p>', 0, 0, 78, 1, 1457508733, 0),
(270, '<p>x = 12, y = 4</p>', 0, 0, 78, 1, 1457508733, 0),
(271, '<p>52</p>', 0, 0, 79, 1, 1457508733, 0),
(272, '<p>43</p>', 0, 0, 79, 1, 1457508733, 0),
(273, '<p>48</p>', 0, 0, 79, 1, 1457508733, 0),
(274, '<p>56</p>', 1, 0, 79, 1, 1457508733, 0),
(275, '<p>\n          <span class="math-tex">\\( \\frac{8}{{15}} \\)</span>\n        </p>', 0, 0, 80, 1, 1457508733, 0),
(276, '<p>\n          <span class="math-tex">\\( \\frac{3}{5} \\)</span>\n        </p>', 1, 0, 80, 1, 1457508733, 0),
(277, '<p>\n          <span class="math-tex">\\( \\frac{7}{{15}} \\)</span>\n        </p>', 0, 0, 80, 1, 1457508733, 0),
(278, '<p>\n          <span class="math-tex">\\( \\frac{{11}}{{15}} \\)</span>\n        </p>', 0, 0, 80, 1, 1457508733, 0),
(279, '<p>165</p>', 0, 0, 81, 1, 1457508733, 0),
(280, '<p>140</p>', 1, 0, 81, 1, 1457508733, 0),
(281, '<p>130</p>', 0, 0, 81, 1, 1457508733, 0),
(282, '<p>110</p>', 0, 0, 81, 1, 1457508733, 0),
(283, '<p>Pacific</p>', 1, 0, 82, 1, 1457508842, 0),
(284, '<p>Indian</p>', 1, 0, 82, 1, 1457508842, 0),
(285, '<p>Arctic</p>', 1, 0, 82, 1, 1457508842, 0),
(286, '<p>Atlantic</p>', 1, 0, 82, 1, 1457508842, 0),
(287, '<p>Absorption of lipids</p>', 1, 0, 83, 1, 1457508842, 0),
(288, '<p>Digestion of lipids</p>', 1, 0, 83, 1, 1457508842, 0),
(289, '<p>Micelle formation</p>', 1, 0, 83, 1, 1457508842, 0),
(290, '<p>Emulsification</p>', 1, 0, 83, 1, 1457508842, 0),
(291, '<p>Loop of Henle</p>', 1, 0, 84, 1, 1457508842, 0),
(292, '<p>Proximal convoluted tubule</p>', 1, 0, 84, 1, 1457508842, 0),
(293, '<p>Bowman''s Capsule</p>', 1, 0, 84, 1, 1457508842, 0),
(294, '<p>Distal convoluted tubule</p>', 1, 0, 84, 1, 1457508842, 0),
(295, '<p>Assistance</p>', 0, 1, 85, 1, 1457508842, 0),
(296, '<p>Fault</p>', 0, 1, 85, 1, 1457508842, 0),
(297, '<p>Proof</p>', 0, 1, 85, 1, 1457508842, 0),
(298, '<p>Agenda</p>', 0, 1, 85, 1, 1457508842, 0),
(299, '<p>Help</p>', 1, 2, 85, 1, 1457508842, 0),
(300, '<p>Defect</p>', 1, 2, 85, 1, 1457508842, 0),
(301, '<p>Evidence</p>', 1, 2, 85, 1, 1457508842, 0),
(302, '<p>Schedule</p>', 1, 2, 85, 1, 1457508842, 0),
(303, '<p>Advantage</p>', 0, 1, 86, 1, 1457508842, 0),
(304, '<p>Suggestion</p>', 0, 1, 86, 1, 1457508842, 0),
(305, '<p>Discussion</p>', 0, 1, 86, 1, 1457508842, 0),
(306, '<p>Client</p>', 0, 1, 86, 1, 1457508842, 0),
(307, '<p>Benefit</p>', 1, 2, 86, 1, 1457508842, 0),
(308, '<p>Proposal</p>', 1, 2, 86, 1, 1457508842, 0),
(309, '<p>Debate</p>', 1, 2, 86, 1, 1457508842, 0),
(310, '<p>Customer</p>', 1, 2, 86, 1, 1457508842, 0),
(311, '<p>Deposit</p>', 0, 1, 87, 1, 1457508842, 0),
(312, '<p>Lend</p>', 0, 1, 87, 1, 1457508842, 0),
(313, '<p>Fail</p>', 0, 1, 87, 1, 1457508842, 0),
(314, '<p>Admit</p>', 0, 1, 87, 1, 1457508842, 0),
(315, '<p>Withdraw</p>', 1, 2, 87, 1, 1457508842, 0),
(316, '<p>Borrow</p>', 1, 2, 87, 1, 1457508842, 0),
(317, '<p>Succeed</p>', 1, 2, 87, 1, 1457508842, 0),
(318, '<p>Deny</p>', 1, 2, 87, 1, 1457508842, 0),
(319, '<p>p</p>', 1, 0, 88, 1, 1457508842, 0),
(320, '<p>q</p>', 1, 0, 88, 1, 1457508842, 0),
(321, '<p>r</p>', 1, 0, 88, 1, 1457508842, 0),
(322, '<p>s</p>', 1, 0, 88, 1, 1457508842, 0),
(323, '<p>A</p>', 2, 0, 88, 1, 1457508842, 0),
(324, '0', 2, 0, 88, 1, 1457508842, 0),
(325, '0', 2, 0, 88, 1, 1457508842, 0),
(326, '0', 2, 0, 88, 1, 1457508842, 0),
(327, '1', 2, 0, 88, 1, 1457508842, 0),
(328, '<p>B</p>', 3, 0, 88, 1, 1457508842, 0),
(329, '0', 3, 0, 88, 1, 1457508842, 0),
(330, '1', 3, 0, 88, 1, 1457508842, 0),
(331, '0', 3, 0, 88, 1, 1457508842, 0),
(332, '0', 3, 0, 88, 1, 1457508842, 0),
(333, '<p>C</p>', 4, 0, 88, 1, 1457508842, 0),
(334, '1', 4, 0, 88, 1, 1457508842, 0),
(335, '0', 4, 0, 88, 1, 1457508842, 0),
(336, '0', 4, 0, 88, 1, 1457508842, 0),
(337, '0', 4, 0, 88, 1, 1457508842, 0),
(338, '<p>D</p>', 5, 0, 88, 1, 1457508842, 0),
(339, '0', 5, 0, 88, 1, 1457508842, 0),
(340, '0', 5, 0, 88, 1, 1457508842, 0),
(341, '1', 5, 0, 88, 1, 1457508842, 0),
(342, '0', 5, 0, 88, 1, 1457508842, 0),
(343, '<p>p</p>', 1, 0, 89, 1, 1457508842, 0),
(344, '<p>q</p>', 1, 0, 89, 1, 1457508842, 0),
(345, '<p>r</p>', 1, 0, 89, 1, 1457508842, 0),
(346, '<p>s</p>', 1, 0, 89, 1, 1457508842, 0),
(347, '<p>A</p>', 2, 0, 89, 1, 1457508842, 0),
(348, '1', 2, 0, 89, 1, 1457508842, 0),
(349, '0', 2, 0, 89, 1, 1457508842, 0),
(350, '0', 2, 0, 89, 1, 1457508842, 0),
(351, '1', 2, 0, 89, 1, 1457508842, 0),
(352, '<p>B</p>', 3, 0, 89, 1, 1457508842, 0),
(353, '0', 3, 0, 89, 1, 1457508842, 0),
(354, '1', 3, 0, 89, 1, 1457508842, 0),
(355, '1', 3, 0, 89, 1, 1457508842, 0),
(356, '0', 3, 0, 89, 1, 1457508842, 0),
(357, '<p>C</p>', 4, 0, 89, 1, 1457508842, 0),
(358, '1', 4, 0, 89, 1, 1457508842, 0),
(359, '0', 4, 0, 89, 1, 1457508842, 0),
(360, '1', 4, 0, 89, 1, 1457508842, 0),
(361, '0', 4, 0, 89, 1, 1457508842, 0),
(362, '<p>D</p>', 5, 0, 89, 1, 1457508842, 0),
(363, '0', 5, 0, 89, 1, 1457508842, 0),
(364, '0', 5, 0, 89, 1, 1457508842, 0),
(365, '0', 5, 0, 89, 1, 1457508842, 0),
(366, '1', 5, 0, 89, 1, 1457508842, 0),
(367, '<p>p</p>', 1, 0, 90, 1, 1457508842, 0),
(368, '<p>q</p>', 1, 0, 90, 1, 1457508842, 0),
(369, '<p>r</p>', 1, 0, 90, 1, 1457508842, 0),
(370, '<p>s</p>', 1, 0, 90, 1, 1457508842, 0),
(371, '<p>A</p>', 2, 0, 90, 1, 1457508842, 0),
(372, '1', 2, 0, 90, 1, 1457508842, 0),
(373, '0', 2, 0, 90, 1, 1457508842, 0),
(374, '0', 2, 0, 90, 1, 1457508842, 0),
(375, '1', 2, 0, 90, 1, 1457508842, 0),
(376, '<p>B</p>', 3, 0, 90, 1, 1457508842, 0),
(377, '0', 3, 0, 90, 1, 1457508842, 0),
(378, '0', 3, 0, 90, 1, 1457508842, 0),
(379, '1', 3, 0, 90, 1, 1457508842, 0),
(380, '0', 3, 0, 90, 1, 1457508842, 0),
(381, '<p>C</p>', 4, 0, 90, 1, 1457508842, 0),
(382, '1', 4, 0, 90, 1, 1457508842, 0),
(383, '1', 4, 0, 90, 1, 1457508842, 0),
(384, '0', 4, 0, 90, 1, 1457508842, 0),
(385, '0', 4, 0, 90, 1, 1457508842, 0),
(386, '<p>D</p>', 5, 0, 90, 1, 1457508842, 0),
(387, '1', 5, 0, 90, 1, 1457508842, 0),
(388, '1', 5, 0, 90, 1, 1457508842, 0),
(389, '0', 5, 0, 90, 1, 1457508842, 0),
(390, '0', 5, 0, 90, 1, 1457508842, 0),
(391, 'a', 1, 0, 91, 1, 1457508842, 0),
(392, 'The', 1, 0, 92, 1, 1457508842, 0),
(393, 'An', 1, 0, 93, 1, 1457508842, 0),
(394, 'the', 1, 0, 94, 1, 1457508842, 0),
(395, '<p>\n          <span class="math-tex">\\( \\frac{{{\\rm{33}}}}{{\\rm{2}}} \\)</span>\n        </p>', 0, 0, 95, 1, 1457509007, 0),
(396, '<p>15</p>', 1, 0, 95, 1, 1457509007, 0),
(397, '<p>12</p>', 0, 0, 95, 1, 1457509007, 0),
(398, '<p>22</p>', 0, 0, 95, 1, 1457509007, 0),
(399, '<p>100Â°</p>', 0, 0, 96, 1, 1457509007, 0),
(400, '<p>107Â°</p>', 0, 0, 96, 1, 1457509007, 0),
(401, '<p>106Â°</p>', 0, 0, 96, 1, 1457509007, 0),
(402, '<p>108Â°</p>', 1, 0, 96, 1, 1457509007, 0),
(403, '<p>4 : 10 am</p>', 1, 0, 97, 1, 1457509007, 0),
(404, '<p>4 : 45 am</p>', 0, 0, 97, 1, 1457509007, 0),
(405, '<p>4 : 20 am</p>', 0, 0, 97, 1, 1457509007, 0),
(406, '<p>5 : 00 am</p>', 0, 0, 97, 1, 1457509007, 0),
(407, '<p>105Â°</p>', 1, 0, 98, 1, 1457509007, 0),
(408, '<p>115Â°</p>', 0, 0, 98, 1, 1457509007, 0),
(409, '<p>95Â°</p>', 0, 0, 98, 1, 1457509007, 0),
(410, '<p>135Â°</p>', 0, 0, 98, 1, 1457509007, 0),
(411, '<p>3Â°</p>', 0, 0, 99, 1, 1457509007, 0),
(412, '<p>18Â°</p>', 1, 0, 99, 1, 1457509007, 0),
(413, '<p>24Â°</p>', 0, 0, 99, 1, 1457509007, 0),
(414, '<p>60Â°</p>', 0, 0, 99, 1, 1457509007, 0),
(415, '<p>4 p.m.</p>', 1, 0, 100, 1, 1457509007, 0),
(416, '<p>\n          <span class="math-tex">\\( 59\\frac{7}{{12}} \\)</span>\n          Â minutes past 3\n        </p>', 0, 0, 100, 1, 1457509007, 0),
(417, '<p>\n          <span class="math-tex">\\( 58\\frac{7}{{11}} \\)</span>\n          Â minutes past 3\n        </p>', 0, 0, 100, 1, 1457509007, 0),
(418, '<p>\n          <span class="math-tex">\\( 2\\frac{3}{{11}} \\)</span>\n          Â minutes past 4\n        </p>', 0, 0, 100, 1, 1457509007, 0),
(419, '<p>Monday</p>', 0, 0, 101, 1, 1457509007, 0),
(420, '<p>Tuesday</p>', 0, 0, 101, 1, 1457509007, 0),
(421, '<p>Wednesday</p>', 1, 0, 101, 1, 1457509007, 0),
(422, '<p>Friday</p>', 0, 0, 101, 1, 1457509007, 0),
(423, '<p>11</p>', 0, 0, 102, 1, 1457509007, 0),
(424, '<p>12</p>', 0, 0, 102, 1, 1457509007, 0),
(425, '<p>22</p>', 1, 0, 102, 1, 1457509007, 0),
(426, '<p>24</p>', 0, 0, 102, 1, 1457509007, 0),
(427, '<p>20Â°</p>', 0, 0, 103, 1, 1457509007, 0),
(428, '<p>15Â°</p>', 0, 0, 103, 1, 1457509007, 0),
(429, '<p>12 Â½Â°</p>', 0, 0, 103, 1, 1457509007, 0),
(430, '<p>10Â°</p>', 1, 0, 103, 1, 1457509007, 0),
(431, '<p>North-West</p>', 0, 0, 104, 1, 1457509007, 0),
(432, '<p>South-West</p>', 0, 0, 104, 1, 1457509007, 0),
(433, '<p>South</p>', 0, 0, 104, 1, 1457509007, 0),
(434, '<p>South-West</p>', 1, 0, 104, 1, 1457509007, 0),
(435, '<p>11 : 34</p>', 1, 0, 105, 1, 1457509007, 0),
(436, '<p>11 : 48</p>', 0, 0, 105, 1, 1457509007, 0),
(437, '<p>12 : 15</p>', 0, 0, 105, 1, 1457509007, 0),
(438, '<p>13 : 02</p>', 0, 0, 105, 1, 1457509007, 0),
(439, '<p>45 minutes past 9</p>', 0, 0, 106, 1, 1457509007, 0),
(440, '<p>50 minutes past 9</p>', 0, 0, 106, 1, 1457509007, 0),
(441, '<p>\n          <span class="math-tex">\\( 49\\frac{1}{{11}} \\)</span>\n          Â minutes past 9\n        </p>', 1, 0, 106, 1, 1457509007, 0),
(442, '<p>\n          <span class="math-tex">\\( 48\\frac{2}{{11}} \\)</span>\n          Â minutes past 9\n        </p>', 0, 0, 106, 1, 1457509007, 0),
(443, '<p>14</p>', 1, 0, 107, 1, 1457509007, 0),
(444, '<p>12</p>', 0, 0, 107, 1, 1457509007, 0),
(445, '<p>16</p>', 0, 0, 107, 1, 1457509007, 0),
(446, '<p>15</p>', 0, 0, 107, 1, 1457509007, 0),
(447, '<p>1990</p>', 0, 0, 108, 1, 1457509007, 0),
(448, '<p>1992</p>', 0, 0, 108, 1, 1457509007, 0),
(449, '<p>1993</p>', 1, 0, 108, 1, 1457509007, 0),
(450, '<p>1995</p>', 0, 0, 108, 1, 1457509007, 0),
(451, '<p>Monday</p>', 0, 0, 109, 1, 1457509007, 0),
(452, '<p>Tuesday</p>', 0, 0, 109, 1, 1457509007, 0),
(453, '<p>Thursday</p>', 1, 0, 109, 1, 1457509007, 0),
(454, '<p>Friday</p>', 0, 0, 109, 1, 1457509007, 0),
(455, '<p>Saturday</p>', 0, 0, 110, 1, 1457509007, 0),
(456, '<p>Friday</p>', 1, 0, 110, 1, 1457509007, 0),
(457, '<p>Sunday</p>', 0, 0, 110, 1, 1457509007, 0),
(458, '<p>Thursday</p>', 0, 0, 110, 1, 1457509007, 0),
(459, '<p>1</p>', 0, 0, 111, 1, 1457509007, 0),
(460, '<p>2</p>', 1, 0, 111, 1, 1457509007, 0),
(461, '<p>3</p>', 0, 0, 111, 1, 1457509007, 0),
(462, '<p>4</p>', 0, 0, 111, 1, 1457509007, 0),
(463, '<p>1998</p>', 0, 0, 112, 1, 1457509007, 0),
(464, '<p>2001</p>', 0, 0, 112, 1, 1457509007, 0),
(465, '<p>2002</p>', 1, 0, 112, 1, 1457509007, 0),
(466, '<p>2003</p>', 0, 0, 112, 1, 1457509007, 0),
(467, '<p>7 hrs 35 min</p>', 0, 0, 113, 1, 1457509007, 0),
(468, '<p>7 hrs 36.99 min</p>', 0, 0, 113, 1, 1457509007, 0),
(469, '<p>7 hrs 38.18 min</p>', 1, 0, 113, 1, 1457509007, 0),
(470, '<p>7 hrs 42.6 min</p>', 0, 0, 113, 1, 1457509007, 0),
(471, '<p>Monday</p>', 0, 0, 114, 1, 1457509007, 0),
(472, '<p>Sunday</p>', 0, 0, 114, 1, 1457509007, 0),
(473, '<p>Tuesday</p>', 1, 0, 114, 1, 1457509007, 0),
(474, '<p>Wednesday</p>', 0, 0, 114, 1, 1457509007, 0),
(475, '<p>LBGHI</p>', 0, 0, 115, 1, 1457509047, 0),
(476, '<p>adifh</p>', 0, 0, 115, 1, 1457509047, 0),
(477, '<p>ywxac</p>', 0, 0, 115, 1, 1457509047, 0),
(478, '<p>bdfhj</p>', 1, 0, 115, 1, 1457509047, 0),
(479, '<p>24</p>', 0, 0, 116, 1, 1457509047, 0),
(480, '<p>12</p>', 1, 0, 116, 1, 1457509047, 0),
(481, '<p>8 Â </p>', 0, 0, 116, 1, 1457509047, 0),
(482, '<p>6</p>', 0, 0, 116, 1, 1457509047, 0),
(483, '<p>55</p>', 0, 0, 117, 1, 1457509047, 0),
(484, '<p>63</p>', 0, 0, 117, 1, 1457509047, 0),
(485, '<p>65 Â Â </p>', 0, 0, 117, 1, 1457509047, 0),
(486, '<p>71</p>', 1, 0, 117, 1, 1457509047, 0),
(487, '<p>194</p>', 0, 0, 118, 1, 1457509047, 0),
(488, '<p>210Â </p>', 0, 0, 118, 1, 1457509047, 0),
(489, '<p>252 Â </p>', 1, 0, 118, 1, 1457509047, 0),
(490, '<p>258</p>', 0, 0, 118, 1, 1457509047, 0),
(491, '<p>36</p>', 0, 0, 119, 1, 1457509047, 0),
(492, '<p>42</p>', 0, 0, 119, 1, 1457509047, 0),
(493, '<p>56Â </p>', 0, 0, 119, 1, 1457509047, 0),
(494, '<p>65</p>', 1, 0, 119, 1, 1457509047, 0),
(495, '<p>40Â </p>', 0, 0, 120, 1, 1457509047, 0),
(496, '<p>40Â </p>', 0, 0, 120, 1, 1457509047, 0),
(497, '<p>60 Â </p>', 1, 0, 120, 1, 1457509047, 0),
(498, '<p>70Â </p>', 0, 0, 120, 1, 1457509047, 0),
(499, '<p>37</p>', 0, 0, 121, 1, 1457509047, 0),
(500, '<p>51</p>', 0, 0, 121, 1, 1457509047, 0),
(501, '<p>63Â </p>', 1, 0, 121, 1, 1457509047, 0),
(502, '<p>88</p>', 0, 0, 121, 1, 1457509047, 0),
(503, '<p>60</p>', 0, 0, 122, 1, 1457509047, 0),
(504, '<p>64</p>', 1, 0, 122, 1, 1457509047, 0),
(505, '<p>70 Â </p>', 0, 0, 122, 1, 1457509047, 0),
(506, '<p>75</p>', 0, 0, 122, 1, 1457509047, 0),
(507, '<p>6</p>', 0, 0, 123, 1, 1457509047, 0),
(508, '<p>10</p>', 0, 0, 123, 1, 1457509047, 0),
(509, '<p>8Â </p>', 1, 0, 123, 1, 1457509047, 0),
(510, '<p>12</p>', 0, 0, 123, 1, 1457509047, 0),
(511, '<p>32</p>', 0, 0, 124, 1, 1457509047, 0),
(512, '<p>33</p>', 0, 0, 124, 1, 1457509047, 0),
(513, '<p>34Â </p>', 0, 0, 124, 1, 1457509047, 0),
(514, '<p>35</p>', 1, 0, 124, 1, 1457509047, 0),
(515, '<p>KQ</p>', 1, 0, 125, 1, 1457509047, 0),
(516, '<p>VM</p>', 0, 0, 125, 1, 1457509047, 0),
(517, '<p>LK</p>', 0, 0, 125, 1, 1457509047, 0),
(518, '<p>JK</p>', 0, 0, 125, 1, 1457509047, 0),
(519, '<p>JKÂ </p>', 0, 0, 126, 1, 1457509047, 0),
(520, '<p>SC</p>', 1, 0, 126, 1, 1457509047, 0),
(521, '<p>KLÂ </p>', 0, 0, 126, 1, 1457509047, 0),
(522, '<p>CM</p>', 0, 0, 126, 1, 1457509047, 0),
(523, '<p>16</p>', 1, 0, 127, 1, 1457509047, 0),
(524, '<p>18</p>', 0, 0, 127, 1, 1457509047, 0),
(525, '<p>20</p>', 0, 0, 127, 1, 1457509047, 0),
(526, '<p>22</p>', 0, 0, 127, 1, 1457509047, 0),
(527, '<p>45</p>', 0, 0, 128, 1, 1457509047, 0),
(528, '<p>39</p>', 0, 0, 128, 1, 1457509047, 0),
(529, '<p>41</p>', 1, 0, 128, 1, 1457509047, 0),
(530, '<p>47</p>', 0, 0, 128, 1, 1457509047, 0),
(531, '<p>20</p>', 0, 0, 129, 1, 1457509047, 0),
(532, '<p>10</p>', 1, 0, 129, 1, 1457509047, 0),
(533, '<p>30</p>', 0, 0, 129, 1, 1457509047, 0),
(534, '<p>40</p>', 0, 0, 129, 1, 1457509047, 0),
(535, '<p>37</p>', 0, 0, 130, 1, 1457509047, 0),
(536, '<p>39</p>', 0, 0, 130, 1, 1457509047, 0),
(537, '<p>40Â </p>', 0, 0, 130, 1, 1457509047, 0),
(538, '<p>38Â </p>', 1, 0, 130, 1, 1457509047, 0),
(539, '<p>KUUVJ</p>', 1, 0, 131, 1, 1457509047, 0),
(540, '<p>KVUUJ</p>', 0, 0, 131, 1, 1457509047, 0),
(541, '<p>JUVUR</p>', 0, 0, 131, 1, 1457509047, 0),
(542, '<p>KVUVJ</p>', 0, 0, 131, 1, 1457509047, 0),
(543, '<p>19Â </p>', 0, 0, 132, 1, 1457509047, 0),
(544, '<p>21</p>', 0, 0, 132, 1, 1457509047, 0),
(545, '<p>23Â </p>', 1, 0, 132, 1, 1457509047, 0),
(546, '<p>27</p>', 0, 0, 132, 1, 1457509047, 0),
(547, '<p>106</p>', 0, 0, 133, 1, 1457509047, 0),
(548, '<p>98</p>', 0, 0, 133, 1, 1457509047, 0),
(549, '<p>100Â </p>', 0, 0, 133, 1, 1457509047, 0),
(550, '<p>102</p>', 1, 0, 133, 1, 1457509047, 0),
(551, '<p>60</p>', 0, 0, 134, 1, 1457509047, 0),
(552, '<p>61</p>', 1, 0, 134, 1, 1457509047, 0),
(553, '<p>111</p>', 0, 0, 134, 1, 1457509047, 0),
(554, '<p>91</p>', 0, 0, 134, 1, 1457509047, 0),
(555, '<p>8</p>', 0, 0, 135, 1, 1457509080, 0),
(556, '<p>9</p>', 0, 0, 135, 1, 1457509080, 0),
(557, '<p>12</p>', 1, 0, 135, 1, 1457509080, 0),
(558, '<p>18</p>', 1, 0, 135, 1, 1457509080, 0),
(559, '<p>21</p>', 0, 0, 135, 1, 1457509080, 0),
(560, '<p>36</p>', 1, 0, 135, 1, 1457509080, 0),
(561, '<p>$26,000</p>', 1, 0, 136, 1, 1457509080, 0),
(562, '<p>$28,000</p>', 1, 0, 136, 1, 1457509080, 0),
(563, '<p>$29,000</p>', 0, 0, 136, 1, 1457509080, 0),
(564, '<p>$30,000</p>', 0, 0, 136, 1, 1457509080, 0),
(565, '<p>$31,000</p>', 0, 0, 136, 1, 1457509080, 0),
(566, '<p>$32,000</p>', 0, 0, 136, 1, 1457509080, 0),
(567, '<p>$34,000</p>', 0, 0, 136, 1, 1457509080, 0),
(568, '<p>0</p>', 0, 0, 137, 1, 1457509080, 0),
(569, '<p>1</p>', 1, 0, 137, 1, 1457509080, 0),
(570, '<p>2</p>', 0, 0, 137, 1, 1457509080, 0),
(571, '<p>3</p>', 1, 0, 137, 1, 1457509080, 0),
(572, '<p>4</p>', 0, 0, 137, 1, 1457509080, 0),
(573, '<p>5</p>', 0, 0, 137, 1, 1457509080, 0),
(574, '<p>6</p>', 0, 0, 137, 1, 1457509080, 0),
(575, '<p>7</p>', 1, 0, 137, 1, 1457509080, 0),
(576, '<p>8</p>', 0, 0, 137, 1, 1457509080, 0),
(577, '<p>9</p>', 1, 0, 137, 1, 1457509080, 0),
(578, '<p>Lock</p>', 1, 0, 138, 1, 1457509141, 0),
(579, '<p>Door</p>', 1, 0, 138, 1, 1457509141, 0),
(580, '<p>Switch on</p>', 1, 0, 138, 1, 1457509141, 0),
(581, '<p>Key</p>', 1, 0, 138, 1, 1457509141, 0),
(582, '<p>Room</p>', 1, 0, 138, 1, 1457509141, 0),
(583, '<p>Paragraph</p>', 1, 0, 139, 1, 1457509141, 0),
(584, '<p>Letters</p>', 1, 0, 139, 1, 1457509141, 0),
(585, '<p>Word</p>', 1, 0, 139, 1, 1457509141, 0),
(586, '<p>Phrase</p>', 1, 0, 139, 1, 1457509141, 0),
(587, '<p>Sentence</p>', 1, 0, 139, 1, 1457509141, 0),
(588, '<p>Police</p>', 1, 0, 140, 1, 1457509141, 0),
(589, '<p>Judge</p>', 1, 0, 140, 1, 1457509141, 0),
(590, '<p>Judgement</p>', 1, 0, 140, 1, 1457509141, 0),
(591, '<p>Crime</p>', 1, 0, 140, 1, 1457509141, 0),
(592, '<p>Punishment</p>', 1, 0, 140, 1, 1457509141, 0),
(593, 'veracity', 1, 1, 141, 1, 1457509597, 0),
(594, 'verbosity', 0, 1, 141, 1, 1457509597, 0),
(595, 'ambiguity', 0, 1, 141, 1, 1457509597, 0),
(596, 'validity', 0, 1, 141, 1, 1457509597, 0),
(597, 'didn''t', 1, 1, 142, 1, 1457509790, 0),
(598, 'won''t', 0, 1, 142, 1, 1457509790, 0),
(599, 'hadn''t', 0, 1, 142, 1, 1457509790, 0),
(600, 'wouldn''t', 0, 1, 142, 1, 1457509790, 0),
(601, 'Epic-pourer ', 1, 0, 143, 1, 1457509962, 0),
(602, 'Questioner', 0, 0, 143, 1, 1457509962, 0),
(603, 'Song Catcher', 0, 0, 143, 1, 1457509962, 0),
(604, 'Village Chief', 0, 0, 143, 1, 1457509962, 0),
(605, 'Woi-meni-pele ', 1, 0, 144, 1, 1457510072, 0),
(606, 'Tomo', 0, 0, 144, 1, 1457510072, 0),
(607, 'Kuu', 0, 0, 144, 1, 1457510072, 0),
(608, 'Kutidingo', 0, 0, 144, 1, 1457510072, 0),
(609, '<p><span style="background-color:rgb(255, 255, 255)">In modern society we must make more time for our neighbors.</span></p>\n', 0, 0, 146, 1, 1457510497, 0),
(610, '<p><span style="background-color:rgb(255, 255, 255)">The traditions of society are timeless.</span></p>\n', 0, 0, 146, 1, 1457510497, 0),
(611, '<p><span style="background-color:rgb(255, 255, 255)">An accepted way of measuring time is essential for the smooth functioning of society.</span></p>\n', 1, 0, 146, 1, 1457510497, 0),
(612, '<p><span style="background-color:rgb(255, 255, 255)">Society judges people by the times at which they conduct certain activities.</span></p>\n', 0, 0, 146, 1, 1457510497, 0),
(613, '<p><span style="background-color:rgb(255, 255, 255)">the practice of starting the business day at dawn</span></p>\n', 0, 0, 147, 1, 1457510571, 0),
(614, '<p><span style="background-color:rgb(255, 255, 255)">friendly relations between neighbors</span></p>\n', 0, 0, 147, 1, 1457510571, 0),
(615, '<p><span style="background-color:rgb(255, 255, 255)">the railroad&#39;s reliance on time schedules</span></p>\n', 0, 0, 147, 1, 1457510571, 0),
(616, '<p><span style="background-color:rgb(255, 255, 255)">people&#39;s agreement on the measurement of time</span></p>\n', 1, 0, 147, 1, 1457510571, 0),
(617, '25.4', 1, 1, 148, 1, 1457510763, 0),
(618, '25.6', 1, 2, 148, 1, 1457510763, 0),
(619, '1.45', 1, 1, 149, 1, 1457510846, 0),
(620, '1.55', 1, 2, 149, 1, 1457510846, 0);

--
-- Truncate table before insert `planner`
--

TRUNCATE TABLE `planner`;
--
-- Truncate table before insert `profile`
--

TRUNCATE TABLE `profile`;
--
-- Dumping data for table `profile`
--

INSERT INTO `profile` (`id`, `user_id`, `email`, `first_name`, `last_name`, `mobile`, `class`, `registered_on`, `interests`, `occupation`, `about`, `website_url`, `address`, `image`) VALUES
(1, 2, 'raviarya.4thpointer@gmail.com', 'Ravi', 'Arya', '8373916199', 'Class Nursery', 1457510913, '', '', '', '', '', 'ProfilePictures/default.png'),
(2, 3, 'deepak.4thpointer@gmail.com', 'Deepak', 'kumar', '9555886024', 'Post Graduation', 1457513005, '', '', '', '', '', 'ProfilePictures/default.png');

--
-- Truncate table before insert `qcr_illustration`
--

TRUNCATE TABLE `qcr_illustration`;
--
-- Truncate table before insert `questions`
--

TRUNCATE TABLE `questions`;
--
-- Dumping data for table `questions`
--

INSERT INTO `questions` (`id`, `class_id`, `question`, `description`, `type`, `quality_check`, `ideal_time`, `parent_id`, `user_id`, `created`, `delete`) VALUES
(1, 1, '<p>How to change date, time, timezone on centos 6?</p>\n', '<p><span style="background-color:rgb(255, 255, 255)">When I was tweaking one of my linux server, I found out that the time of my server isn&rsquo;t match with my local time. It&rsquo;s hard to read logs with different time zone from your server, so I decided to change the timezone of my server to the my current timezone. I believe it was set with EST time. It would be easier for me to manage my server if it has the same time and date. I will show you how to change date and time on centos 6&nbsp;operating system in this article. This article will properly work with other Linux distributions like Ubuntu, Linux Mint, Fedora or Redhat since the way Linux date, time, and timezone work all the same in Linux server.</span></p>\n', 1, 0, 0, 0, 1, '1457337671', 1),
(2, 1, '<p>\n      <strong>Direction:</strong>\n      Pick out the nearest correct meaning or synonym of the word given below:\n      <br/>\n      MAGNATE\n    </p>', '', 1, 0, 0, 0, 1, '1457337664', 1),
(3, 1, '<p>\n      <strong>Direction:Â </strong>\n      Pick out the nearest correct meaning or synonym of the word given below:\n      <br/>\n      FACET\n    </p>', '', 1, 0, 0, 0, 1, '1457337666', 1),
(4, 1, '<p>\n      <strong>Direction:Â </strong>\n      Pick out the nearest correct meaning or synonym of the word given below:\n      <br/>\n      FEMINITY\n    </p>', '', 1, 0, 0, 0, 1, '1457337669', 1),
(5, 1, '<p>\n      <strong>Direction:Â </strong>\n      Pick out the nearest correct meaning or synonym of the word given below:\n      <br/>\n      CORDON\n    </p>', '', 1, 0, 0, 0, 1, '1457337616', 1),
(6, 1, '<p>\n      <strong>Direction:Â </strong>\n      Pick out the nearest correct meaning or synonym of the word given below:\n      <br/>\n      REVOKE\n    </p>', '', 1, 0, 0, 0, 1, '1457337619', 1),
(7, 1, '<p>\n      <strong>Direction:Â </strong>\n      Pick out the nearest correct meaning or synonym of the word given below:\n      <br/>\n      DILIGENT\n    </p>', '', 1, 0, 0, 0, 1, '1457337621', 1),
(8, 1, '<p>\n      <strong>Direction:Â </strong>\n      Pick out the nearest correct meaning or synonym of the word given below:\n      <br/>\n      GOODS\n    </p>', '', 1, 0, 0, 0, 1, '1457337624', 1),
(9, 1, '<p>\n      <strong>Direction:</strong>\n      Pickout the farthest correct meaning or Antonym of the word given below:\n      <br/>\n      ANCESTOR\n    </p>', '', 1, 0, 0, 0, 1, '1457337630', 1),
(10, 1, '<p>\n      <strong>Direction:</strong>\n      Â Pickout the farthest correct meaning or Antonym of the word given below:\n      <br/>\n      GENUINE\n    </p>', '', 1, 0, 0, 0, 1, '1457337633', 1),
(11, 1, '<p>\n      <strong>Direction:</strong>\n      Â Pickout the farthest correct meaning or Antonym of the word given below:\n      <br/>\n      ABANDON\n    </p>', '', 1, 0, 0, 0, 1, '1457337642', 1),
(12, 1, '<p>\n      <strong>Direction:</strong>\n      Â Pickout the farthest correct meaning or Antonym of the word given below:\n      <br/>\n      HINDER\n    </p>', '', 1, 0, 0, 0, 1, '1457337646', 1),
(13, 1, '<p>\n      <strong>Direction:</strong>\n      Â Pickout the farthest correct meaning or Antonym of the word given below:\n      <br/>\n      TRAIT\n    </p>', '', 1, 0, 0, 0, 1, '1457337648', 1),
(14, 1, '<p>\n      <strong>Direction:</strong>\n      Â Choose the right word from the options given below.\n      <br/>\n      Can I go _______ the party ?\n    </p>', '', 1, 0, 0, 0, 1, '1457337651', 1),
(15, 1, '<p>\n      <strong>Direction:</strong>\n      Â Choose the right word from the options given below.\n      <br/>\n      This is my favourite _____ of jeans.Â \n    </p>', '', 1, 0, 0, 0, 1, '1457337659', 1),
(16, 1, '<p>\n      <strong>Direction:</strong>\n      Choose the right word from the options given below.\n      <br/>\n      I ______ a letter to my aunt in Vietnam.Â \n    </p>', '', 1, 0, 0, 0, 1, '1457337662', 1),
(17, 1, '<p>\n      <p>\n        <strong>Choose the correct word that best completes each sentence.</strong>\n        <br/>\n        The plaster cast will help\n        <inlineChoiceInteraction responseIdentifier="false" maxChoices="0" shuffle="false">\n          <inlineChoice identifier="i-207036">heal</inlineChoice>\n          <inlineChoice identifier="i-207037">heel</inlineChoice>\n          <inlineChoice identifier="i-207038">hale</inlineChoice>\n          <inlineChoice identifier="i-207039">hele</inlineChoice>\n        </inlineChoiceInteraction>\n        the broken bone.\n      </p>\n    </p>', '', 2, 0, 0, 0, 1, '1457508556', 1),
(18, 1, '<p>\n      <p>\n        <strong>Choose the correct word that best completes each sentence.</strong>\n        <br/>\n        Dr. Venketesh built his castle on a dreary deserted\n        <inlineChoiceInteraction responseIdentifier="false" maxChoices="0" shuffle="false">\n          <inlineChoice identifier="i-207040">aisle</inlineChoice>\n          <inlineChoice identifier="i-207041">I''ll</inlineChoice>\n          <inlineChoice identifier="i-207042">isla</inlineChoice>\n          <inlineChoice identifier="i-207043">isle</inlineChoice>\n        </inlineChoiceInteraction>\n        located far away from the mainland.\n      </p>\n    </p>', '', 2, 0, 0, 0, 1, '1457508582', 1),
(19, 1, '<p>\n      <p>\n        <strong>Choose the correct word that best completes each sentence.</strong>\n        <br/>\n        Would you\n        <inlineChoiceInteraction responseIdentifier="false" maxChoices="0" shuffle="false">\n          <inlineChoice identifier="i-207048">grate</inlineChoice>\n          <inlineChoice identifier="i-207049">great</inlineChoice>\n          <inlineChoice identifier="i-207050">gratee</inlineChoice>\n          <inlineChoice identifier="i-207051">greeat</inlineChoice>\n        </inlineChoiceInteraction>\n        the cheese for the pizza?\n      </p>\n    </p>', '', 2, 0, 0, 0, 1, '1457508591', 1),
(20, 1, '<p>\n      <p>\n        <strong>Choose the correct word that best completes each sentence.</strong>\n        <br/>\n        <inlineChoiceInteraction responseIdentifier="false" maxChoices="0" shuffle="false">\n          <inlineChoice identifier="i-207068">You''re</inlineChoice>\n          <inlineChoice identifier="i-207069">Your</inlineChoice>\n          <inlineChoice identifier="i-207070">your</inlineChoice>\n          <inlineChoice identifier="i-207071">none</inlineChoice>\n        </inlineChoiceInteraction>\n        desk has been moved to the corner of the room.\n      </p>\n    </p>', '', 2, 0, 0, 0, 1, '1457508604', 1),
(21, 1, '<p>\n      <p>\n        <strong style="font-size: 14px; background-color: rgb(255, 255, 255);">Choose the correct word that best completes each sentence.</strong>\n        <br/>\n        I can\n        <inlineChoiceInteraction responseIdentifier="false" maxChoices="0" shuffle="false">\n          <inlineChoice identifier="i-207076">idle</inlineChoice>\n          <inlineChoice identifier="i-207077">idol</inlineChoice>\n          <inlineChoice identifier="i-207078">ideal</inlineChoice>\n          <inlineChoice identifier="i-207079">None</inlineChoice>\n        </inlineChoiceInteraction>\n        away many pleasant hours in the Museum of Natural History.\n      </p>\n    </p>', '', 2, 0, 0, 0, 1, '1457508613', 1),
(22, 1, '<p>\n      <p>\n        <strong style="color: rgb(103, 103, 103); font-size: 14px; background-color: rgb(255, 255, 255);">Choose the correct word that best completes each sentence.</strong>\n        <br/>\n        <inlineChoiceInteraction responseIdentifier="false" maxChoices="0" shuffle="false">\n          <inlineChoice identifier="i-207084">Buoys</inlineChoice>\n          <inlineChoice identifier="i-207085">Boys</inlineChoice>\n          <inlineChoice identifier="i-207086">bouse</inlineChoice>\n          <inlineChoice identifier="i-207087">bounce</inlineChoice>\n        </inlineChoiceInteraction>\n        float on the sea to warn ships of danger.\n      </p>\n    </p>', '', 2, 0, 0, 0, 1, '1457508620', 1),
(23, 1, '<p>\n      <p>\n        <strong style="color: rgb(103, 103, 103); font-size: 14px; background-color: rgb(255, 255, 255);">Choose the correct word that best completes each sentence.</strong>\n        <br/>\n        The travellers had a terrible journey through the\n        <inlineChoiceInteraction responseIdentifier="false" maxChoices="0" shuffle="false">\n          <inlineChoice identifier="i-207088">torturous</inlineChoice>\n          <inlineChoice identifier="i-207089">tortuous</inlineChoice>\n          <inlineChoice identifier="i-207090">tortious</inlineChoice>\n          <inlineChoice identifier="i-207091">tortous</inlineChoice>\n        </inlineChoiceInteraction>\n        road.\n      </p>\n    </p>', '', 2, 0, 0, 0, 1, '1457508625', 1),
(24, 1, '<p>\n      <p>\n        <strong style="color: rgb(103, 103, 103); font-size: 14px; background-color: rgb(255, 255, 255);">Choose the correct word that best completes each sentence.</strong>\n        <br/>\n        Every airport has a\n        <inlineChoiceInteraction responseIdentifier="false" maxChoices="0" shuffle="false">\n          <inlineChoice identifier="i-207092">hanger</inlineChoice>\n          <inlineChoice identifier="i-207093">hangar</inlineChoice>\n          <inlineChoice identifier="i-207094">hunger</inlineChoice>\n          <inlineChoice identifier="i-207095">hungar</inlineChoice>\n        </inlineChoiceInteraction>\n        .\n      </p>\n    </p>', '', 2, 0, 0, 0, 1, '1457508630', 1),
(25, 1, '<p>\n      <p>\n        <strong style="color: rgb(103, 103, 103); font-size: 14px; background-color: rgb(255, 255, 255);">Choose the correct word that best completes each sentence.</strong>\n        <br/>\n        If you want to reach God you have to\n        <inlineChoiceInteraction responseIdentifier="false" maxChoices="0" shuffle="false">\n          <inlineChoice identifier="i-207096">forgo</inlineChoice>\n          <inlineChoice identifier="i-207097">forego</inlineChoice>\n          <inlineChoice identifier="i-207098">forge</inlineChoice>\n          <inlineChoice identifier="i-207099">none</inlineChoice>\n        </inlineChoiceInteraction>\n        worldly pleasures.\n      </p>\n    </p>', '', 2, 0, 0, 0, 1, '1457508635', 1),
(26, 1, '<p>\n      <p>\n        <strong style="color: rgb(103, 103, 103); font-size: 14px; background-color: rgb(255, 255, 255);">Choose the correct word that best completes each sentence.</strong>\n        <br/>\n        She narreted the series of\n        <inlineChoiceInteraction responseIdentifier="false" maxChoices="0" shuffle="false">\n          <inlineChoice identifier="i-207100">discrete</inlineChoice>\n          <inlineChoice identifier="i-207101">descreet</inlineChoice>\n          <inlineChoice identifier="i-207102">discrit</inlineChoice>\n          <inlineChoice identifier="i-207103">descrit</inlineChoice>\n        </inlineChoiceInteraction>\n        events.\n      </p>\n    </p>', '', 2, 0, 0, 0, 1, '1457508640', 1),
(27, 1, '<p>\n      <strong>Choose the correct synonym of the words given below.</strong>\n      <br/>\n      Liberal\n    </p>', '', 1, 0, 0, 0, 1, '1457508644', 1),
(28, 1, '<p>\n      <strong>Choose the correct antonym of the words given below.</strong>\n      <br/>\n      Affirm\n    </p>', '', 1, 0, 0, 0, 1, '1457508651', 1),
(29, 1, '<p>\n      <strong>Choose the correct antonym of the words given below.</strong>\n      <br/>\n      Gallant\n    </p>', '', 1, 0, 0, 0, 1, '1457508688', 1),
(30, 1, '<p>\n      <strong>Choose the correct antonym of the words given below.</strong>\n      <br/>\n      Worried\n    </p>', '', 1, 0, 0, 0, 1, '1457508692', 1),
(31, 1, '<p>\n      <p>\n        <strong>Choose the correct word that best completes each sentence.</strong>\n        <br/>\n        Mrs. Sharma''s voice was\n        <inlineChoiceInteraction responseIdentifier="false" maxChoices="0" shuffle="false">\n          <inlineChoice identifier="i-207056">hoarse</inlineChoice>\n          <inlineChoice identifier="i-207057">horse</inlineChoice>\n          <inlineChoice identifier="i-207058">hours</inlineChoice>\n          <inlineChoice identifier="i-207059">our</inlineChoice>\n        </inlineChoiceInteraction>\n        by the time she finished reading all the test items.\n      </p>\n    </p>', '', 2, 0, 0, 0, 1, '1457508696', 1),
(32, 1, '<p>When N is divided by 4, the remainder is 3. What is the remainder when 2N is divided by 4?</p>', '<div>(a) N = 4Q + 3, where Q is the quotient</div>\n\n<div><span class="math-tex">\\(\\therefore\\)</span> 2N = 8Q + 6 = 4 Ã— 2Q + 4 + 2</div>\n\n<div>= 4(2Q + 1) + 2</div>\n\n<div><span class="math-tex">\\(\\Rightarrow\\)</span> Required remainder = 2.</div>', 1, 0, 0, 0, 1, '1457528533', 0),
(33, 1, '<p>\n      Evaluate:Â \n      <span class="math-tex">\\( \\frac{{1\\frac{1}{7}\\;--\\;\\frac{2}{3}\\; + \\;\\frac{{\\frac{2}{5}}}{{1\\;--\\;\\frac{1}{{25}}}}}}{{1\\;--\\;\\frac{1}{7}\\left( {\\frac{1}{3}\\; + \\;\\frac{{\\frac{2}{5}}}{{1\\;--\\;\\frac{2}{5}}}} \\right)}}. \\)</span>\n    </p>', '<div>(d)&nbsp;<span class="math-tex">\\(\n\\frac{{1\\frac{1}{7}\\;--\\;\\frac{2}{3}\\; + \\;\\frac{{\\frac{2}{5}}}{{1\\;--\\;\\frac{1}{{25}}}}}}{{1\\;--\\;\\frac{1}{7}\\left( {\\frac{1}{3}\\; + \\;\\frac{{\\frac{2}{5}}}{{1\\;--\\;\\frac{2}{5}}}} \\right)}}\\; = \\;\\frac{{\\frac{8}{7}\\;--\\;\\frac{2}{3}\\; + \\;\\frac{{\\frac{2}{5}}}{{\\frac{{24}}{{25}}}}}}{{1\\;--\\;\\frac{1}{7}\\left( {\\frac{1}{3}\\; + \\;\\frac{{\\frac{2}{5}}}{{\\frac{3}{5}}}} \\right)}}\n\n\\)</span></div>\n\n<div>=&nbsp;<span class="math-tex">\\(\n\\frac{{\\frac{8}{7}\\;--\\;\\frac{2}{3}\\; + \\;\\frac{2}{5}\\; \\times \\;\\frac{{25}}{{24}}}}{{1\\;--\\;\\frac{1}{7}\\left( {\\frac{1}{3}\\; + \\;\\frac{2}{3}} \\right)}}\n\n\\)</span></div>\n\n<div>=&nbsp;<span class="math-tex">\\(\n\\frac{{\\frac{8}{7}\\;--\\;\\frac{2}{3}\\; + \\;\\frac{5}{{12}}}}{{1\\;--\\;\\frac{1}{7}}}\\; = \\;\\frac{{\\frac{{96\\;--\\;56\\; + \\;35}}{{84}}}}{{\\frac{6}{7}}}\n\n\\)</span></div>\n\n<div>=&nbsp;<span class="math-tex">\\(\n\\frac{{75}}{{84}}\\; \\times \\;\\frac{7}{6}\\; = \\;\\frac{{25}}{{24}}\\; = \\;1\\frac{1}{{24}}.\n\n\\)</span></div>', 1, 0, 0, 0, 1, '1457528533', 0),
(34, 1, '<p>\n      What number should replace the question mark?\n      <br/>\n      <img alt="" src="images/1-14341792364211.jpg" style="height:117px; margin-bottom:10px; margin-top:10px; width:115px"/>\n    </p>', '<p>(a) In each row, out of the letters A, B and C, each of these must appear once. Also, in each column. The product of first and third numbers is equal to the second numbers, so the missing number will be (2 Ã— 4) i.e., 8 and the missing letter will be C. Thus, the answer is 8C.</p>', 1, 0, 0, 0, 1, '1457528533', 0),
(35, 1, '<p>The smallest number that must be added to 680621 to make the sum a perfect square is:</p>', '<div>(a)&nbsp;<img alt="" src="http://stcn-educore-mg127.staticmbx.com/static/magicbox/assessments/14341793658011.jpg" style="height:137px; margin-bottom:10px; margin-top:10px; width:101px" /></div>\n\n<div><span class="math-tex">\\(\\therefore\\)</span> Least number to be added to 680621 to make the sum a perfect square</div>\n\n<div>= (825)<sup>2</sup> â€“ 680621</div>\n\n<div>= 680625 â€“ 680621 = 4.</div>', 1, 0, 0, 0, 1, '1457528533', 0),
(36, 1, '<p>\n      If x +\n      <span class="math-tex">\\( \\frac{1}{x} \\)</span>\n      Â = 3, then the value of x\n      <sup>6</sup>\n      +\n      <span class="math-tex">\\( \\frac{1}{{x^6 }} \\)</span>\n      Â is:\n    </p>', '<div>(d) x + <span class="math-tex">\\(\n\\frac{1}{x}\n\n\\)</span>&nbsp;= 3 <span class="math-tex">\\(\\Rightarrow\\)</span> <span class="math-tex">\\(\n\\left( {x\\; + \\;\\frac{1}{x}} \\right)^3 \n\\)</span>&nbsp;= 33</div>\n\n<div><span class="math-tex">\\(\\Rightarrow\\)</span> x<sup>3</sup> + <span class="math-tex">\\(\n\\frac{1}{{x^3 }}\\; + \\;3\\left( {x\\; + \\;\\frac{1}{x}} \\right)\n\n\\)</span>&nbsp;= 27</div>\n\n<div><span class="math-tex">\\(\\Rightarrow\\)</span> x<sup>3</sup> + <span class="math-tex">\\(\n\\frac{1}{{x^3 }}\n\\)</span>&nbsp;+ 3 Ã— 3 = 27</div>\n\n<div><span class="math-tex">\\(\\Rightarrow\\)</span> x<sup>3</sup> + <span class="math-tex">\\(\n\\frac{1}{{x^3 }}\n\n\\)</span>&nbsp;= 18</div>\n\n<div>Now squaring both the sides,</div>\n\n<div><span class="math-tex">\\(\n\\left( {x^3 \\; + \\;\\frac{1}{{x^3 }}} \\right)^2 \n\n\\)</span>&nbsp;= 182</div>\n\n<div><span class="math-tex">\\(\\Rightarrow\\)</span> x<sup>6</sup> + 2 + <span class="math-tex">\\(\n\\frac{1}{{x^6 }}\n\n\\)</span>&nbsp;= 324</div>\n\n<div><span class="math-tex">\\(\\Rightarrow\\)</span> x<sup>6</sup> + <span class="math-tex">\\(\n\\frac{1}{{x^6 }}\n\n\\)</span>&nbsp;= 322.</div>', 1, 0, 0, 0, 1, '1457528533', 0),
(37, 1, '<p>The difference between the simple interest received from two different sources on Rs. 1500 for 3 years is Rs. 13.50. The difference between their rates of interests is:</p>', '<div>(c) Let the two rates of simple interests p.a. be&nbsp;x% and y%. Then,</div>\n\n<div><span class="math-tex">\\(\n\\frac{{1500\\; \\times \\;x\\; \\times \\;3}}{{100}}\\;-\\;\\frac{{1500\\; \\times \\;y\\; \\times \\;3}}{{100}}\n\n\\)</span>&nbsp;= 13.50</div>\n\n<div><span class="math-tex">\\(\\Rightarrow\\)</span> 45x â€“ 45y = 13.50 <span class="math-tex">\\(\\Rightarrow\\)</span> 45(x â€“ y) = 13.50</div>\n\n<div><span class="math-tex">\\(\\Rightarrow\\)</span> x â€“ y = <span class="math-tex">\\(\n\\frac{{13.50}}{{45}}\n\n\\)</span>&nbsp;= 0.3%.</div>', 1, 0, 0, 0, 1, '1457528533', 0),
(38, 1, '<p>The side of a rhombus is 10 cm and one diagonal isÂ 16 cm. The area of the rhombus is:</p>', '<div>(a) Since the diagonals of a rhombus bisect each other at right angles.</div>\n\n<div><img alt="" src="http://stcn-educore-mg127.staticmbx.com/static/magicbox/assessments/14341803766751.jpg" style="height:124px; margin-bottom:10px; margin-top:10px; width:168px" /></div>\n\n<div>In DAOB,</div>\n\n<div>BO<sup>2</sup> =&nbsp;<span class="math-tex">\\(\n\\sqrt {AB^2 \\;-\\;AO^2 } \n\n\\)</span></div>\n\n<div>= <span class="math-tex">\\(\n\\sqrt {100\\;-\\;64} \n\n\\)</span>&nbsp;cm = <span class="math-tex">\\(\n\\sqrt {36} \n\n\\)</span>&nbsp;cm = 6 cm</div>\n\n<div><span class="math-tex">\\(\\therefore\\)</span> The other diagonal = 2 Ã— 6 cm = 12 cm</div>\n\n<div><span class="math-tex">\\(\\therefore\\)</span> Area of the rhombus = <span class="math-tex">\\(\n\\frac{1}{2}\n\n\\)</span>&nbsp;Ã— 16 cm Ã— 12 cm = 96 cm<sup>2</sup>.</div>', 1, 0, 0, 0, 1, '1457528533', 0),
(39, 1, '<p>I am facing south. I turn right and walk 20 m. Then I turn right Â again and walk Â 10 m. Then I turn left and walkÂ 10 m and then turning right walk 20 m. Then I turn right again and walk 60 m. In which direction am I from the starting pointÂ </p>', '<div>(d) The movements of the person are from A to F, as shown in fig.</div>\n\n<div><img alt="" src="http://stcn-educore-mg127.staticmbx.com/static/magicbox/assessments/14341806196611.jpg" style="margin-bottom:10px; margin-top:10px" /></div>\n\n<div>Clearly, the final position is F which is to the north east of the starting point A.</div>', 1, 0, 0, 0, 1, '1457528533', 0),
(40, 1, '<div>Give the next number in this series :</div><div>220, 200, 100, 80, 40, 20, ?</div>', '<p>(b) â€“20, x/2, â€“20, x/2, â€“20, x/2</p>', 1, 0, 0, 0, 1, '1457528533', 0),
(41, 1, '<p>\n      <span class="math-tex">\\( \\left( {64} \\right)^{\\frac{{-2}}{3}} \\; \\times \\;\\left( {\\frac{1}{4}} \\right)^{-3} \\)</span>\n      Â  equals\n    </p>', '<div>(c)&nbsp;<span class="math-tex">\\(\n\\left( {64} \\right)^{\\frac{{-2}}{3}} \\; \\times \\;\\left( {\\frac{1}{4}} \\right)^{-3} \\; = \\;\\left( {4^3 } \\right)^{\\frac{{-2}}{3}} \\; \\times \\;\\left( {4^{-1} } \\right)^{-3} \n\n\\)</span></div>\n\n<div>= 4<sup>â€“2</sup> Ã— 4<sup>3</sup> = 4<sup>â€“2 + 3</sup> = 4<sup>1</sup> = 4</div>', 1, 0, 0, 0, 1, '1457528533', 0),
(42, 1, '<p>\n      A person spends\n      <span class="math-tex">\\( \\frac{1}{3} \\)</span>\n      Â of the money with him on clothes,\n      <span class="math-tex">\\( \\frac{1}{5} \\)</span>\n      Â of the remaining on food and\n      <span class="math-tex">\\( \\frac{1}{4} \\)</span>\n      Â of the remaining on travel. Now, he is left with Rs. 100. How much did he have with him in the beginning?\n    </p>', '<div>(b) Let the total money with the person be Rs. &nbsp;x</div>\n\n<div>Then, money spent on clothes =&nbsp;Rs.&nbsp;<span class="math-tex">\\(\n\\frac{x}{3}\n\n\\)</span></div>\n\n<div>Remaining money =&nbsp;<span class="math-tex">\\(\nRs. \\,\\left( {x\\;-\\;\\frac{x}{3}} \\right)\\; = \\;Rs.\\;\\,\\frac{{2x}}{3}\n\n\\)</span></div>\n\n<div><span class="math-tex">\\(\\therefore\\)</span> Money spent on food =&nbsp;<span class="math-tex">\\(\n\\frac{1}{5}\\; \\times \\,\\,{\\rm{Rs}}{\\rm{.}}\\;\\,\\frac{{2x}}{3}\\; = \\;{\\rm{Rs}}{\\rm{.}}\\,\\frac{{2x}}{{15}}\n\n\\)</span></div>\n\n<div>Now, remaining money =&nbsp;<span class="math-tex">\\(\n\\frac{{2x}}{3}\\;-\\;\\frac{{2x}}{{15}}\\; = \\;{\\rm{Rs}}{\\rm{.}}\\,\\frac{{8x}}{{15}}\n\n\\)</span></div>\n\n<div><span class="math-tex">\\(\\therefore\\)</span> Money spent on travel =&nbsp;<span class="math-tex">\\(\\frac{1}{4}\\; \\times \\;{\\rm{Rs}}{\\rm{.}} \\,\\frac{{8x}}{{15}}\\; = \\;{\\rm{Rs}}{\\rm{.}}\\,\\frac{{2x}}{{15}}\n\n\\)</span></div>\n\n<div>Given, <span class="math-tex">\\(\n\\frac{x}{3}\\; + \\;\\frac{{2x}}{{15}}\\; + \\;\\frac{{2x}}{{15}}\n\n\\)</span>&nbsp;+ 100 = x</div>\n\n<div><span class="math-tex">\\(\\Rightarrow\\)</span>&nbsp;<span class="math-tex">\\(\n\\frac{{5x\\; + \\;2x\\; + \\;2x\\; + \\;1500}}{{15}}\n\\)</span> = x</div>\n\n<div><span class="math-tex">\\(\\Rightarrow\\)</span> 9x + 1500 = 15x <span class="math-tex">\\(\\Rightarrow\\)</span> 6x = 1500</div>\n\n<div><span class="math-tex">\\(\\Rightarrow\\)</span> x = <span class="math-tex">\\(\n\\frac{{1500}}{6}\n\n\\)</span>&nbsp;= Rs. 250.</div>', 1, 0, 0, 0, 1, '1457528533', 0),
(43, 1, '<p>\n      Rs. 2010 are to be divided among A, B and C in such a way that if A gets Rs. 5, than B must get Rs. 12 and if B getsÂ \n      <br/>\n      Rs. 4, then C must get Rs. 5.50. The share of C will exceed that of B by\n    </p>', '<div>(d) A : B = 5 : 12</div>\n\n<div>B : C = 4 : 5.5 = 12 : 16.5</div>\n\n<div><span class="math-tex">\\(\\Rightarrow\\)</span> A : B : C = 5 : 12 : 16.5</div>\n\n<div><span class="math-tex">\\(\\therefore\\)</span> The share of C will exceed that of B by</div>\n\n<div><span class="math-tex">\\(\n\\frac{{\\left( {16.5\\;--\\;12} \\right)}}{{5\\; + \\;12\\; + \\;16.5}}\n\\)</span>&nbsp;Ã— Rs. 2010 = <span class="math-tex">\\(\n\\frac{{4.5\\; \\times \\;2010}}{{33.5}}\n\n\\)</span>&nbsp;= Rs. 270</div>', 1, 0, 0, 0, 1, '1457528533', 0),
(44, 1, '<p>\n      ABCD is a rectangle. Find x.\n      <br/>\n      <img alt="" src="images/2-14341816852921.jpg" style="margin-bottom:10px; margin-top:10px"/>\n    </p>', '<div>(d) Diagonals of a rectangle are equal and bisect</div>\n\n<div>each other.</div>\n\n<div><span class="math-tex">\\(\\therefore\\)</span> In <span class="math-tex">\\(\\Delta\\)</span>AOB, <span class="math-tex">\\(\\angle\\)</span>AOB = 162Â° â€“ 3x (vert. opp. <span class="math-tex">\\(\\angle\\)</span>s)</div>\n\n<div><span class="math-tex">\\(\\angle\\)</span>OBA = <span class="math-tex">\\(\\angle\\)</span>OAB = 2x ( <span class="math-tex">\\(\\because\\)</span>&nbsp;OA = OB)</div>\n\n<div><span class="math-tex">\\(\\therefore\\)</span> <span class="math-tex">\\(\\angle\\)</span>AOB +&nbsp;<span class="math-tex">\\(\\angle\\)</span>OBA + <span class="math-tex">\\(\\angle\\)</span>OAB = 180Â°</div>\n\n<div><span class="math-tex">\\(\\Rightarrow\\)</span> 162Â° â€“ 3x + 2x + 2x = 180Â°</div>\n\n<div><span class="math-tex">\\(\\Rightarrow\\)</span> x = 18Â°.</div>', 1, 0, 0, 0, 1, '1457528533', 0),
(45, 1, '<p>\n      The volume of a right circular cylinder whose height is\n      <br/>\n      40 cm and the circumference of its base is 66 cm is\n    </p>', '<div>(d) Given, 2<span class="math-tex">\\(\\pi\\)</span>r = 66</div>\n\n<div><span class="math-tex">\\(\\Rightarrow\\)</span> r = <span class="math-tex">\\(\n\\frac{{66\\; \\times \\;7}}{{2\\; \\times \\;22}}\\; = \\;\\frac{{21}}{2}\n\n\\)</span>&nbsp;cm</div>\n\n<div><span class="math-tex">\\(\\therefore\\)</span> V = <span class="math-tex">\\(\\pi\\)</span>r<sup>2</sup> h = <span class="math-tex">\\(\n\\frac{{22}}{7}\\; \\times \\;\\frac{{21}}{2}\\; \\times \\;\\frac{{21}}{2}\n\n\\)</span>&nbsp;Ã— 40 = 13860 cm<sup>3</sup>.</div>', 1, 0, 0, 0, 1, '1457528533', 0),
(46, 1, '<p>\n      What number should replace the question mark?\n      <br/>\n      <img alt="" src="images/3-14341822397631.jpg" style="background-color:rgb(255, 255, 255); font-size:14px; height:79px; margin-bottom:10px; margin-top:10px; width:298px"/>\n    </p>', '<div>(d) We have : (3 Ã— 4 Ã— 2 Ã— 5) Ã· 10 = 12 ;&nbsp;</div>\n\n<div>(6 Ã— 2 Ã— 3 Ã— 5) Ã· 10 = 18.</div>\n\n<div>So, missing number = (2 Ã— 2 Ã— 9 Ã— 5) Ã· 10 = 18</div>', 1, 0, 0, 0, 1, '1457528533', 0),
(47, 1, '<p>What is the sum of two numbers whose difference is 45 and the quotient of the greater number by the lesser number is 4?</p>', '<div>(d) Let the lesser number be x. Then,</div>\n\n<div>Greater number = x + 45</div>\n\n<div>Given, <span class="math-tex">\\(\n\\frac{{x\\; + \\;45}}{x}\n\n\\)</span>&nbsp;= 4</div>\n\n<div><span class="math-tex">\\(\\Rightarrow\\)</span> x + 45 = 4x</div>\n\n<div><span class="math-tex">\\(\\Rightarrow\\)</span> 3x = 45 <span class="math-tex">\\(\\Rightarrow\\)</span> x = 15</div>\n\n<div>Then, required sum = x + x + 45 = 30 + 45 = 75</div>', 1, 0, 0, 0, 1, '1457528533', 0),
(48, 1, '<p>\n      A man first sold\n      <span class="math-tex">\\( \\frac{2}{3}{\\rm{rd}} \\)</span>\n      Â of his total quantity of rice andÂ 100 kg. Again he sold\n      <span class="math-tex">\\( \\frac{1}{2} \\)</span>\n      Â of the remaining quantity andÂ 100 kg. If the total remaining quantity of the stock isÂ 150 kg. Then, what was the original stock of rice?\n    </p>', '<div>(b) Let the original stock of rice be x kg.</div>\n\n<div>Parts of the stock sold first time =&nbsp;<span class="math-tex">\\(\n\\left( {\\frac{{2x}}{3}\\; + \\;100} \\right)\\;\\,{\\rm{kg}}\n\n\\)</span></div>\n\n<div><span class="math-tex">\\(\\therefore\\)</span> Remaining stock =&nbsp;<span class="math-tex">\\(\n\\left[ {x\\;-\\;\\left( {\\frac{{2x}}{3}\\; + \\;100} \\right)} \\right]\\;\\,{\\rm{kg}}\n\n\\)</span></div>\n\n<div>=&nbsp;<span class="math-tex">\\(\n\\left( {\\frac{x}{3}\\;--\\;100} \\right)\\;\\,{\\rm{kg}}\n\n\\)</span></div>\n\n<div>Part of the stock sold second time</div>\n\n<div>=&nbsp;<span class="math-tex">\\(\n\\left[ {\\frac{1}{2}\\left( {\\frac{x}{3}\\;--\\;100} \\right)\\; + \\;100} \\right]\n\n\\)</span></div>\n\n<div>=&nbsp;<span class="math-tex">\\(\n\\left( {\\frac{x}{6}\\;--\\;50\\; + \\;100} \\right)\\;\\,{\\rm{kg}}\\; = \\;\\left( {\\frac{x}{6}\\; + \\;50} \\right)\\;\\,{\\rm{kg}}\n\n\\)</span></div>\n\n<div><span class="math-tex">\\(\\therefore\\)</span> Remaining stock =&nbsp;<span class="math-tex">\\(\n\\left( {\\frac{x}{3}\\;-\\;100} \\right)\\;-\\;\\left( {\\frac{x}{6}\\; + \\;50} \\right)\n\n\\)</span></div>\n\n<div>=&nbsp;<span class="math-tex">\\(\n\\left( {\\frac{x}{3}\\;-\\;\\frac{x}{6}\\;-\\;100\\;-\\;50} \\right)\\;\\,{\\rm{kg}}\\; = \\;\\left( {\\frac{x}{6}\\;-\\;50} \\right)\\;\\,{\\rm{kg}}\n\n\\)</span></div>\n\n<div>Given, <span class="math-tex">\\(\n\\frac{x}{6}\n\n\\)</span>&nbsp;â€“ 150 = 150</div>\n\n<div><span class="math-tex">\\(\\Rightarrow\\)</span>&nbsp;<span class="math-tex">\\(\n\\frac{x}{6}\n\\)</span> &nbsp;= 300 <span class="math-tex">\\(\\Rightarrow\\)</span> x = 1800 kg.</div>', 1, 0, 0, 0, 1, '1457528533', 0),
(49, 1, '<p>Find the greatest number of five digits which become exactly divisible by 10, 12, 15 and 18 when 3769 is added to it.</p>', '<div>(b) LCM of (10, 12, 15 and 18)</div>\n\n<div>= 2 Ã— 3 Ã— 5 Ã— 2 Ã— 3 = 180</div>\n\n<div><img alt="" src="http://stcn-educore-mg127.staticmbx.com/static/magicbox/assessments/14341831260061.jpg" style="margin-bottom:10px; margin-top:10px" /></div>\n\n<div>The greatest five digit number = 99999</div>\n\n<div>Dividing (99999 + 3769) = 103768 by 180, we get:</div>\n\n<div><img alt="" src="http://stcn-educore-mg127.staticmbx.com/static/magicbox/assessments/14341831448161.jpg" style="height:168px; margin-bottom:10px; margin-top:10px; width:83px" /></div>\n\n<div>Remainder = 88</div>\n\n<div><span class="math-tex">\\(\\therefore\\)</span> Required number = 99999 â€“ 88 = 99911.</div>', 1, 0, 0, 0, 1, '1457528533', 0),
(50, 1, '<p>\n      If 3a = 4b = 6c and a + b + c =\n      <span class="math-tex">\\( 27\\sqrt {29} , \\)</span>\n      Â then\n      <span class="math-tex">\\( \\sqrt {a^2 \\; + \\;b^2 \\; + \\;c^2 } \\)</span>\n      Â is:\n    </p>', '<div>(c) 3a = 4b = 6c <span class="math-tex">\\(\\Rightarrow\\)</span> 4b = 6c <span class="math-tex">\\(\\Rightarrow\\)</span> b =&nbsp;<span class="math-tex">\\(\n\\frac{3}{2}{\\rm{c}}\n\\)</span></div>\n\n<div>and 3a = 4b <span class="math-tex">\\(\\Rightarrow\\)</span> a = <span class="math-tex">\\(\n\\frac{4}{3}{\\rm{b}}\\; = \\;\\frac{4}{3}\\; \\times \\;\\frac{3}{2}{\\rm{c}}\n\n\\)</span>&nbsp;= 2c</div>\n\n<div><span class="math-tex">\\(\\therefore\\)</span> a + b + c =&nbsp;<span class="math-tex">\\(\n27\\sqrt {29} \n\\)</span></div>\n\n<div><span class="math-tex">\\(\\Rightarrow\\)</span> 2c + <span class="math-tex">\\(\n\\frac{3}{2}{\\rm{c}}\n\n\\)</span>&nbsp;+ c =&nbsp;<span class="math-tex">\\(\n27\\sqrt {29} \n\n\\)</span></div>\n\n<div><span class="math-tex">\\(\\Rightarrow\\)</span>&nbsp;<span class="math-tex">\\(\n\\frac{9}{2}{\\rm{c}}\\; = \\;27\\sqrt {29} \n\\)</span> &nbsp;<span class="math-tex">\\(\\Rightarrow\\)</span> c =&nbsp;<span class="math-tex">\\(\n6\\sqrt {29} \n\n\\)</span></div>\n\n<div>Now,&nbsp;<span class="math-tex">\\(\n\\sqrt {a^2 \\; + \\;b^2 \\; + \\;c^2 } \n\n\\)</span></div>\n\n<div>=&nbsp;<span class="math-tex">\\(\n\\sqrt {\\left( {a\\; + \\;b\\; + \\;c} \\right)^2 \\;-\\;2\\left( {ab\\; + \\;bc\\; + \\;ca} \\right)} \n\n\\)</span></div>\n\n<div>=&nbsp;<span class="math-tex">\\(\n\\sqrt {\\left( {27\\sqrt {29} } \\right)^2 \\;-\\;2\\left( {2c\\; \\times \\;\\frac{3}{2}c\\; + \\;\\frac{3}{2}c\\; \\times \\;c\\; + \\;c\\; \\times \\;2c} \\right)} \n\n\\)</span></div>\n\n<div>=&nbsp;<span class="math-tex">\\(\n\\sqrt {729\\; \\times \\;29\\;-\\;2\\left( {3c^2 \\; + \\;\\frac{3}{2}c^2 \\; + \\;2c^2 } \\right)} \n\\)</span></div>\n\n<div>=&nbsp;<span class="math-tex">\\(\n\\sqrt {729\\; \\times \\;29\\;-\\;2\\; \\times \\;\\frac{{13c^2 }}{2}} \n\n\\)</span></div>\n\n<div>=&nbsp;<span class="math-tex">\\(\n\\sqrt {729\\; \\times \\;29\\;-\\;13\\; \\times \\;\\left( {6\\sqrt {29} } \\right)^2 } \n\n\\)</span></div>\n\n<div>=&nbsp;<span class="math-tex">\\(\n\\sqrt {29\\left( {729\\;-\\;468} \\right)} \\; = \\;\\sqrt {29\\; \\times \\;261} \\; = \\;\\sqrt {29\\; \\times \\;29\\; \\times \\;9} \n\n\\)</span></div>\n\n<div>= 29 Ã— 3 = 87.</div>', 1, 0, 0, 0, 1, '1457528533', 0),
(51, 1, '<p>\n      What number comes next ?\n      <br/>\n      1, 1, 3, 6, 5, 11, 7, ?\n    </p>', '<p>(a) There are two alternate sequences that increase by 2 and 5, respectively, i.e., 1, 3, 5, 7 and 1, 6, 11, 16.</p>', 1, 0, 0, 0, 1, '1457528533', 0),
(52, 1, '<p>\n      <span class="math-tex">\\( \\left( {\\frac{1}{{64}}} \\right)^0 \\; + \\;\\left( {64} \\right)^{\\frac{{-1}}{2}} \\; + \\;\\left( {32} \\right)^{\\frac{4}{5}} \\;-\\;\\left( {32} \\right)^{\\frac{{-4}}{5}} \\)</span>\n      Â is equal to\n    </p>', '<div>(c) Given expression:</div>\n\n<div>=&nbsp;<span class="math-tex">\\(\n1\\; + \\;\\left( {8^2 } \\right)^{-\\frac{1}{2}} \\; + \\;\\left( {2^5 } \\right)^{\\frac{4}{5}} \\;-\\;\\left( {2^5 } \\right)^{-\\frac{4}{5}} \n\n\\)</span></div>\n\n<div>= 1 + 8<sup>â€“1</sup> + 24 â€“ 2<sup>â€“4</sup></div>\n\n<div>=&nbsp;<span class="math-tex">\\(\n1\\; + \\;\\frac{1}{8}\\; + \\;16\\;-\\;\\frac{1}{{16}}\\; = \\;\\frac{{16\\; + \\;2\\; + \\;256\\;-\\;1}}{{16}}\n\n\\)</span></div>\n\n<div>=&nbsp;<span class="math-tex">\\(\n\\frac{{273}}{{16}}\\; = \\;17\\frac{1}{{16}}.\n\n\\)</span></div>', 1, 0, 0, 0, 1, '1457528533', 0),
(53, 1, '<p>\n      The factors of 625a\n      <sup>12</sup>\n      â€“ 81b\n      <sup>12</sup>\n      are:\n    </p>', '<div>(a) 625a<sup>12</sup> â€“ 81b<sup>12</sup></div>\n\n<div>= (25a<sup>6</sup>)<sup>2</sup> â€“ (9b<sup>6</sup>)<sup>2</sup></div>\n\n<div>= (25a<sup>6</sup> â€“ 9b<sup>6</sup>) (25a<sup>6</sup> + 9b<sup>6</sup>)</div>\n\n<div>= [(5a<sup>3</sup>)<sup>2</sup> â€“ (3b<sup>3</sup>)<sup>2</sup>] (25a<sup>6</sup> + 9b<sup>6</sup>)</div>\n\n<div>= (5a<sup>3</sup> â€“ 3b<sup>3</sup>) (5a<sup>3</sup> + 3b<sup>3</sup>) (25a<sup>6</sup> + 9b<sup>6</sup>)</div>', 1, 0, 0, 0, 1, '1457528533', 0),
(54, 1, '<p>If I would have purchased 11 articles for Rs.10 and sold all the articles at the rate of Rs. 11 for 10, the profit per cent would have been</p>', '<div>(c) C.P. of 11 articles = Rs. 10</div>\n\n<div>C.P. of 1 article =&nbsp;<span class="math-tex">\\(\n{\\rm{Rs}}{\\rm{.}}\\;\\frac{{10}}{{11}}\n\n\\)</span></div>\n\n<div>S.P. of 10 articles = &nbsp;Rs.11</div>\n\n<div><span class="math-tex">\\(\\Rightarrow\\)</span> S.P. of 1 article =&nbsp;<span class="math-tex">\\(\n{\\rm{Rs}}{\\rm{.}}\\,\\frac{{11}}{{10}}\n\\)</span></div>\n\n<div><span class="math-tex">\\(\\therefore\\)</span> Profit % =&nbsp;<span class="math-tex">\\(\n\\frac{{\\frac{{11}}{{10}}\\;--\\;\\frac{{10}}{{11}}}}{{\\frac{{10}}{{11}}}}\\; \\times \\;100\\; = \\;\\frac{{\\frac{{121\\;--\\;100}}{{110}}}}{{\\frac{{10}}{{11}}}}\\; \\times \\;100\n\n\\)</span></div>\n\n<div>&nbsp; &nbsp; &nbsp; &nbsp; &nbsp; = <span class="math-tex">\\(\n\\frac{{21\\; \\times \\;11}}{{110\\; \\times \\;10}}\n\n\\)</span>&nbsp;Ã— 100 = 21%.</div>', 1, 0, 0, 0, 1, '1457528533', 0),
(55, 1, '<p>A rectangular field is half as wide as it is long and is completely enclosed by x metre of fencing. What is the area of the field?</p>', '<div>(d) Let the breadth of the rectangular field be a m.</div>\n\n<div>Then, its length = 2a m</div>\n\n<div>Given, 2(2a + a) = x</div>\n\n<div><span class="math-tex">\\(\\Rightarrow\\)</span> 6a = x <span class="math-tex">\\(\\Rightarrow\\)</span> a = <span class="math-tex">\\(\n\\frac{x}{6}\n\n\\)</span>&nbsp;m</div>\n\n<div><span class="math-tex">\\(\\therefore\\)</span> Length = 2a = 2 Ã—<span class="math-tex">\\(\n\\frac{x}{6}\\; = \\;\\frac{x}{3}\n\n\\)</span> m</div>\n\n<div><span class="math-tex">\\(\\therefore\\)</span> Area of the rectangular field = <span class="math-tex">\\(\n\\frac{x}{3}\\; \\times \\;\\frac{x}{6}\\; = \\;\\frac{{x^2 }}{{18}}\n\n\\)</span>&nbsp;m<sup>2</sup>.</div>', 1, 0, 0, 0, 1, '1457528533', 0),
(56, 1, '<p>The cross-section of a canal is in the shape of trapezium. The canal is 15 m wide at the top and 9 m wide at the bottom. If the area of the cross-section is 720 m2, then the depth of the canal is:</p>', '<div>(d) Area of cross-section = 720 m<sup>2</sup></div>\n\n<div><img alt="" src="http://stcn-educore-mg127.staticmbx.com/static/magicbox/assessments/14341874605361.jpg" style="height:129px; margin-bottom:10px; margin-top:10px; width:178px" /></div>\n\n<div><span class="math-tex">\\(\\Rightarrow\\)</span>&nbsp;<span class="math-tex">\\(\n\\frac{1}{2}\n\n\\)</span> Ã— (9 m + 15 m) Ã— d = 720</div>\n\n<div><span class="math-tex">\\(\\Rightarrow\\)</span> d = <span class="math-tex">\\(\n\\frac{{720\\; \\times \\;2}}{{24}}\n\\)</span>&nbsp;m = 60 m.</div>', 1, 0, 0, 0, 1, '1457528533', 0),
(57, 1, '<div>Read all the conclusions and then decide which one of the given conclusions logically follows from the three given statements, disregarding commonly known facts.</div><div>\n      <strong>Statements â€“Â </strong>\n    </div><div>Some cups are slates . All slates are apples . No apples is car.</div><div>I. Â  Some cars are slatesÂ </div><div>II. Some cups are carsÂ </div><div>III. Â  Some apples are cupsÂ </div><div>IV. No car is cupÂ </div>', '<div>(d) <img alt="" src="http://stcn-educore-mg127.staticmbx.com/static/magicbox/assessments/14341881864641.jpg" style="margin-bottom:10px; margin-top:10px" />&nbsp;Or &nbsp;<img alt="" src="http://stcn-educore-mg127.staticmbx.com/static/magicbox/assessments/14341882935141.jpg" style="height:87px; margin-bottom:10px; margin-top:10px; width:114px" /></div>\n\n<div>Either conclusion II or IV and III follows.&nbsp;</div>', 1, 0, 0, 0, 1, '1457528533', 0),
(58, 1, '<div>If 20 â€“ 10 means 200, 8 Ã· 4 means 12, 6 Ã— 2 means 4 thenÂ </div><div>100 â€“ 10 Ã— 1000 Ã· 1000 + 100 Ã— 10 = ?</div>', '<div>(a) Given that : 20 â€“ 10 = 200.&nbsp;</div>\n\n<div>But, actually 20 Ã— 10 = 200, so â€“ means Ã—.&nbsp;</div>\n\n<div>Given that 8 Ã· 4 = 12, But actually 8 + 4 = 12.&nbsp;</div>\n\n<div>So, &nbsp;means +.&nbsp;</div>\n\n<div>Given that : 6 Ã— 2 = 4 But actually 6 â€“ 2 = 4.&nbsp;</div>\n\n<div>So,Ã— means &nbsp;â€“</div>\n\n<div>Thus, in the given mathematical language â€“ means Ã—,&nbsp;</div>\n\n<div>Ã· means + and Ã— means â€“ So, Ã· Given expression&nbsp;</div>\n\n<div>= 100 Ã— 10 â€“ 1000 + 1000 &nbsp;100 â€“ 10&nbsp;</div>\n\n<div>= 1000 â€“ 1000 + 10 â€“ 10 = 0.</div>', 1, 0, 0, 0, 1, '1457528533', 0),
(59, 1, '<p>A cube having Â each side of unit length is cut into two parts by a plane through two diagonals of two opposite faces. What is the total surface area of each of these parts?</p>', '<div>(a) Total surface area of the cube = 6a<sup>2</sup> = 6 Ã— 1<sup>2</sup></div>\n\n<div>= 6 sq. units</div>\n\n<div><img alt="" src="http://stcn-educore-mg127.staticmbx.com/static/magicbox/assessments/14341886699151.jpg" style="height:141px; width:190px" /></div>\n\n<div>DB =&nbsp;<span class="math-tex">\\(\n\\sqrt {AD^2  + AB^2 }  = \\sqrt {1 + 1}  = \\sqrt 2 \n\\)</span></div>\n\n<div>Surface area of the section DBFH</div>\n\n<div>= DB Ã— BF &nbsp;= <span class="math-tex">\\(\n\\sqrt 2 \n\n\\)</span>&nbsp;Ã— 1 sq. units</div>\n\n<div>= &nbsp;<span class="math-tex">\\(\n\\sqrt 2 \n\n\\)</span> sq. units</div>\n\n<div><span class="math-tex">\\(\\therefore\\)</span> &nbsp;Total surface area of one part =&nbsp;<span class="math-tex">\\(\n\\frac{6}{2} + \\sqrt 2 \n\n\\)</span></div>\n\n<div>=&nbsp;<span class="math-tex">\\(\n(3 + \\sqrt 2 ){\\rm{ sq}}{\\rm{. units}}\n\n\\)</span></div>', 1, 0, 0, 0, 1, '1457528533', 0),
(60, 1, '<p>If a clock strikes 12 in 33 seconds, it will strike 6 in how many seconds?</p>', '<div>(b) In order to strike 12, there are 11 intervals of equal time&nbsp;<span class="math-tex">\\(\n{\\rm{ = }}\\frac{{{\\rm{33}}}}{{{\\rm{11}}}}\\,{\\rm{ = }}\\,{\\rm{3}}\\;{\\rm{seconds}}\\;{\\rm{each}}\n\n\\)</span></div>\n\n<div>Therefore, to strike 6 it has 5 equal intervals, it requires 5 Ã— 3 = 15 sec.</div>', 1, 0, 0, 0, 1, '1457528533', 0),
(61, 1, '<div>Which of the following numbers is the least?</div><div>\n      (0.5)\n      <sup>2</sup>\n      ,\n      <span class="math-tex">\\( \\sqrt {0.49} ,\\;\\,\\sqrt[3]{{0.008}}, \\)</span>\n      Â 0.23\n    </div>', '<div>(c) (0.5)<sup>2</sup> = 0.25; &nbsp;<span class="math-tex">\\(\n\\sqrt {0.49} \n\n\\)</span> = 0.7; <span class="math-tex">\\(\n\\sqrt[3]{{0.008}}\n\n\\)</span>&nbsp;= 0.2; 0.23</div>\n\n<div>Arranging in ascending order the numbers are:</div>\n\n<div>0.2, 0.23, 0.25, 0.7</div>\n\n<div><span class="math-tex">\\(\\therefore\\)</span>&nbsp;<span class="math-tex">\\(\n\\sqrt[3]{{0.008}}\n\n\\)</span> = 0.2 is the least.</div>', 1, 0, 0, 0, 1, '1457528533', 0),
(62, 1, '<p>Find the least number which when divided by 12, 24, 36 and 40 leaves a remainder 1, but when divided by 7 leaves no remainder.</p>', '<div>(c) L.C.M. of 12, 24, 36 and 40 = 360</div>\n\n<div>Any number which when divided by 12, 24, 36 and 40 leaving a remainder 1 is of the form 360k + 1.</div>\n\n<div>Now, we have to find the least value of k for which 360k + 1 is divisible by 7.</div>\n\n<div><img alt="" src="http://stcn-educore-mg127.staticmbx.com/static/magicbox/assessments/14341895834541.jpg" style="height:88px; margin-bottom:10px; margin-top:10px; width:80px" /></div>\n\n<div>By inspection, we find that for k = 2,</div>\n\n<div>3 Ã— 2 + 1 = 7</div>\n\n<div><span class="math-tex">\\(\\therefore\\)</span> Required number = 360 Ã— 2 + 1 = 721.</div>', 1, 0, 0, 0, 1, '1457528533', 0),
(63, 1, '<p>\n      The remainder obtained on dividing the polynomialÂ \n      <br/>\n      3x\n      <sup>4</sup>\n      â€“ 4x\n      <sup>3</sup>\n      â€“ 3x â€“ 1 by (x â€“ 1) is:\n    </p>', '<p>(c) <img alt="" src="http://stcn-educore-mg127.staticmbx.com/static/magicbox/assessments/14341897597001.jpg" style="margin-bottom:10px; margin-top:10px" /></p>', 1, 0, 0, 0, 1, '1457528533', 0),
(64, 1, '<p>\n      Factorise: a\n      <sup>4</sup>\n      â€“ 20a\n      <sup>2</sup>\n      + 64.\n    </p>', '<div>(a) a<sup>4</sup> â€“ 20a<sup>2</sup> + 64</div>\n\n<div>= a<sup>4</sup> â€“ 16a<sup>2</sup> â€“ 4a<sup>2</sup> + 64</div>\n\n<div>= a<sup>2</sup> (a<sup>2</sup> â€“ 16) â€“ 4(a<sup>2 </sup>â€“ 16)</div>\n\n<div>= (a<sup>2</sup> â€“ 16) (a<sup>2</sup> â€“ 4)</div>\n\n<div>= (a + 4) (a â€“ 4) (a + 2) (a â€“ 2)</div>', 1, 0, 0, 0, 1, '1457528533', 0),
(65, 1, '<p>\n      My grandfather was 8 times older to me 16 years ago.\n      <br/>\n      He would be 3 time of my age 8 years from now.\n      <br/>\n      Eight years ago, what was the ratio of my age to that of my grandfather?\n    </p>', '<div>(d) Let my age 16 years ago be x years</div>\n\n<div>Then, my grandfatherâ€™s age 16 years ago = 8x years</div>\n\n<div>At present,</div>\n\n<div>My age = (x + 16) years</div>\n\n<div>Grandfatherâ€™s age = (8x + 16) years</div>\n\n<div>8 years from now,</div>\n\n<div>My age = (x + 16 + 8) years</div>\n\n<div>= (x â€“ 24) &nbsp;years</div>\n\n<div>Grandfatherâ€™s age = (8x + 16 + 8) years</div>\n\n<div>= (8x + 24) years</div>\n\n<div>Given, 8x + 24 = 3(x + 24)</div>\n\n<div><span class="math-tex">\\(\\Rightarrow\\)</span> 8x + 24 = 3x + 72 <span class="math-tex">\\(\\Rightarrow\\)</span> 5x = 48</div>\n\n<div><span class="math-tex">\\(\\Rightarrow\\)</span> x = <span class="math-tex">\\(\n\\frac{{48}}{8}\n\n\\)</span>&nbsp;= 9.6 years</div>\n\n<div><span class="math-tex">\\(\\therefore\\)</span> My age 16 years ago = 9.6 years</div>\n\n<div>Grandfatherâ€™s age 16 years ago = 8 Ã— 9.6 years</div>\n\n<div>= 76.8 years</div>\n\n<div>Required ratio = <span class="math-tex">\\(\n\\frac{{9.6\\; + \\;8}}{{76.8\\; + \\;8}}\\; = \\;\\frac{{17.6}}{{84.8}}\\; = \\;\\frac{{11}}{{53}}\n\n\\)</span>&nbsp;= 11 : 53.</div>', 1, 0, 0, 0, 1, '1457528533', 0),
(66, 1, '<p>\n      Find a if a â€“ 3 =Â \n      <span class="math-tex">\\( \\frac{{10}}{a}. \\)</span>\n    </p>', '<div>(b) a â€“ 3 = <span class="math-tex">\\(\n\\frac{{10}}{a}\n\n\\)</span>&nbsp; <span class="math-tex">\\(\\Rightarrow\\)</span> a<sup>2</sup> â€“ 3a = 10</div>\n\n<div><span class="math-tex">\\(\\Rightarrow\\)</span> a<sup>2</sup> â€“ 3a â€“ 10 = 0</div>\n\n<div><span class="math-tex">\\(\\Rightarrow\\)</span> a<sup>2</sup> â€“ 5a + 2a â€“ 10 = 0</div>\n\n<div><span class="math-tex">\\(\\Rightarrow\\)</span> a(a â€“ 5) + 2(a â€“ 5) = 0</div>\n\n<div><span class="math-tex">\\(\\Rightarrow\\)</span> (a â€“ 5) (a + 2) = 0</div>\n\n<div><span class="math-tex">\\(\\Rightarrow\\)</span> a â€“ 5 = 0 or a + 2 = 0</div>\n\n<div><span class="math-tex">\\(\\Rightarrow\\)</span> a = 5, â€“2.</div>', 1, 0, 0, 0, 1, '1457528533', 0),
(67, 1, '<p>The price of an article is reduced by 25% but the daily sale of the article is increased by 30%. The net effect on the daily sale receipts is:</p>', '<div>(a) Let the price of the article be Rs. x and daily sale be y units.</div>\n\n<div>Then, daily sale receipts = Rs.xy</div>\n\n<div>Reduced price of the article = Rs.&nbsp;<span class="math-tex">\\(\n\\frac{3}{4}x\n\n\\)</span></div>\n\n<div>Increased daily sale = Rs.&nbsp;<span class="math-tex">\\(\n\\frac{{13}}{{10}}y\n\\)</span></div>\n\n<div><span class="math-tex">\\(\\therefore\\)</span> Daily sale receipts = Rs.&nbsp;<span class="math-tex">\\(\n\\frac{3}{4}x\\; \\times \\;\\frac{{13}}{{10}}y\n\n\\)</span> = Rs.&nbsp;<span class="math-tex">\\(\n\\frac{{39}}{{40}}xy\n\\)</span></div>\n\n<div><span class="math-tex">\\(\\therefore\\)</span> % reduction = <span class="math-tex">\\(\n\\frac{{xy\\;--\\;\\frac{{39}}{{40}}xy}}{{xy}}\n\n\\)</span>&nbsp;Ã— 100%</div>\n\n<div>= <span class="math-tex">\\(\n\\frac{{100}}{{40}}\\% \n\\)</span>&nbsp;= 2.5%.</div>', 1, 0, 0, 0, 1, '1457528533', 0),
(68, 1, '<div>Select from the alternative, the box that can be formed by folding the sheet shown in figure (X) :</div><div>\n      <img alt="" src="images/4-14341909207771.jpg" style="margin-bottom:10px; margin-top:10px"/>\n    </div><div>Â  Â  Â  Â  Â  Â  Â  Â  Â (X)</div><div>\n      <img alt="" src="images/5-14341909677501.jpg" style="height:51px; margin-bottom:10px; margin-top:10px; width:50px"/>\n      Â Â  Â Â \n      <img alt="" src="images/6-14341909834682.JPG" style="height:51px; width:50px"/>\n      Â Â  Â  Â \n      <img alt="" src="images/7-14341909949203.JPG" style="height:51px; width:50px"/>\n      Â Â  Â  Â Â \n      <img alt="" src="images/8-14341910058334.JPG" style="height:51px; width:50px"/>\n      Â  Â  Â  Â Â \n    </div><div>Â  Â  (A) Â  Â  Â  Â  Â  Â  (B) Â  Â  Â  Â  Â  Â Â (C) Â  Â  Â  Â  Â  Â  Â  Â (D)</div>', '<p>(d) When the sheet in fig.(X) is folded to form a cube, then the face bearing a dot appears opposite to a blank face, the face bearing a â€˜+â€™ sign appears opposite to another blank face and the face bearing a circle appears opposite to the third blank face. Clearly, all the four cubes shown in figures (A), (B),(C) and (D) can be formed.</p>', 1, 0, 0, 0, 1, '1457528533', 0),
(69, 1, '<p>\n      The principal that amounts to Rs. 4913 in 3 years at\n      <span class="math-tex">\\( 6\\frac{1}{4}\\% \\)</span>\n      Â per annum compound interest compounded annually is:\n    </p>', '<div>(a) A = Rs. 4913, n = 3, r = <span class="math-tex">\\(\n6\\frac{1}{4}\\% \\; = \\;\\frac{{25}}{4}\\% ,\n\\)</span>&nbsp; P = ?</div>\n\n<div><span class="math-tex">\\(\\therefore\\)</span> 4913 = <span class="math-tex">\\(\nP\\left( {1\\; + \\;\\frac{{25}}{{400}}} \\right)^3 \n\\)</span>&nbsp;<span class="math-tex">\\(\\Rightarrow\\)</span> 4913 =&nbsp;<span class="math-tex">\\(\nP\\left( {1\\; + \\;\\frac{1}{{16}}} \\right)^3 \n\\)</span></div>\n\n<div><span class="math-tex">\\(\\Rightarrow\\)</span> 4913 = <span class="math-tex">\\(\nP\\left( {\\frac{{17}}{{16}}} \\right)^3 \n\n\\)</span>&nbsp;<span class="math-tex">\\(\\Rightarrow\\)</span> 4913 = P Ã—&nbsp;<span class="math-tex">\\(\n\\frac{{4913}}{{4096}}\n\n\\)</span></div>\n\n<div><span class="math-tex">\\(\\Rightarrow\\)</span> P = Rs. 4096.</div>', 1, 0, 0, 0, 1, '1457528533', 0),
(70, 1, '<span class="math-tex">\\(\\angle\\)</span><span class="math-tex">\\(\\angle\\)</span><br/><img alt="" src="images/9-14341915437781.jpg" style="height:147px; margin-bottom:10px; margin-top:10px; width:173px"/>', '<div>(c) In <span class="math-tex">\\(\\Delta\\)</span>â€™s AOC and BOD</div>\n\n<div>OA = OB (Given)</div>\n\n<div>OC = OD (Given)</div>\n\n<div><span class="math-tex">\\(\\angle\\)</span>AOB â€“ <span class="math-tex">\\(\\angle\\)</span>COB = <span class="math-tex">\\(\\angle\\)</span>COD â€“ <span class="math-tex">\\(\\angle\\)</span>COB,</div>\n\n<div>i.e. <span class="math-tex">\\(\\angle\\)</span>AOC = <span class="math-tex">\\(\\angle\\)</span>BOD</div>\n\n<div><span class="math-tex">\\(\\therefore\\)</span> <span class="math-tex">\\(\\Delta\\)</span>AOC &nbsp;<span class="math-tex">\\(\\Delta\\)</span>BOD (SAS)</div>\n\n<div><span class="math-tex">\\(\\Rightarrow\\)</span> AC = BD (cpct)</div>', 1, 0, 0, 0, 1, '1457528533', 0),
(71, 1, '<div>ABCD is a rhombus.</div><div>\n      <span class="math-tex">\\(\\angle\\)</span>\n      DAB = 2x + 15Â°,\n      <span class="math-tex">\\(\\angle\\)</span>\n      DCB = 3x â€“ 30Â°,\n      <span class="math-tex">\\(\\angle\\)</span>\n      BDC equals\n      <br/>\n      <img alt="" src="images/10-14341921528181.jpg" style="margin-bottom:10px; margin-top:10px"/>\n    </div>', '<div>(c) <span class="math-tex">\\(\\therefore\\)</span> Opp. <span class="math-tex">\\(\\angle\\)</span>s of a rhombus are equal</div>\n\n<div>2x + 15Â° = 3x â€“ 30Â° <span class="math-tex">\\(\\Rightarrow\\)</span> x = 45Â°</div>\n\n<div>In <span class="math-tex">\\(\\Delta\\)</span>BCD, CD = CB <span class="math-tex">\\(\\Rightarrow\\)</span> <span class="math-tex">\\(\\angle\\)</span>CBD = <span class="math-tex">\\(\\angle\\)</span>BDC</div>\n\n<div>Also, <span class="math-tex">\\(\\angle\\)</span>DCB = 3 Ã— 45Â° â€“ 30Â° = 105Â°</div>\n\n<div><span class="math-tex">\\(\\therefore\\)</span> <span class="math-tex">\\(\\angle\\)</span>BDC = <span class="math-tex">\\(\n\\frac{{180^\\circ \\;-\\;105^\\circ }}{2}\\; = \\;\\frac{{75^\\circ }}{2}\n\n\\)</span>&nbsp;= 37.5Â°.</div>', 1, 0, 0, 0, 1, '1457528533', 0);
INSERT INTO `questions` (`id`, `class_id`, `question`, `description`, `type`, `quality_check`, `ideal_time`, `parent_id`, `user_id`, `created`, `delete`) VALUES
(72, 1, '<p>A three centimetre cube has been painted red on all its sides. It is cut into one centimetre cubes. How many cubes will be there with only one side painted red ?</p>', '<p>(b) It is clear that all cubes about the edges have either two or three sides painted. Only one central either two or three sides painted. Only one central cube in each face as shown in figure. Will have one face painted, since all it other faces are hidden inside the large cube.<br />\n<img alt="" src="http://stcn-educore-mg127.staticmbx.com/static/magicbox/assessments/14341923836071.jpg" style="height:127px; margin-bottom:10px; margin-top:10px; width:144px" /></p>', 1, 0, 0, 0, 1, '1457528533', 0),
(73, 1, '<p>\n      The sum of the length, breadth and depth of a cuboid is 19 cm and the diagonal isÂ \n      <span class="math-tex">\\( 5\\sqrt 5 . \\)</span>\n      Â Its surface area is:\n    </p>', '<div>(c) Let l, b, h be the length, breadth and height of the cuboid.</div>\n\n<div><span class="math-tex">\\(\\therefore\\)</span>&nbsp;l + b + h = 19 and&nbsp;<span class="math-tex">\\(\n\\sqrt {l^2 \\; + \\;b^2 \\; + \\;h^2 } \\; = \\;5\\sqrt 5 \n\n\\)</span></div>\n\n<div><span class="math-tex">\\(\\Rightarrow\\)</span>&nbsp;l<sup>2</sup>&nbsp;+ b<sup>2</sup>&nbsp;+ h<sup>2</sup>&nbsp;=&nbsp;<span class="math-tex">\\(\n\\left( {5\\sqrt 5 } \\right)^2 \n\\)</span>&nbsp;= 125</div>\n\n<div>Surface area of the cuboid = 2(lb + bh + lh)</div>\n\n<div>= (l + b + h)<sup>2</sup>&nbsp;â€“ (l<sup>2</sup>&nbsp;+ b<sup>2</sup>&nbsp;+ h<sup>2</sup>)</div>\n\n<div>= 19<sup>2</sup>&nbsp;â€“ 125 = 361 â€“ 125 = 236 cm<sup>2</sup>.</div>', 1, 0, 0, 0, 1, '1457528533', 0),
(74, 1, '<p>Going 50 m to the south of her house, Radhika turns left and goes another 20 m. Then turning to the North, she goes 30 m and then starts walking to her house. In which direction is she walking now ?</p>', '<div>(a) The movements of Radhika&nbsp;</div>\n\n<div>are as shown in fig (A to B,B to C, C to D and D to A) &nbsp; &nbsp; &nbsp; &nbsp; &nbsp;</div>\n\n<div><img alt="" src="http://stcn-educore-mg127.staticmbx.com/static/magicbox/assessments/14341955296341.jpg" style="margin-bottom:10px; margin-top:10px" /></div>\n\n<div>Clearly she is finally moving in the direction DA i.e, north west.</div>', 1, 0, 0, 0, 1, '1457528533', 0),
(75, 1, '<div>A result of a survey of 1000 persons with respect to their knowledge of Hindi (H), English (E) and Sanskrit (S) is given below.Â </div><div>\n      <img alt="" src="images/11-14341955930411.jpg" style="margin-bottom:10px; margin-top:10px"/>\n    </div><div>What is the ratio of these who know all the three languages to those who do not know Sanskrit?</div>', '<div>(d) The persons who know all the three language are represented by the region which is common to all the three circles.&nbsp;</div>\n\n<div>So, number of such persons = 100.</div>\n\n<div>The persons who do not know Sanskrit are represented by the region outside circle S.&nbsp;</div>\n\n<div>So, number of such persons = (200 + 120 + 220) = 540.</div>\n\n<div><span class="math-tex">\\(\\therefore\\)</span>&nbsp;Required ratio = 100 : 540 = 5 : 27</div>', 1, 0, 0, 0, 1, '1457528533', 0),
(76, 1, '<p>A solid cube with an edge 10 cm is melted to form two equal cubes. The ratio of the edge of the smaller cube to the edge of the bigger cube is:</p>', '<div>(c) Volume of the bigger cube = (10)<sup>3</sup> cm<sup>3</sup> = 1000 cm<sup>3</sup></div>\n\n<div>Volume of the smaller cube = 500 cm<sup>3</sup></div>\n\n<div>Required ratio =&nbsp;<span class="math-tex">\\(\n\\frac{{{\\rm{Edge of smaller cube}}}}{{{\\rm{Edge of bigger cube}}}}\n\n\\)</span></div>\n\n<div>&nbsp; &nbsp; &nbsp; &nbsp; &nbsp; &nbsp; &nbsp; &nbsp; =&nbsp;<span class="math-tex">\\(\n\\frac{{\\left( {500} \\right)^{\\frac{1}{3}} }}{{\\left( {1000} \\right)^{\\frac{1}{3}} }}\\; = \\;\\left( {\\frac{{500}}{{1000}}} \\right)^{\\frac{1}{3}} \\; = \\;\\left( {\\frac{1}{2}} \\right)^{\\frac{1}{3}} .\n\n\\)</span></div>', 1, 0, 0, 0, 1, '1457528533', 0),
(77, 1, '<p>The height and radius of a cone are 3 cm and 4 cm respectively. Its curved surface area must be is</p>', '<div>(a) Curved surface area of a cone = <span class="math-tex">\\(\\pi\\)</span>rl. Also, as shown in diagram, l<sup>2</sup> = r<sup>2</sup> + h<sup>2</sup> = 3<sup>2</sup> + 4<sup>2</sup> or l = 5 cm.</div>\n\n<div><img alt="" src="http://stcn-educore-mg127.staticmbx.com/static/magicbox/assessments/14341963357581.jpg" style="margin:10px 13px" /></div>\n\n<div><span class="math-tex">\\(\\therefore\\)</span>&nbsp;CSA = <span class="math-tex">\\(\n\\frac{{22}}{7} \\times 4 \\times 5\n\n\\)</span>&nbsp;= <span class="math-tex">\\(\n\\frac{{440}}{7}\n\n\\)</span>&nbsp;= <span class="math-tex">\\(\n62\\frac{6}{7}\n\n\\)</span>&nbsp;sq. cm.</div>', 1, 0, 0, 0, 1, '1457528533', 0),
(78, 1, '<div>The table shows the number of fillings a class of 40 pupils had at the time of a Â dental inspection.</div><div>\n      <img alt="" src="images/12-14341964835391.jpg" style="margin-bottom:10px; margin-top:10px"/>\n    </div><div>If the mean number of filling per pupil is 3.2, find the values of x and y.</div>', '<div>(b) Given, total frequency = 40</div>\n\n<div><span class="math-tex">\\(\\Rightarrow\\)</span> 1 + 4 + 8 + x + 9 + y + 2 = 40</div>\n\n<div><span class="math-tex">\\(\\Rightarrow\\)</span> 24 + x + y = 40 <span class="math-tex">\\(\\Rightarrow\\)</span> x + y = 16 â€¦(i)</div>\n\n<div>Also, given mean = 3.2</div>\n\n<div><span class="math-tex">\\(\\Rightarrow\\)</span>&nbsp;<span class="math-tex">\\(\n\\frac{{\\sum f\\,x}}{{\\sum f}} = 3.2\n\n\\)</span></div>\n\n<div><span class="math-tex">\\(\\Rightarrow\\)</span>&nbsp;<span class="math-tex">\\(\n\\frac{{0 \\times 1 + 1 \\times 4 + 2 \\times 8 + 3 \\times x + 4 \\times 9 + 5 \\times y + 6 \\times 2}}{{40}} = 3.2\n\n\\)</span></div>\n\n<div><span class="math-tex">\\(\\Rightarrow\\)</span> 4 + 16 + 3x + 36 + 5y + 12 = (3.2 Ã— 40) = 128</div>\n\n<div><span class="math-tex">\\(\\Rightarrow\\)</span> 3x + 5y = 128 â€“ 68 = 60 â€¦ (ii)</div>\n\n<div>Now solve the simultaneous equations (i) and (ii) to get the values of x and y.</div>', 1, 0, 0, 0, 1, '1457528533', 0),
(79, 1, '<p>\n      Calculate the mean of weekly wages from the following frequency distribution :\n      <br/>\n      <img alt="" src="images/13-14341967161391.jpg" style="margin-bottom:10px; margin-top:10px"/>\n    </p>', '<div>(d)&nbsp;<img alt="" src="http://stcn-educore-mg127.staticmbx.com/static/magicbox/assessments/14341970555281.jpg" style="height:194px; margin-bottom:10px; margin-top:10px; width:312px" /></div>\n\n<div><span class="math-tex">\\(\\therefore\\)</span> Mean =&nbsp;<span class="math-tex">\\(\n\\frac{{_{\\sum f\\,x} }}{{\\sum f}} = \\frac{{5600}}{{100}} = 56\n\n\\)</span></div>', 1, 0, 0, 0, 1, '1457528533', 0),
(80, 1, '<p>In a test, the marks obtained by 15 students are 34, 37, 44, 39, 45, 46, 35, 42, 48, 40, 39, 33, 43, 47, 44. The probability that a pupil chosen at random passed the test, if the passing marks are 40 isÂ </p>', '<div>(b) Number of students getting marks equal to or more than 40 = 9(44, 45, 46, 42, 48, 40, 43, 47, 44)</div>\n\n<div><span class="math-tex">\\(\\therefore\\)</span> P(pass) =&nbsp;<span class="math-tex">\\(\n\\frac{{{\\rm{Number of students who passed}}}}{{{\\rm{Total number of students}}}}\n\n\\)</span></div>\n\n<div>&nbsp; &nbsp; &nbsp; &nbsp; &nbsp; =&nbsp;<span class="math-tex">\\(\n\\frac{9}{{15}} = \\frac{3}{5}.\n\n\\)</span></div>', 1, 0, 0, 0, 1, '1457528533', 0),
(81, 1, '<div>\n      <img alt="" src="images/14-14341974488711.jpg" style="height:236px; margin-bottom:10px; margin-top:10px; width:333px"/>\n    </div><div>The diagram shows the histogram of the amount of time spent watching TV in a day for a group of students. Remember that the area of each rectangle is proportional to its frequency. Find the total number of students. (Take the most common base of all rectangles as 1 unit)</div>', '<div>(b) The most common base is 50, so it is taken as 1 unit. For the class 100 -200, the base is 2 units.&nbsp;</div>\n\n<div>For the class 200 â€“ 225 and 225 â€“ 250, the base = <span class="math-tex">\\(\n\\frac{1}{2}\n\n\\)</span>&nbsp;unit</div>\n\n<div><span class="math-tex">\\(\\therefore\\)</span> For the class 100 â€“ 200,</div>\n\n<div>The actual frequency = 10 Ã— 2 = 20</div>\n\n<div>For the class 200 â€“ 225,</div>\n\n<div>The actual frequency =&nbsp;<span class="math-tex">\\(40 \\times \\frac{1}{2} = 20\n\\)</span></div>\n\n<div>For the class 225 â€“ 250,</div>\n\n<div>The actual frequency = 30 Ã— <span class="math-tex">\\(\n\\frac{1}{2}\n\n\\)</span>&nbsp;= 15</div>\n\n<div><span class="math-tex">\\(\\therefore\\)</span> Total number of students</div>\n\n<div>= 15 + 25 + 20 + 20 + 15 + 20 + 25</div>\n\n<div>= 140</div>', 1, 0, 0, 0, 1, '1457528533', 0),
(82, 1, '<p>\n      <strong>Order the four oceans in size, with the largest first.</strong>\n    </p>', '', 4, 0, 0, 0, 1, '1457528642', 0),
(83, 1, '<p>\n      <strong>Arrange the following events in the correct order:</strong>\n    </p>', '', 4, 0, 0, 0, 1, '1457528642', 0),
(84, 1, '<p>\n      <strong>Arrange the following in the sequence in which filtrate moves through them.</strong>\n    </p>', '', 4, 0, 0, 0, 1, '1457528642', 0),
(85, 1, '<div>\n      <strong>Match the nouns that have a similar meaning.</strong>\n    </div>', '', 5, 0, 0, 0, 1, '1457528642', 0),
(86, 1, '<div>\n      <strong>Match the nouns that have a similar meaning.</strong>\n    </div>', '', 5, 0, 0, 0, 1, '1457528642', 0),
(87, 1, '<div>\n      <strong>Study these verbs. Match the opposites.</strong>\n    </div>', '', 5, 0, 0, 0, 1, '1457528642', 0),
(88, 1, '<div>\n      <strong>Column I gives some devices and Column II gives some process on which the functioning of these devices depend. Match the devices in Column I with the processes in Column II and indicate your answer by marking the appropriate bubbles in the 4 Ã— 4 matrix given below</strong>\n      <br/>\n      Â \n      <table style="width:500px">\n        <tbody>\n          <tr>\n            <td style="text-align:center">\n              <strong>Column I</strong>\n            </td>\n            <td style="text-align:center">\n              <strong>Column II</strong>\n            </td>\n          </tr>\n          <tr>\n            <td style="text-align:center">(A) Bimetallic strip</td>\n            <td style="text-align:center">(p) Radiation from a hot body</td>\n          </tr>\n          <tr>\n            <td style="text-align:center">(B) Steam engine</td>\n            <td style="text-align:center">(q) Energy conversion</td>\n          </tr>\n          <tr>\n            <td style="text-align:center">(C) Incandescent lamp</td>\n            <td style="text-align:center">(r) Melting</td>\n          </tr>\n          <tr>\n            <td style="text-align:center">(D) Electric fuse</td>\n            <td style="text-align:center">(s) Thermal expansion of solids</td>\n          </tr>\n        </tbody>\n      </table>\n    </div>', '', 12, 0, 0, 0, 1, '1457528642', 0),
(89, 1, '<p>\n      <strong>Match the chemical substances in column I with type of polymers/type of bonds in column II. Indicate your answer by selecting the appropriate bubbles of the 4 Ã— 4 matrix given below.</strong>\n      <br/>\n      Â \n    </p><table style="width:500px">\n      <tbody>\n        <tr>\n          <td style="text-align: center;">\n            <strong>Column I</strong>\n          </td>\n          <td style="text-align: center;">\n            <strong>Column II</strong>\n          </td>\n        </tr>\n        <tr>\n          <td style="text-align: center;">(A) Cellulose</td>\n          <td style="text-align: center;">(p) natural polymer</td>\n        </tr>\n        <tr>\n          <td style="text-align: center;">(B) nylon-6,6</td>\n          <td style="text-align: center;">(q) synthetic polymer</td>\n        </tr>\n        <tr>\n          <td style="text-align: center;">(C) Protein</td>\n          <td style="text-align: center;">(r) amide linkage</td>\n        </tr>\n        <tr>\n          <td style="text-align: center;">(D) Sucrose</td>\n          <td style="text-align: center;">(s) glycoside linkage</td>\n        </tr>\n      </tbody>\n    </table>', '', 12, 0, 0, 0, 1, '1457528642', 0),
(90, 1, '<p>\n      <strong>Match gases under specified conditions listed in column I with their properties/laws in column II. Indicate your answer by marking the appropriate bubbles of the 4 Ã— 4 matrix given below.</strong>\n      <br/>\n      Â \n    </p><table style="height:160px; width:560px">\n      <tbody>\n        <tr>\n          <td style="text-align: center;">\n            <strong>Column I</strong>\n          </td>\n          <td style="text-align: center;">\n            <strong>Column II</strong>\n          </td>\n        </tr>\n        <tr>\n          <td style="text-align: center;">(A) hydrogen gas (P = 200 atm, T = 273 K)</td>\n          <td style="text-align: center;">(p) compressibility factor Â¹ 1</td>\n        </tr>\n        <tr>\n          <td style="text-align: center;">(B) hydrogen gas (P = 0, T = 273 K)</td>\n          <td style="text-align: center;">(q) attractive forces are dominant</td>\n        </tr>\n        <tr>\n          <td style="text-align: center;">(C) 2 CO (P = 1 atm, T = 273 K)</td>\n          <td style="text-align: center;">(r) PV = nRT</td>\n        </tr>\n        <tr>\n          <td style="text-align: center;">(D) real gas with very large molar volume</td>\n          <td style="text-align: center;">(s) P(V â€“ nb) = nRT</td>\n        </tr>\n      </tbody>\n    </table><p>Â </p>', '', 12, 0, 0, 0, 1, '1457528642', 0),
(91, 1, '<input data-id="1"/>', '', 6, 0, 0, 0, 1, '1457528642', 0),
(92, 1, '<p>\n            <input data-id="1"/>\n            ink in my pen is red.\n          </p>', '', 6, 0, 0, 0, 1, '1457528642', 0),
(93, 1, '<p>\n            <input data-id="1"/>\n            apple a day keeps the doctor away.\n          </p>', '', 6, 0, 0, 0, 1, '1457528642', 0),
(94, 1, '<p>\n            Please give me\n            <input data-id="1"/>\n            cake that is on the counter.\n          </p>', '', 6, 0, 0, 0, 1, '1457528642', 0),
(95, 1, '<p>If a clock strikes 12 in 33 seconds, it will strike 6 in how many seconds?</p>', '<div>(b) &nbsp; &nbsp; In order to strike 12, there are 11 intervals of equal time&nbsp;</div>\n\n<div>&nbsp; &nbsp; &nbsp; &nbsp; &nbsp;&nbsp;<span class="math-tex">\\(\n{\\rm{ = }}\\frac{{{\\rm{33}}}}{{{\\rm{11}}}}\\,{\\rm{ = }}\\,{\\rm{3}}\\;{\\rm{seconds}}\\;{\\rm{each}}\n\n\\)</span></div>\n\n<div>&nbsp; &nbsp; &nbsp; &nbsp; &nbsp;Therefore, to strike 6 it has 5 equal intervals, it requires 5 Ã— 3 = 15 sec.</div>', 1, 0, 0, 0, 1, '1457528807', 0),
(96, 1, '<p>What is the angle between the 2 hands of the clock at 8:24 pm?</p>', '<div>(d) &nbsp; &nbsp; Required angle = 240 â€“ 24 Ã— (11/2)</div>\n\n<div>&nbsp; &nbsp; &nbsp; &nbsp; &nbsp; &nbsp; &nbsp; &nbsp; &nbsp; &nbsp; &nbsp; &nbsp; &nbsp; &nbsp; &nbsp; &nbsp; &nbsp; &nbsp; &nbsp; = 240 â€“132 = 108Â°.&nbsp;</div>', 1, 0, 0, 0, 1, '1457528807', 0),
(97, 1, '<p>A clock gains 15 minutes per day. It is set right at 12 noon. What time will it show at 4.00 am, the next day?</p>', '<div>(a) &nbsp; &nbsp;The clock gains 15 min in 24 hours.</div>\n\n<div>&nbsp; &nbsp; &nbsp; &nbsp; Therefore, in 16 hours, it will gain 10 minutes.</div>\n\n<div>&nbsp; &nbsp; &nbsp; &nbsp; Hence, the time shown by the clock will be 4.10 am.</div>', 1, 0, 0, 0, 1, '1457528807', 0),
(98, 1, '<p>What will be the acute angle between hands of a clock at 2 : 30?</p>', '<div>(a) &nbsp; &nbsp; At 2â€™O Clock, Minute Hand will be 10 Ã— 6 = 60Â° behind the Hour Hand.</div>\n\n<div>&nbsp; &nbsp; &nbsp; &nbsp; &nbsp;In 30 minutes, Minute Hand will gain <span class="math-tex">\\(\n\\left( {5\\frac{1}{2}} \\right)^ \\circ  \n\n\\)</span>Ã— 30 = 150 + 15 = 165Â°</div>\n\n<div>&nbsp; &nbsp; &nbsp; &nbsp; &nbsp;<span class="math-tex">\\(\\therefore\\)</span>&nbsp; Angle between Hour Hand and Minute Hand</div>\n\n<div>&nbsp; &nbsp; &nbsp; &nbsp; &nbsp;= 165 â€“ 60 = 105Â°</div>', 1, 0, 0, 0, 1, '1457528807', 0),
(99, 1, '<p>If the two hands in a clock are 3 minutes divisions apart, then the angle between them is</p>', '<div>(b) &nbsp; &nbsp; In a clock, each minute makes 6Âº</div>\n\n<div>&nbsp; &nbsp; &nbsp; &nbsp; &nbsp; <span class="math-tex">\\(\\therefore\\)</span> &nbsp;3 minutes will make 6 Ã— 3 = 18Âº</div>', 1, 0, 0, 0, 1, '1457528807', 0),
(100, 1, '<p>A watch which gains 5 seconds in 3 minutes was set right at 7 a.m. In the afternoon of the same day, when the watch indicated quarter past 4 Oâ€™clock, the true time is â€“</p>', '<div>(a) &nbsp; &nbsp;Time from 7 a.m. to quarter pass 4&nbsp;</div>\n\n<div>&nbsp; &nbsp; &nbsp; &nbsp; &nbsp;= 9 hours 15 min.=555 min.\n<div>&nbsp; &nbsp; &nbsp; &nbsp; Now, <span class="math-tex">\\(\n\\frac{{37}}{{12}}\n\n\\)</span>min. of this watch&nbsp;</div>\n\n<div>&nbsp; &nbsp; &nbsp; &nbsp; = 3 min. of the correct watch.</div>\n\n<div>&nbsp; &nbsp; &nbsp; &nbsp;&nbsp;555 min. of this watch</div>\n\n<div>&nbsp; &nbsp; &nbsp; &nbsp; = &nbsp;<span class="math-tex">\\(\n\\left( {\\frac{{3 \\times 12}}{{37}} \\times 555} \\right)\n\n\\)</span> min.</div>\n\n<div>&nbsp; &nbsp; &nbsp; &nbsp; = <span class="math-tex">\\(\n\\left( {\\frac{{3 \\times 12}}{{37}} \\times \\frac{{555}}{{60}}} \\right)\\;hrs. = 9\\;hrs.\n\n\\)</span>&nbsp;of the correct watch.</div>\n\n<div>&nbsp; &nbsp; &nbsp; &nbsp; Correct time is 9 hours after 7 a.m. i.e., 4 p.m.</div>\n</div>', 1, 0, 0, 0, 1, '1457528807', 0),
(101, 1, '<p>Smt. Indira Gandhi died on 31st October, 1984. The day of the week was â€“</p>', '<div>(c) &nbsp; &nbsp; &nbsp; &nbsp;1600 years contain 0 odd day, 300 years contain 1 odd day. Also, 83 years contain 20 leap years and 63 ordinary years and therefore (40 + 0) odd days i.e., 5 odd days.</div>\n\n<div>&nbsp; &nbsp; &nbsp; &nbsp; &nbsp; &nbsp; <span class="math-tex">\\(\\therefore\\)</span> 1983 years contain &nbsp;(0 + 1 + 5) i.e., 6 odd days.</div>\n\n<div>&nbsp; &nbsp; &nbsp; &nbsp; &nbsp; &nbsp;Number of days from Jan. 1984 to 31st Oct. 1984</div>\n\n<div>&nbsp; &nbsp; &nbsp; &nbsp; &nbsp; &nbsp;= (31 + 29 + 31 + 30 + 31 + 30 + 31 + 31 + 30 + 31)</div>\n\n<div>&nbsp; &nbsp; &nbsp; &nbsp; &nbsp; &nbsp;= 305 days = 4 odd days</div>\n\n<div>&nbsp; &nbsp; &nbsp; &nbsp; &nbsp; &nbsp;<span class="math-tex">\\(\\therefore\\)</span>&nbsp; Total number of odd days = 6 + 4 = 3 odd days</div>\n\n<div>&nbsp; &nbsp; &nbsp; &nbsp; &nbsp; &nbsp;So, 31st Oct. 1984 was Wednesday.</div>', 1, 0, 0, 0, 1, '1457528807', 0),
(102, 1, '<p>How many times in a day, the two hands of a clock coincide ?</p>', '<p>(c) &nbsp; &nbsp; &nbsp; The hands coincide 11 times in every 12 hours (between 11 and 1 Oâ€™clock there is a common position at &nbsp;12 Oâ€™clock). Hence, the hands coincide 22 times in a day.</p>', 1, 0, 0, 0, 1, '1457528807', 0),
(103, 1, '<p>When the time is 4.20, the angle between the hands of the clock is â€“</p>', '<div>(d) &nbsp; &nbsp; In 60 min. hour hand moves by 360/12</div>\n\n<div>&nbsp; &nbsp; &nbsp; &nbsp; &nbsp; In 20 min. hour hand moves by&nbsp;<span class="math-tex">\\(\n\\frac{{360}}{{12 \\times 60}} \\times 20 = 10\n\\)</span></div>', 1, 0, 0, 0, 1, '1457528807', 0),
(104, 1, '<p>At 12 Oâ€™clock, the minute hand is point East. At 4:30, in which direction will the hour hand point ?</p>', '<div>(d) &nbsp; &nbsp;&nbsp;<img alt="" src="http://stcn-educore-mg127.staticmbx.com/static/magicbox/assessments/143860065904012.15.JPG" style="height:152px; margin-bottom:10px; margin-top:10px; width:150px" /></div>\n\n<div>&nbsp;</div>', 1, 0, 0, 0, 1, '1457528807', 0),
(105, 1, '<p>\n      A clock loses\n      <span class="math-tex">\\( \\frac{1}{2} \\)</span>\n      % on true time during one week and gains\n      <span class="math-tex">\\( \\frac{1}{4} \\)</span>\n      % on true time during the next week. If it is set right at 12 Oâ€™clock on Saturday morning, what time will it indicate at the end of second week ?\n    </p>', '<div>(a) &nbsp; &nbsp;Loss = 0.005 Ã— 7 Ã— 24 hrs. = 0.84 hrs.</div>\n\n<div>&nbsp; &nbsp; &nbsp; &nbsp; Gain = 0.42 hrs.</div>\n\n<div>&nbsp; &nbsp; &nbsp; &nbsp; Overall loss = 0.42 hrs. = 25 min. 12 sec.</div>\n\n<div>&nbsp; &nbsp; &nbsp; &nbsp; <span class="math-tex">\\(\\therefore\\)</span> Time shown at end of 2nd week = 11.34 a.m.</div>\n\n<div>&nbsp; &nbsp; &nbsp; &nbsp; &nbsp;i.e., 11 hr 34 min 48 sec.</div>', 1, 0, 0, 0, 1, '1457528807', 0),
(106, 1, '<p>At what time between 9 and 10 will the hands of a watch be together ?</p>', '<div>(c) &nbsp; &nbsp;To be together between 9 and 10, the minute hand has to gain 45 minute spaces.</div>\n\n<div>&nbsp; &nbsp; &nbsp; &nbsp; Now, 55 min. spaces are gained in 60 minutes.</div>\n\n<div>&nbsp; &nbsp; &nbsp; &nbsp; <span class="math-tex">\\(\\therefore\\)</span> &nbsp; 45 min. spaces are gained in <span class="math-tex">\\(\n\\left( {\\frac{{60}}{{55}} \\times 45} \\right)\n\n\\)</span>&nbsp;min. or <span class="math-tex">\\(\n49\\frac{1}{{11}}\n\n\\)</span>&nbsp;min.</div>\n\n<div>&nbsp; &nbsp; &nbsp; &nbsp; So, the hands are together at <span class="math-tex">\\(\n49\\frac{1}{{11}}\n\n\\)</span>&nbsp;min. past 9.</div>', 1, 0, 0, 0, 1, '1457528807', 0),
(107, 1, '<p>Between 2 Oâ€™clock to 10 Oâ€™clock, how many times the hands of a clock are at right angle ?</p>', '<div>(a) &nbsp; &nbsp; &nbsp; &nbsp; Between 2 and 4 Oâ€™clock, 8 and 10 Oâ€™clock, the hands are at right thrice in each case. Between 4 and 8â€™O clock, the hands are at right angles.</div>\n\n<div>&nbsp; &nbsp; &nbsp; &nbsp; &nbsp; &nbsp; &nbsp; So total number of times the hands are at right angles</div>\n\n<div>&nbsp; &nbsp; &nbsp; &nbsp; &nbsp; &nbsp; &nbsp; &nbsp;= 3 + 3 + (2 Ã— 4) = 14.</div>', 1, 0, 0, 0, 1, '1457528807', 0),
(108, 1, '<p>The year next to 1988 having the same calendar as that of 1988 is â€“</p>', '<div>(c) &nbsp; &nbsp; &nbsp;Starting with 1988, we go on counting the number of odd days till the sum is divisible by 7.</div>\n\n<div>&nbsp; &nbsp; &nbsp; &nbsp; &nbsp; Years &nbsp; &nbsp; &nbsp; &nbsp; &nbsp; <span class="math-tex">\\(\\rightarrow\\)</span> 1988 &nbsp;1989 &nbsp; &nbsp;1990 &nbsp; &nbsp;1991 &nbsp;1992</div>\n\n<div>&nbsp; &nbsp; &nbsp; &nbsp; &nbsp; Odd days &nbsp; <span class="math-tex">\\(\\rightarrow\\)</span> &nbsp; &nbsp; &nbsp;2 &nbsp; &nbsp; &nbsp; 1 &nbsp; &nbsp; &nbsp; &nbsp; &nbsp; 1 &nbsp; &nbsp; &nbsp; &nbsp; &nbsp; 1 &nbsp; &nbsp; &nbsp; &nbsp;2 &nbsp;</div>\n\n<div>&nbsp; &nbsp; &nbsp; &nbsp; &nbsp; = 7 i.e. odd days</div>\n\n<div>&nbsp; &nbsp; &nbsp; &nbsp; &nbsp; &nbsp;<span class="math-tex">\\(\\therefore\\)</span> &nbsp;Calendar for 1993 the same as that of 1988.</div>', 1, 0, 0, 0, 1, '1457528807', 0),
(109, 1, '<p>The first republic day of India was celebrated on 26th January, 1950. It was â€“</p>', '<div>(c) &nbsp; &nbsp;1600 years have 0 odd day and 300 years have 1 odd day.</div>\n\n<div>&nbsp; &nbsp; &nbsp; &nbsp; 49 years contain 12 leap years and 37 ordinary years and therefore (24 + 37) odd days i.e., 5 odd days</div>\n\n<div>&nbsp; &nbsp; &nbsp; &nbsp; &nbsp;i.e., 1949 years contain (0 + 1 + 5) or 6 odd days.\n<div>&nbsp; &nbsp; &nbsp; &nbsp; &nbsp;26 days of January contain 5 odd days.</div>\n\n<div>&nbsp; &nbsp; &nbsp; &nbsp; &nbsp;Total odd days = (6 + 5) = 11 or 4 odd days.</div>\n\n<div>&nbsp; &nbsp; &nbsp; &nbsp; &nbsp;So, the day was Thursday.</div>\n</div>', 1, 0, 0, 0, 1, '1457528807', 0),
(110, 1, '<p>On January 12, 1980, it was Saturday. The day of the week on January 12, 1979 was â€“</p>', '<div>(b) &nbsp; &nbsp;The year 1979 being an ordinary year, it has 1 odd day.</div>\n\n<div>&nbsp; &nbsp; &nbsp; &nbsp; &nbsp;So, the day on 12th January 1980 is one day beyond on the day on 12th January, 1979.</div>\n\n<div>&nbsp; &nbsp; &nbsp; &nbsp; &nbsp;But, January 12, 1980 being Saturday.</div>\n\n<div>&nbsp; &nbsp; &nbsp; &nbsp; &nbsp;<span class="math-tex">\\(\\therefore\\)</span>&nbsp; &nbsp;January 12, 1979 was Friday.</div>', 1, 0, 0, 0, 1, '1457528807', 0),
(111, 1, '<p>The number of odd days in a leap year is â€“</p>', '<p>(b) &nbsp; &nbsp;A leap year has (52 weeks + 2 days). So, the number of odd days in a leap year is 2.</p>', 1, 0, 0, 0, 1, '1457528807', 0),
(112, 1, '<p>The year next to 1991 having the same calendar as that of 1990 is â€“</p>', '<p>(c) &nbsp; &nbsp; &nbsp; &nbsp;We go on counting the odd days from 1991 onwards till the sum is divisible by 7. The number of such days are 14 upto the year 2001. So, the calender for 1991 will be repeated in the year 2002.</p>', 1, 0, 0, 0, 1, '1457528807', 0),
(113, 1, '<p>Find the exact time between 7 am and 8 am when the two hands of a watch meet ?</p>', '<div>(c) &nbsp; &nbsp; 55 min spaces are gained in 60 min</div>\n\n<div>&nbsp; &nbsp; &nbsp; &nbsp;&nbsp; <span class="math-tex">\\(\\Rightarrow\\)</span>&nbsp; 35 min spaces will be gained in 38.18 min.</div>\n\n<div>&nbsp; &nbsp; &nbsp; &nbsp; &nbsp;<span class="math-tex">\\(\\Rightarrow\\)</span>&nbsp; Answer = 7 hrs + 38.18 min.</div>', 1, 0, 0, 0, 1, '1457528807', 0),
(114, 1, '<p>Monday falls on 4th April, 1998. What was the day 3rd November, 1987 ?</p>', '<div>(c) &nbsp; &nbsp; Counting the number of days after 3rd November, 1987, we have :&nbsp;</div>\n\n<div>&nbsp; &nbsp; &nbsp; &nbsp; &nbsp;Nov. &nbsp; Dec &nbsp; &nbsp;Jan. &nbsp; Feb. &nbsp; March &nbsp; April</div>\n\n<div>&nbsp; &nbsp; &nbsp; &nbsp; &nbsp;days &nbsp; &nbsp; &nbsp; &nbsp;27 &nbsp; + &nbsp;31 + 31 &nbsp;+ 29 &nbsp; + &nbsp;31 &nbsp; &nbsp;+ &nbsp; 4&nbsp;</div>\n\n<div>&nbsp; &nbsp; &nbsp; &nbsp; &nbsp;= &nbsp;153 days containing 6 odd days.&nbsp;</div>', 1, 0, 0, 0, 1, '1457528807', 0),
(115, 1, '<p>acegi, jlnpr, suwya, (?), KMOQSÂ </p>', '(d) &nbsp; Aâ€“C â€“ E â€“ G â€“ I i.e, there is a gap of one letter in the first group. Second group starts with J, i.e. Immediately after the last letter I in t &nbsp; &nbsp; &nbsp; &nbsp; &nbsp; he first group, and there is a gap of one J - L - N - P - R &nbsp;Following this pattern, the answer is BDFHJ i.e, (d)&nbsp;', 1, 0, 0, 0, 1, '1457528847', 0),
(116, 1, '<br/>', '<div>(b) &nbsp; &nbsp;Consider pairs of numbers:&nbsp;</div>\n\n<div>&nbsp; &nbsp; &nbsp; &nbsp; 24 : 6, 6 is one-fourth of 24 :&nbsp;</div>\n\n<div>&nbsp; &nbsp; &nbsp; &nbsp; 18, 9, 9 is half of 18;<br />\n&nbsp;&nbsp; &nbsp; &nbsp; &nbsp;&nbsp;36, 9 : 9 is one fourth of 36</div>', 1, 0, 0, 0, 1, '1457528847', 0),
(117, 1, '<p>\n      What should the term shown as ? be ?\n      <br/>\n      25, 43, 44, 53, ?, 72\n    </p>', '<div>(d) &nbsp; &nbsp;Two sequences namely</div>\n\n<div>&nbsp; &nbsp; &nbsp; &nbsp; &nbsp;25, 43, 44, 53, 71, 72</div>', 1, 0, 0, 0, 1, '1457528847', 0),
(118, 1, '<p>\n      What should the term shown as ? be ?\n      <br/>\n      2, 12, 36, 80, 150, ?\n    </p>', '<div>(c) &nbsp; &nbsp;2 = 1<sup>2</sup> + 1<sup>3</sup></div>\n\n<div>&nbsp; &nbsp; &nbsp; 12 &nbsp;= 2<sup>2</sup> + 2<sup>3</sup></div>\n\n<div>&nbsp; &nbsp; &nbsp; 36 = 3<sup>2</sup> + 3<sup>3</sup> and so on.</div>', 1, 0, 0, 0, 1, '1457528847', 0),
(119, 1, '<p>\n      What should the term shown as ? be ?\n      <br/>\n      2, 9, 28, ?, 126, 217\n    </p>', '<p>(d) &nbsp; The terms exhibit the pattern n<sup>3</sup> + 1, n taking values 1, 2, 3.......</p>', 1, 0, 0, 0, 1, '1457528847', 0),
(120, 1, '<div>What should the term shown as ? be ?</div><div>336, 210, 120, ?, 24, 6, 0</div>', '<div>(c) &nbsp; &nbsp;Note that &nbsp; 0 = 1<sup>3</sup> â€“ 1</div>\n\n<div>&nbsp; &nbsp; &nbsp; &nbsp; &nbsp; &nbsp; &nbsp; &nbsp; &nbsp; &nbsp; &nbsp; &nbsp; &nbsp; &nbsp; 6 = 2<sup>3</sup> â€“ 2</div>\n\n<div>&nbsp; &nbsp; &nbsp; &nbsp; &nbsp; &nbsp; &nbsp; &nbsp; &nbsp; &nbsp; &nbsp; &nbsp; &nbsp;24 = 3<sup>3</sup> â€“ 3</div>', 1, 0, 0, 0, 1, '1457528847', 0),
(121, 1, '<br/>', '(c) &nbsp; &nbsp;Try the pattern n<sup>3</sup> â€“ 1. n = 1, 2, .......', 1, 0, 0, 0, 1, '1457528847', 0),
(122, 1, '<p>\n      Give the next number in this series :\n      <br/>\n      1, 8, 9, ?, 25, 216, 49\n    </p>', '<div>(b) &nbsp; &nbsp;Can you see that the pattern is&nbsp;</div>\n\n<div>&nbsp; &nbsp; &nbsp; &nbsp; 1<sup>2</sup>, 2<sup>3</sup>, 3<sup>2</sup>, 4<sup>3</sup>, 5<sup>2</sup>, 6<sup>3</sup>, 7<sup>2</sup></div>', 1, 0, 0, 0, 1, '1457528847', 0),
(123, 1, '<p>\n      Give the next number in this series :\n      <br/>\n      2, 4, ?, 16, 32\n    </p>', '<p>(c) &nbsp; The terms exhibit the pattern 2<sup>1</sup>, 2<sup>2</sup>, 2<sup>3</sup> and so on.&nbsp;</p>', 1, 0, 0, 0, 1, '1457528847', 0),
(124, 1, '<p>\n      Give the next number in this series :\n      <br/>\n      2, 3, 10, 15, 26, ?, 50\n    </p>', '<div>(d) &nbsp; &nbsp;The series exhibits the pattern of n<sub>2</sub> + 1, n<sub>2</sub> â€“ 1,&nbsp;</div>\n\n<div>&nbsp; &nbsp; &nbsp; &nbsp; &nbsp;alternatively, n taking values 1, 2.............</div>', 1, 0, 0, 0, 1, '1457528847', 0),
(125, 1, '<p>\n      <strong>Directions:</strong>\n      In each question, there is a series of letters which follow some definite order. Look at the letters and determine the order, then form the suggested Â responses and find out one which gives the next two letters in the series in their correct order. Letter sequence Â A B C D E F G H I J K L M N O P Q R S T Â U V W X Y Â Z\n      <br/>\n      Y A W E T I P M - -\n    </p>', '<div>(a) &nbsp; &nbsp;The following two series are combined to get the given series.&nbsp;</div>\n\n<div>&nbsp; &nbsp; &nbsp; &nbsp; &nbsp;Y W T P K&nbsp;</div>\n\n<div>&nbsp; &nbsp; &nbsp; &nbsp; A E I M Q&nbsp;</div>', 1, 0, 0, 0, 1, '1457528847', 0),
(126, 1, '<p>\n      <strong>Directions</strong>\n      : In each question, there is a series of letters which follow some definite order. Look at the letters and determine the order, then form the suggested Â responses and find out one which gives the next two letters in the series in their correct order. Letter sequence Â A B C D E F G H I J K L M N O P Q R S T Â U V W X Y Â Z\n      <br/>\n      A C F J O U B J - -Â \n    </p>', '<p>(b) &nbsp; &nbsp;The letters &nbsp;in the series are moved 2, 3, 4, 5, 6, 7, 8, 9, 10 steps forward respectively to write the next letter.&nbsp;</p>', 1, 0, 0, 0, 1, '1457528847', 0),
(127, 1, '<div>What number comes next ?</div><div>1, 1, 3, 6, 5, 11, 7, ?</div>', '<p>(a) &nbsp; &nbsp;There are two alternate sequences that increase by 2 and 5, respectively, i.e., 1, 3, 5, 7 and 1, 6, 11, 16.</p>', 1, 0, 0, 0, 1, '1457528847', 0),
(128, 1, '<p>\n      What number comes next ?\n      <br/>\n      1, 5, 11, 19, 29, ?\n    </p>', '<div>(c) &nbsp; &nbsp;Difference between successive terms :</div>\n\n<div>&nbsp; &nbsp; &nbsp; &nbsp; 4, 6, 8, 10</div>\n\n<div>&nbsp; &nbsp; &nbsp; &nbsp; Continuing in this way next term is 41.</div>', 1, 0, 0, 0, 1, '1457528847', 0),
(129, 1, '<div>Give the next number in this series :</div><div>220, 200, 100, 80, 40, 20, ?</div>', '<p>(b) &nbsp; &nbsp;â€“20, x/2, â€“20, x/2, â€“20, x/2</p>', 1, 0, 0, 0, 1, '1457528847', 0),
(130, 1, '<p>\n      Give the next number in this series :\n      <br/>\n      3, 8, 18, 23, 33, (?), 48\n    </p>', '<div>(d) &nbsp; &nbsp; The successive differences in this series form a pattern. The differences are 5, 10, 5, 10..............</div>\n\n<div>&nbsp; &nbsp; &nbsp; &nbsp; &nbsp; Next difference should be 5 so that the missing term is&nbsp;</div>\n\n<div>&nbsp; &nbsp; &nbsp; &nbsp; &nbsp; 33 + 5 = 38. This matches with the pattern of differences is 5, 10, 5, 10, 5, 10.... Hence the correct answer is 38.</div>', 1, 0, 0, 0, 1, '1457528847', 0),
(131, 1, '<p>APzlt, cqynr, erxpp, gswrn, itvtl (?)</p>', '<div>(a) &nbsp; &nbsp;Letters in the 2nd place are&nbsp;</div>\n\n<div>&nbsp; &nbsp; &nbsp; &nbsp; P, Q, R, S, T next should be U.&nbsp;</div>\n\n<div>&nbsp; &nbsp; &nbsp; &nbsp; Letters in the 3rd place are Z, Y, X, W, V. These are continuous letters in the reverse order.&nbsp;</div>\n\n<div>&nbsp; &nbsp; &nbsp; &nbsp; Hence next letter should be U.&nbsp;</div>\n\n<div>&nbsp; &nbsp; &nbsp; &nbsp; With two letters only we could say that the answer is (a).&nbsp;</div>\n\n<div>&nbsp; &nbsp; &nbsp; &nbsp; The third letter confirms the same.&nbsp;</div>', 1, 0, 0, 0, 1, '1457528847', 0),
(132, 1, '<p>\n      Give the next number in this series :\n      <br/>\n      41, 31, ?, 17, 11, 5\n    </p>', '<p>(c) &nbsp; This is a series of prime number.</p>', 1, 0, 0, 0, 1, '1457528847', 0),
(133, 1, '<p>\n      Give the next number in this series :\n      <br/>\n      8, 15, 28, 53, ?\n    </p>', '<div>(d) &nbsp; &nbsp;Let x = 8</div>\n\n<div>&nbsp; &nbsp; &nbsp; &nbsp; &nbsp;then 15 = 2x â€“ 1 = y&nbsp;</div>\n\n<div>&nbsp; &nbsp; &nbsp; &nbsp; 28 = 2y â€“ 2 = z&nbsp;</div>\n\n<div>&nbsp; &nbsp; &nbsp; &nbsp; 53 = 2z â€“ 3 = m&nbsp;</div>\n\n<div>&nbsp; &nbsp; &nbsp; &nbsp; &nbsp;Next term in the pattern should be &nbsp;2m â€“ 4 = 2 x 53 â€“ 4 = 102&nbsp;</div>', 1, 0, 0, 0, 1, '1457528847', 0),
(134, 1, '<p>\n      Give the next number in this series :\n      <br/>\n      5, 10, 13, 26, 29, 58, ?, 122\n    </p>', '<p>(b) &nbsp; This series contains the combination of two sequences. The lst sequence is the addition of 3 after doubling the previous number. &nbsp; &nbsp; &nbsp; &nbsp; &nbsp; While second is the addition of 6 after doubling the previous number.</p>', 1, 0, 0, 0, 1, '1457528847', 0),
(135, 1, '<p>\n      Which of the following integers are multiples of both 2 and 3?\n      <br/>\n      <br/>\n      Indicate\n      <u>all</u>\n      such integers.\n    </p>', '<p>You can first identify the multiples of 2, which are 8, 12, 18 and 36, and then among the multiples of 2 identify the multiples of 3, which are 12, 18 and 36. Alternatively, if you realize that every number that is a multiple of 2 and 3 is also a multiple of 6, you can identify the choices that are multiples of 6. <strong>The correct answer consists of Choices C (12), D (18) and F (36)</strong>.</p>', 2, 0, 0, 0, 1, '1457528880', 0),
(136, 1, '<p>\n      Each employee of a certain company is in either Department\n      <em>X</em>\n      or Department\n      <em>Y</em>\n      , and there are more than twice as many employees in Department\n      <em>X</em>\n      as in Department\n      <em>Y</em>\n      . The average (arithmetic mean) salary is $25,000 for the employees in Department\n      <em>X</em>\n      and $35,000 for the employees in Department\n      <em>Y</em>\n      . Which of the following amounts could be the average salary for all of the employees of the company? Each employee of a certain company is in either Department\n      <em>X</em>\n      or Department\n      <em>Y</em>\n      , and there are more than twice as many employees in Department\n      <em>X</em>\n      as in Department\n      <em>Y</em>\n      . The average (arithmetic mean) salary is $25,000 for the employees in Department\n      <em>X</em>\n      and $35,000 for the employees in Department\n      <em>Y</em>\n      . Which of the following amounts could be the average salary for all of the employees of the company?\n    </p>', '', 2, 0, 0, 0, 1, '1457528880', 0),
(137, 1, '<p>\n      Which of the following could be the units digit of 57\n      <sup>n</sup>\n      , where\n      <em>n</em>\n      is a positive integer?\n      <br/>\n      <br/>\n      Indicate\n      <u>all</u>\n      such digits.\n    </p>', '', 2, 0, 0, 0, 1, '1457528880', 0),
(138, 1, '<p>Arrange the words given below in a meaningful sequence.</p>', '', 4, 0, 0, 0, 1, '1457528941', 0),
(139, 1, '<p>Arrange the words given below in a meaningful sequence.</p>', '', 4, 0, 0, 0, 1, '1457528941', 0),
(140, 1, '<p>Arrange the words given below in a meaningful sequence.</p>', '', 4, 0, 0, 0, 1, '1457528941', 0),
(141, 1, '<p>The<select data-id="dd1" disabled="true" style="width:10%"></select>&nbsp;<span style="background-color:rgb(255, 255, 255)">of the Minister&#39;s statement cannot be verified by people who have no access to official records.</span></p>\n', '', 7, 0, 0, 0, 1, '1457529397', 0),
(142, 1, '<p><span style="background-color:rgb(255, 255, 255)">I purposely</span><select data-id="dd1" disabled="true" style="width:10%"></select>&nbsp;<span style="background-color:rgb(255, 255, 255)">meet you during my last visit to Kashmir.</span></p>\n', '<p><span style="background-color:rgb(255, 255, 255)">I purposely didn&#39;t meet you during my last visit to Kashmir.</span></p>\n', 7, 0, 0, 0, 1, '1457529590', 0),
(143, 1, '<p><span style="background-color:rgb(255, 255, 255)">The person who organizes and leads epic performances is the</span><input class="input-droppable" data-id="input2" disabled="true" size="8" /></p>\n', '<p><span style="background-color:rgb(255, 255, 255)">The person who organizes and leads epic performances is the Epic-pourer.</span></p>\n', 8, 0, 0, 0, 1, '1457529762', 0),
(144, 1, '<p><span style="background-color:rgb(255, 255, 255)">Epics recounting the adventures of the Kpelle superhuman hero are referred to as</span></p>\n\n<p>&nbsp;<input class="input-droppable" data-id="input4" disabled="true" size="8" /></p>\n', '<p><span style="background-color:rgb(255, 255, 255)">Epics recounting the adventures of the Kpelle superhuman hero are referred to as&nbsp;Woi-meni-pele.</span></p>\n', 8, 0, 0, 0, 1, '1457529872', 0),
(145, 1, '<p><span style="background-color:rgb(255, 255, 255)">The railroad was not the first institution to impose regularity on society, or to draw attention to the importance of precise timekeeping. For as long as merchants have set out their wares at</span><em>&nbsp;</em><span style="background-color:rgb(255, 255, 255)">daybreak and communal festivities have been celebrated, people have been in rough agreement with their neighbors as to the time of day. The value of this tradition is today more apparent than ever.&nbsp; Were it not for public acceptance of a single yardstick of time, social life would be unbearably chaotic: the massive daily transfers of goods, services, and information would proceed in fits and starts; the very fabric of modern society would begin to unravel.</span></p>\n', '', 11, 0, 0, 0, 1, '1457530160', 0),
(146, 1, '<p><span style="background-color:rgb(255, 255, 255)">What is the main idea of the passage ?</span></p>\n', '<p><span style="background-color:rgb(255, 255, 255)">The main idea of the passage is that societies need to agree about how time is measured in order to function smoothly. Therefore, you should choose answer C.</span></p>\n', 1, 0, 0, 145, 1, '1457530297', 0),
(147, 1, '<p><span style="background-color:rgb(255, 255, 255)">The phrase &quot;this tradition&quot; refers to</span></p>\n', '<p><span style="background-color:rgb(255, 255, 255)">The phrase &quot;this tradition&quot; refers to the preceding clause, &quot;people have been in rough agreement with their neighbors as to the time of day.&quot; Therefore, you should choose answer D.</span></p>\n', 1, 0, 0, 145, 1, '1457530371', 0),
(148, 1, '<p><span style="background-color:rgb(255, 255, 255)">The open-loop transfer function of a plant in a unity feedback configuration is given as&nbsp;</span><span class="math-tex" style="background-color:rgb(255, 255, 255); ">\\(G\\left(s\\right)=\\frac{K\\left(s+4\\right)}{\\left(s+8\\right)\\left(s^2+9\\right)}\\)</span><span style="background-color:rgb(255, 255, 255)">&nbsp;. The value of the gain K(&gt;0) for which -1+j2 lies on the root locus is</span></p>\n', '<p><span style="background-color:rgb(255, 255, 255)">25.5</span></p>\n', 13, 0, 0, 0, 1, '1457530563', 0),
(149, 1, '<p><span style="background-color:rgb(255, 255, 255)">Let the random variable X represent the number of times a fair coin needs to be tossed till two consecutive heads appear for the first time. The expectation of X is</span></p>\n', '<p><span style="background-color:rgb(255, 255, 255)">1.50</span></p>\n', 13, 0, 0, 0, 1, '1457530646', 0);

--
-- Truncate table before insert `question_attempt`
--

TRUNCATE TABLE `question_attempt`;
--
-- Dumping data for table `question_attempt`
--

INSERT INTO `question_attempt` (`id`, `attempt_id`, `question_id`, `section_id`, `question_type`, `question_status`, `time`, `answer`, `correct`, `marks`, `neg_marks`, `student_id`) VALUES
(1, 1, 95, 1, 1, 3, 123, 0, 0, 5, 0, 3),
(2, 1, 96, 1, 1, 3, 5, 0, 0, 5, 0, 3),
(3, 1, 97, 1, 1, 3, 6, 0, 0, 5, 0, 3),
(4, 1, 98, 1, 1, 3, 6, 0, 0, 5, 0, 3),
(5, 1, 99, 1, 1, 3, 5, 0, 0, 5, 0, 3),
(6, 1, 135, 1, 2, 3, 14, 0, 0, 5, 0, 3),
(7, 1, 136, 1, 2, 2, 11, 0, 0, 5, 0, 3),
(8, 1, 137, 1, 2, 2, 8, 0, 0, 5, 0, 3),
(9, 1, 82, 1, 4, 3, 14, 0, 0, 5, 0, 3),
(10, 1, 83, 1, 4, 2, 12, 0, 0, 5, 0, 3),
(11, 1, 85, 2, 5, 3, 55, 0, 0, 5, 0, 3),
(12, 1, 86, 2, 5, 3, 4, 0, 0, 5, 0, 3),
(13, 1, 94, 2, 6, 3, 20, 0, 0, 5, 0, 3),
(14, 1, 92, 2, 6, 3, 21, 0, 0, 5, 0, 3),
(15, 1, 141, 2, 7, 3, 15, 0, 0, 5, 0, 3),
(16, 1, 142, 2, 7, 3, 8, 0, 0, 5, 0, 3),
(17, 1, 143, 2, 8, 3, 8, 0, 0, 5, 0, 3),
(18, 1, 144, 2, 8, 3, 7, 0, 0, 5, 0, 3),
(19, 1, 146, 2, 1, 0, 0, 0, 0, 5, 0, 3),
(20, 1, 147, 2, 1, 0, 0, 0, 0, 5, 0, 3),
(21, 1, 148, 3, 13, 0, 0, 0, 0, 5, 0, 3),
(22, 1, 149, 3, 13, 0, 0, 0, 0, 5, 0, 3),
(23, 1, 95, 1, 1, 0, 0, 0, 0, 5, 0, 3),
(24, 1, 96, 1, 1, 0, 0, 0, 0, 5, 0, 3),
(25, 1, 97, 1, 1, 0, 0, 0, 0, 5, 0, 3),
(26, 1, 98, 1, 1, 0, 0, 0, 0, 5, 0, 3),
(27, 1, 99, 1, 1, 0, 0, 0, 0, 5, 0, 3),
(28, 1, 135, 1, 2, 0, 0, 0, 0, 5, 0, 3),
(29, 1, 136, 1, 2, 0, 0, 0, 0, 5, 0, 3),
(30, 1, 137, 1, 2, 0, 0, 0, 0, 5, 0, 3),
(31, 1, 82, 1, 4, 0, 0, 0, 0, 5, 0, 3),
(32, 1, 83, 1, 4, 0, 0, 0, 0, 5, 0, 3),
(33, 1, 85, 2, 5, 0, 0, 0, 0, 5, 0, 3),
(34, 1, 86, 2, 5, 0, 0, 0, 0, 5, 0, 3),
(35, 1, 94, 2, 6, 0, 0, 0, 0, 5, 0, 3),
(36, 1, 92, 2, 6, 0, 0, 0, 0, 5, 0, 3),
(37, 1, 141, 2, 7, 0, 0, 0, 0, 5, 0, 3),
(38, 1, 142, 2, 7, 0, 0, 0, 0, 5, 0, 3),
(39, 1, 143, 2, 8, 3, 7, 0, 0, 5, 0, 3),
(40, 1, 144, 2, 8, 0, 0, 0, 0, 5, 0, 3),
(41, 1, 146, 2, 1, 0, 0, 0, 0, 5, 0, 3),
(42, 1, 147, 2, 1, 0, 0, 0, 0, 5, 0, 3),
(43, 1, 148, 3, 13, 0, 0, 0, 0, 5, 0, 3),
(44, 1, 149, 3, 13, 0, 0, 0, 0, 5, 0, 3),
(45, 2, 95, 1, 1, 0, 0, 0, 0, 5, 0, 2),
(46, 2, 96, 1, 1, 0, 0, 0, 0, 5, 0, 2),
(47, 2, 97, 1, 1, 0, 0, 0, 0, 5, 0, 2),
(48, 2, 98, 1, 1, 0, 0, 0, 0, 5, 0, 2),
(49, 2, 99, 1, 1, 0, 0, 0, 0, 5, 0, 2),
(50, 2, 135, 1, 2, 0, 0, 0, 0, 5, 0, 2),
(51, 2, 136, 1, 2, 0, 0, 0, 0, 5, 0, 2),
(52, 2, 137, 1, 2, 0, 0, 0, 0, 5, 0, 2),
(53, 2, 82, 1, 4, 0, 0, 0, 0, 5, 0, 2),
(54, 2, 83, 1, 4, 0, 0, 0, 0, 5, 0, 2),
(55, 2, 85, 2, 5, 0, 0, 0, 0, 5, 0, 2),
(56, 2, 86, 2, 5, 0, 0, 0, 0, 5, 0, 2),
(57, 2, 94, 2, 6, 0, 0, 0, 0, 5, 0, 2),
(58, 2, 92, 2, 6, 0, 0, 0, 0, 5, 0, 2),
(59, 2, 141, 2, 7, 0, 0, 0, 0, 5, 0, 2),
(60, 2, 142, 2, 7, 0, 0, 0, 0, 5, 0, 2),
(61, 2, 143, 2, 8, 0, 0, 0, 0, 5, 0, 2),
(62, 2, 144, 2, 8, 0, 0, 0, 0, 5, 0, 2),
(63, 2, 146, 2, 1, 0, 0, 0, 0, 5, 0, 2),
(64, 2, 147, 2, 1, 0, 0, 0, 0, 5, 0, 2),
(65, 2, 148, 3, 13, 0, 0, 0, 0, 5, 0, 2),
(66, 2, 149, 3, 13, 0, 0, 0, 0, 5, 0, 2),
(67, 2, 95, 1, 1, 0, 0, 0, 0, 5, 0, 2),
(68, 2, 96, 1, 1, 0, 0, 0, 0, 5, 0, 2),
(69, 2, 97, 1, 1, 0, 0, 0, 0, 5, 0, 2),
(70, 2, 98, 1, 1, 0, 0, 0, 0, 5, 0, 2),
(71, 2, 99, 1, 1, 0, 0, 0, 0, 5, 0, 2),
(72, 2, 135, 1, 2, 0, 0, 0, 0, 5, 0, 2),
(73, 2, 136, 1, 2, 0, 0, 0, 0, 5, 0, 2),
(74, 2, 137, 1, 2, 0, 0, 0, 0, 5, 0, 2),
(75, 2, 82, 1, 4, 0, 0, 0, 0, 5, 0, 2),
(76, 2, 83, 1, 4, 0, 0, 0, 0, 5, 0, 2),
(77, 2, 85, 2, 5, 0, 0, 0, 0, 5, 0, 2),
(78, 2, 86, 2, 5, 0, 0, 0, 0, 5, 0, 2),
(79, 2, 94, 2, 6, 0, 0, 0, 0, 5, 0, 2),
(80, 2, 92, 2, 6, 0, 0, 0, 0, 5, 0, 2),
(81, 2, 141, 2, 7, 0, 0, 0, 0, 5, 0, 2),
(82, 2, 142, 2, 7, 0, 0, 0, 0, 5, 0, 2),
(83, 2, 143, 2, 8, 0, 0, 0, 0, 5, 0, 2),
(84, 2, 144, 2, 8, 0, 0, 0, 0, 5, 0, 2),
(85, 2, 146, 2, 1, 0, 0, 0, 0, 5, 0, 2),
(86, 2, 147, 2, 1, 0, 0, 0, 0, 5, 0, 2),
(87, 2, 148, 3, 13, 0, 0, 0, 0, 5, 0, 2),
(88, 2, 149, 3, 13, 0, 0, 0, 0, 5, 0, 2);

--
-- Truncate table before insert `question_skills`
--

TRUNCATE TABLE `question_skills`;
--
-- Truncate table before insert `question_types`
--

TRUNCATE TABLE `question_types`;
--
-- Dumping data for table `question_types`
--

INSERT INTO `question_types` (`id`, `question_type`, `short_name`) VALUES
(1, 'Single Choice Questions', 'scq'),
(2, 'Multiple Choice Questions', 'mcq'),
(4, 'Sequencing Type Questions', 'secquencing'),
(5, 'Matching (Drag n Drop)', 'matching'),
(6, 'Fill In THE Blanks', 'fb'),
(7, 'Fill in the Blanks (Drop Down)', 'fb (dd)'),
(8, 'Fill in the Blanks (Drag n Drop)', 'fb (dnd)'),
(10, 'Descriptive', 'descriptive'),
(11, 'Passage', 'passage'),
(12, 'Matrix-Multiple Matching', 'matrix'),
(13, 'Integer Answer Questions', 'integer');

--
-- Truncate table before insert `section`
--

TRUNCATE TABLE `section`;
--
-- Dumping data for table `section`
--

INSERT INTO `section` (`id`, `name`, `total_question`, `cut_off_marks`, `test_paper`, `deleted`) VALUES
(1, 'Section A', 10, 20, 1, 0),
(2, 'Section B', 10, 20, 1, 0),
(3, 'Section C', 4, 5, 1, 0);

--
-- Truncate table before insert `skills`
--

TRUNCATE TABLE `skills`;
--
-- Dumping data for table `skills`
--

INSERT INTO `skills` (`id`, `skill`, `description`, `user_id`, `created`, `delete`) VALUES
(1, 'Logical', '', 1, '1457336019', 0);

--
-- Truncate table before insert `student_program`
--

TRUNCATE TABLE `student_program`;
--
-- Dumping data for table `student_program`
--

INSERT INTO `student_program` (`id`, `user_id`, `test_program_id`, `time`) VALUES
(1, 3, 1, 1457513195),
(2, 2, 1, 1457513371);

--
-- Truncate table before insert `student_question_bank`
--

TRUNCATE TABLE `student_question_bank`;
--
-- Truncate table before insert `subjects`
--

TRUNCATE TABLE `subjects`;
--
-- Dumping data for table `subjects`
--

INSERT INTO `subjects` (`id`, `name`, `description`, `class_id`, `user_id`, `created`, `deleted`) VALUES
(1, 'Physics', '', 1, 1, '1457335021', 0),
(2, 'Chemistry ', '', 1, 1, '1457335040', 0),
(3, 'Mathematics', '', 1, 1, '1457335057', 0);

--
-- Truncate table before insert `tags`
--

TRUNCATE TABLE `tags`;
--
-- Dumping data for table `tags`
--

INSERT INTO `tags` (`id`, `tag`, `description`, `user_id`, `created`, `delete`) VALUES
(1, 'Physics', '', 1, '1457335992', 0),
(2, 'Chemistry', '', 1, '1457336007', 0),
(3, 'Mathematics', '', 1, '1457336042', 0);

--
-- Truncate table before insert `tagsofquestion`
--

TRUNCATE TABLE `tagsofquestion`;
--
-- Dumping data for table `tagsofquestion`
--

INSERT INTO `tagsofquestion` (`question_id`, `tagged_id`, `tag_type`) VALUES
(1, 1, 1),
(1, 1, 6),
(1, 1, 2),
(1, 1, 5),
(1, 1, 7),
(1, 6, 3),
(2, 2, 1),
(2, 2, 2),
(2, 9, 3),
(2, 3, 5),
(2, 1, 6),
(2, 1, 7),
(3, 2, 1),
(3, 2, 2),
(3, 9, 3),
(3, 3, 5),
(3, 1, 6),
(3, 1, 7),
(4, 2, 1),
(4, 2, 2),
(4, 9, 3),
(4, 3, 5),
(4, 1, 6),
(4, 1, 7),
(5, 2, 1),
(5, 2, 2),
(5, 9, 3),
(5, 3, 5),
(5, 1, 6),
(5, 1, 7),
(6, 2, 1),
(6, 2, 2),
(6, 9, 3),
(6, 3, 5),
(6, 1, 6),
(6, 1, 7),
(7, 2, 1),
(7, 2, 2),
(7, 9, 3),
(7, 3, 5),
(7, 1, 6),
(7, 1, 7),
(8, 2, 1),
(8, 2, 2),
(8, 9, 3),
(8, 3, 5),
(8, 1, 6),
(8, 1, 7),
(9, 2, 1),
(9, 2, 2),
(9, 9, 3),
(9, 3, 5),
(9, 1, 6),
(9, 1, 7),
(10, 2, 1),
(10, 2, 2),
(10, 9, 3),
(10, 3, 5),
(10, 1, 6),
(10, 1, 7),
(11, 2, 1),
(11, 2, 2),
(11, 9, 3),
(11, 3, 5),
(11, 1, 6),
(11, 1, 7),
(12, 2, 1),
(12, 2, 2),
(12, 9, 3),
(12, 3, 5),
(12, 1, 6),
(12, 1, 7),
(13, 2, 1),
(13, 2, 2),
(13, 9, 3),
(13, 3, 5),
(13, 1, 6),
(13, 1, 7),
(14, 2, 1),
(14, 2, 2),
(14, 9, 3),
(14, 3, 5),
(14, 1, 6),
(14, 1, 7),
(15, 2, 1),
(15, 2, 2),
(15, 9, 3),
(15, 3, 5),
(15, 1, 6),
(15, 1, 7),
(16, 2, 1),
(16, 2, 2),
(16, 9, 3),
(16, 3, 5),
(16, 1, 6),
(16, 1, 7),
(17, 1, 1),
(17, 1, 2),
(17, 1, 3),
(17, 1, 5),
(17, 1, 6),
(17, 1, 7),
(18, 1, 1),
(18, 1, 2),
(18, 1, 3),
(18, 1, 5),
(18, 1, 6),
(18, 1, 7),
(19, 1, 1),
(19, 1, 2),
(19, 1, 3),
(19, 1, 5),
(19, 1, 6),
(19, 1, 7),
(20, 1, 1),
(20, 1, 2),
(20, 1, 3),
(20, 1, 5),
(20, 1, 6),
(20, 1, 7),
(21, 1, 1),
(21, 1, 2),
(21, 1, 3),
(21, 1, 5),
(21, 1, 6),
(21, 1, 7),
(22, 1, 1),
(22, 1, 2),
(22, 1, 3),
(22, 1, 5),
(22, 1, 6),
(22, 1, 7),
(23, 1, 1),
(23, 1, 2),
(23, 1, 3),
(23, 1, 5),
(23, 1, 6),
(23, 1, 7),
(24, 1, 1),
(24, 1, 2),
(24, 1, 3),
(24, 1, 5),
(24, 1, 6),
(24, 1, 7),
(25, 1, 1),
(25, 1, 2),
(25, 1, 3),
(25, 1, 5),
(25, 1, 6),
(25, 1, 7),
(26, 1, 1),
(26, 1, 2),
(26, 1, 3),
(26, 1, 5),
(26, 1, 6),
(26, 1, 7),
(27, 1, 1),
(27, 1, 2),
(27, 1, 3),
(27, 1, 5),
(27, 1, 6),
(27, 1, 7),
(28, 1, 1),
(28, 1, 2),
(28, 1, 3),
(28, 1, 5),
(28, 1, 6),
(28, 1, 7),
(29, 1, 1),
(29, 1, 2),
(29, 1, 3),
(29, 1, 5),
(29, 1, 6),
(29, 1, 7),
(30, 1, 1),
(30, 1, 2),
(30, 1, 3),
(30, 1, 5),
(30, 1, 6),
(30, 1, 7),
(31, 1, 1),
(31, 1, 2),
(31, 1, 3),
(31, 1, 5),
(31, 1, 6),
(31, 1, 7),
(32, 1, 1),
(32, 1, 2),
(32, 1, 3),
(32, 3, 5),
(32, 1, 6),
(32, 1, 7),
(33, 1, 1),
(33, 1, 2),
(33, 1, 3),
(33, 3, 5),
(33, 1, 6),
(33, 1, 7),
(34, 1, 1),
(34, 1, 2),
(34, 1, 3),
(34, 3, 5),
(34, 1, 6),
(34, 1, 7),
(35, 1, 1),
(35, 1, 2),
(35, 1, 3),
(35, 3, 5),
(35, 1, 6),
(35, 1, 7),
(36, 1, 1),
(36, 1, 2),
(36, 1, 3),
(36, 3, 5),
(36, 1, 6),
(36, 1, 7),
(37, 1, 1),
(37, 1, 2),
(37, 1, 3),
(37, 3, 5),
(37, 1, 6),
(37, 1, 7),
(38, 1, 1),
(38, 1, 2),
(38, 1, 3),
(38, 3, 5),
(38, 1, 6),
(38, 1, 7),
(39, 1, 1),
(39, 1, 2),
(39, 1, 3),
(39, 3, 5),
(39, 1, 6),
(39, 1, 7),
(40, 1, 1),
(40, 1, 2),
(40, 1, 3),
(40, 3, 5),
(40, 1, 6),
(40, 1, 7),
(41, 1, 1),
(41, 1, 2),
(41, 1, 3),
(41, 3, 5),
(41, 1, 6),
(41, 1, 7),
(42, 1, 1),
(42, 1, 2),
(42, 1, 3),
(42, 3, 5),
(42, 1, 6),
(42, 1, 7),
(43, 1, 1),
(43, 1, 2),
(43, 1, 3),
(43, 3, 5),
(43, 1, 6),
(43, 1, 7),
(44, 1, 1),
(44, 1, 2),
(44, 1, 3),
(44, 3, 5),
(44, 1, 6),
(44, 1, 7),
(45, 1, 1),
(45, 1, 2),
(45, 1, 3),
(45, 3, 5),
(45, 1, 6),
(45, 1, 7),
(46, 1, 1),
(46, 1, 2),
(46, 1, 3),
(46, 3, 5),
(46, 1, 6),
(46, 1, 7),
(47, 1, 1),
(47, 1, 2),
(47, 1, 3),
(47, 3, 5),
(47, 1, 6),
(47, 1, 7),
(48, 1, 1),
(48, 1, 2),
(48, 1, 3),
(48, 3, 5),
(48, 1, 6),
(48, 1, 7),
(49, 1, 1),
(49, 1, 2),
(49, 1, 3),
(49, 3, 5),
(49, 1, 6),
(49, 1, 7),
(50, 1, 1),
(50, 1, 2),
(50, 1, 3),
(50, 3, 5),
(50, 1, 6),
(50, 1, 7),
(51, 1, 1),
(51, 1, 2),
(51, 1, 3),
(51, 3, 5),
(51, 1, 6),
(51, 1, 7),
(52, 1, 1),
(52, 1, 2),
(52, 1, 3),
(52, 3, 5),
(52, 1, 6),
(52, 1, 7),
(53, 1, 1),
(53, 1, 2),
(53, 1, 3),
(53, 3, 5),
(53, 1, 6),
(53, 1, 7),
(54, 1, 1),
(54, 1, 2),
(54, 1, 3),
(54, 3, 5),
(54, 1, 6),
(54, 1, 7),
(55, 1, 1),
(55, 1, 2),
(55, 1, 3),
(55, 3, 5),
(55, 1, 6),
(55, 1, 7),
(56, 1, 1),
(56, 1, 2),
(56, 1, 3),
(56, 3, 5),
(56, 1, 6),
(56, 1, 7),
(57, 1, 1),
(57, 1, 2),
(57, 1, 3),
(57, 3, 5),
(57, 1, 6),
(57, 1, 7),
(58, 1, 1),
(58, 1, 2),
(58, 1, 3),
(58, 3, 5),
(58, 1, 6),
(58, 1, 7),
(59, 1, 1),
(59, 1, 2),
(59, 1, 3),
(59, 3, 5),
(59, 1, 6),
(59, 1, 7),
(60, 1, 1),
(60, 1, 2),
(60, 1, 3),
(60, 3, 5),
(60, 1, 6),
(60, 1, 7),
(61, 1, 1),
(61, 1, 2),
(61, 1, 3),
(61, 3, 5),
(61, 1, 6),
(61, 1, 7),
(62, 1, 1),
(62, 1, 2),
(62, 1, 3),
(62, 3, 5),
(62, 1, 6),
(62, 1, 7),
(63, 1, 1),
(63, 1, 2),
(63, 1, 3),
(63, 3, 5),
(63, 1, 6),
(63, 1, 7),
(64, 1, 1),
(64, 1, 2),
(64, 1, 3),
(64, 3, 5),
(64, 1, 6),
(64, 1, 7),
(65, 1, 1),
(65, 1, 2),
(65, 1, 3),
(65, 3, 5),
(65, 1, 6),
(65, 1, 7),
(66, 1, 1),
(66, 1, 2),
(66, 1, 3),
(66, 3, 5),
(66, 1, 6),
(66, 1, 7),
(67, 1, 1),
(67, 1, 2),
(67, 1, 3),
(67, 3, 5),
(67, 1, 6),
(67, 1, 7),
(68, 1, 1),
(68, 1, 2),
(68, 1, 3),
(68, 3, 5),
(68, 1, 6),
(68, 1, 7),
(69, 1, 1),
(69, 1, 2),
(69, 1, 3),
(69, 3, 5),
(69, 1, 6),
(69, 1, 7),
(70, 1, 1),
(70, 1, 2),
(70, 1, 3),
(70, 3, 5),
(70, 1, 6),
(70, 1, 7),
(71, 1, 1),
(71, 1, 2),
(71, 1, 3),
(71, 3, 5),
(71, 1, 6),
(71, 1, 7),
(72, 1, 1),
(72, 1, 2),
(72, 1, 3),
(72, 3, 5),
(72, 1, 6),
(72, 1, 7),
(73, 1, 1),
(73, 1, 2),
(73, 1, 3),
(73, 3, 5),
(73, 1, 6),
(73, 1, 7),
(74, 1, 1),
(74, 1, 2),
(74, 1, 3),
(74, 3, 5),
(74, 1, 6),
(74, 1, 7),
(75, 1, 1),
(75, 1, 2),
(75, 1, 3),
(75, 3, 5),
(75, 1, 6),
(75, 1, 7),
(76, 1, 1),
(76, 1, 2),
(76, 1, 3),
(76, 3, 5),
(76, 1, 6),
(76, 1, 7),
(77, 1, 1),
(77, 1, 2),
(77, 1, 3),
(77, 3, 5),
(77, 1, 6),
(77, 1, 7),
(78, 1, 1),
(78, 1, 2),
(78, 1, 3),
(78, 3, 5),
(78, 1, 6),
(78, 1, 7),
(79, 1, 1),
(79, 1, 2),
(79, 1, 3),
(79, 3, 5),
(79, 1, 6),
(79, 1, 7),
(80, 1, 1),
(80, 1, 2),
(80, 1, 3),
(80, 3, 5),
(80, 1, 6),
(80, 1, 7),
(81, 1, 1),
(81, 1, 2),
(81, 1, 3),
(81, 3, 5),
(81, 1, 6),
(81, 1, 7),
(82, 1, 1),
(82, 1, 2),
(82, 1, 3),
(82, 1, 5),
(82, 1, 6),
(82, 1, 7),
(83, 1, 1),
(83, 1, 2),
(83, 1, 3),
(83, 1, 5),
(83, 1, 6),
(83, 1, 7),
(84, 1, 1),
(84, 1, 2),
(84, 1, 3),
(84, 1, 5),
(84, 1, 6),
(84, 1, 7),
(85, 1, 1),
(85, 1, 2),
(85, 1, 3),
(85, 1, 5),
(85, 1, 6),
(85, 1, 7),
(86, 1, 1),
(86, 1, 2),
(86, 1, 3),
(86, 1, 5),
(86, 1, 6),
(86, 1, 7),
(87, 1, 1),
(87, 1, 2),
(87, 1, 3),
(87, 1, 5),
(87, 1, 6),
(87, 1, 7),
(88, 1, 1),
(88, 1, 2),
(88, 1, 3),
(88, 1, 5),
(88, 1, 6),
(88, 1, 7),
(89, 1, 1),
(89, 1, 2),
(89, 1, 3),
(89, 1, 5),
(89, 1, 6),
(89, 1, 7),
(90, 1, 1),
(90, 1, 2),
(90, 1, 3),
(90, 1, 5),
(90, 1, 6),
(90, 1, 7),
(91, 1, 1),
(91, 1, 2),
(91, 1, 3),
(91, 1, 5),
(91, 1, 6),
(91, 1, 7),
(92, 1, 1),
(92, 1, 2),
(92, 1, 3),
(92, 1, 5),
(92, 1, 6),
(92, 1, 7),
(93, 1, 1),
(93, 1, 2),
(93, 1, 3),
(93, 1, 5),
(93, 1, 6),
(93, 1, 7),
(94, 1, 1),
(94, 1, 2),
(94, 1, 3),
(94, 1, 5),
(94, 1, 6),
(94, 1, 7),
(95, 1, 1),
(95, 1, 2),
(95, 1, 3),
(95, 1, 5),
(95, 1, 6),
(95, 1, 7),
(96, 1, 1),
(96, 1, 2),
(96, 1, 3),
(96, 1, 5),
(96, 1, 6),
(96, 1, 7),
(97, 1, 1),
(97, 1, 2),
(97, 1, 3),
(97, 1, 5),
(97, 1, 6),
(97, 1, 7),
(98, 1, 1),
(98, 1, 2),
(98, 1, 3),
(98, 1, 5),
(98, 1, 6),
(98, 1, 7),
(99, 1, 1),
(99, 1, 2),
(99, 1, 3),
(99, 1, 5),
(99, 1, 6),
(99, 1, 7),
(100, 1, 1),
(100, 1, 2),
(100, 1, 3),
(100, 1, 5),
(100, 1, 6),
(100, 1, 7),
(101, 1, 1),
(101, 1, 2),
(101, 1, 3),
(101, 1, 5),
(101, 1, 6),
(101, 1, 7),
(102, 1, 1),
(102, 1, 2),
(102, 1, 3),
(102, 1, 5),
(102, 1, 6),
(102, 1, 7),
(103, 1, 1),
(103, 1, 2),
(103, 1, 3),
(103, 1, 5),
(103, 1, 6),
(103, 1, 7),
(104, 1, 1),
(104, 1, 2),
(104, 1, 3),
(104, 1, 5),
(104, 1, 6),
(104, 1, 7),
(105, 1, 1),
(105, 1, 2),
(105, 1, 3),
(105, 1, 5),
(105, 1, 6),
(105, 1, 7),
(106, 1, 1),
(106, 1, 2),
(106, 1, 3),
(106, 1, 5),
(106, 1, 6),
(106, 1, 7),
(107, 1, 1),
(107, 1, 2),
(107, 1, 3),
(107, 1, 5),
(107, 1, 6),
(107, 1, 7),
(108, 1, 1),
(108, 1, 2),
(108, 1, 3),
(108, 1, 5),
(108, 1, 6),
(108, 1, 7),
(109, 1, 1),
(109, 1, 2),
(109, 1, 3),
(109, 1, 5),
(109, 1, 6),
(109, 1, 7),
(110, 1, 1),
(110, 1, 2),
(110, 1, 3),
(110, 1, 5),
(110, 1, 6),
(110, 1, 7),
(111, 1, 1),
(111, 1, 2),
(111, 1, 3),
(111, 1, 5),
(111, 1, 6),
(111, 1, 7),
(112, 1, 1),
(112, 1, 2),
(112, 1, 3),
(112, 1, 5),
(112, 1, 6),
(112, 1, 7),
(113, 1, 1),
(113, 1, 2),
(113, 1, 3),
(113, 1, 5),
(113, 1, 6),
(113, 1, 7),
(114, 1, 1),
(114, 1, 2),
(114, 1, 3),
(114, 1, 5),
(114, 1, 6),
(114, 1, 7),
(115, 1, 1),
(115, 1, 2),
(115, 1, 3),
(115, 1, 5),
(115, 1, 6),
(115, 1, 7),
(116, 1, 1),
(116, 1, 2),
(116, 1, 3),
(116, 1, 5),
(116, 1, 6),
(116, 1, 7),
(117, 1, 1),
(117, 1, 2),
(117, 1, 3),
(117, 1, 5),
(117, 1, 6),
(117, 1, 7),
(118, 1, 1),
(118, 1, 2),
(118, 1, 3),
(118, 1, 5),
(118, 1, 6),
(118, 1, 7),
(119, 1, 1),
(119, 1, 2),
(119, 1, 3),
(119, 1, 5),
(119, 1, 6),
(119, 1, 7),
(120, 1, 1),
(120, 1, 2),
(120, 1, 3),
(120, 1, 5),
(120, 1, 6),
(120, 1, 7),
(121, 1, 1),
(121, 1, 2),
(121, 1, 3),
(121, 1, 5),
(121, 1, 6),
(121, 1, 7),
(122, 1, 1),
(122, 1, 2),
(122, 1, 3),
(122, 1, 5),
(122, 1, 6),
(122, 1, 7),
(123, 1, 1),
(123, 1, 2),
(123, 1, 3),
(123, 1, 5),
(123, 1, 6),
(123, 1, 7),
(124, 1, 1),
(124, 1, 2),
(124, 1, 3),
(124, 1, 5),
(124, 1, 6),
(124, 1, 7),
(125, 1, 1),
(125, 1, 2),
(125, 1, 3),
(125, 1, 5),
(125, 1, 6),
(125, 1, 7),
(126, 1, 1),
(126, 1, 2),
(126, 1, 3),
(126, 1, 5),
(126, 1, 6),
(126, 1, 7),
(127, 1, 1),
(127, 1, 2),
(127, 1, 3),
(127, 1, 5),
(127, 1, 6),
(127, 1, 7),
(128, 1, 1),
(128, 1, 2),
(128, 1, 3),
(128, 1, 5),
(128, 1, 6),
(128, 1, 7),
(129, 1, 1),
(129, 1, 2),
(129, 1, 3),
(129, 1, 5),
(129, 1, 6),
(129, 1, 7),
(130, 1, 1),
(130, 1, 2),
(130, 1, 3),
(130, 1, 5),
(130, 1, 6),
(130, 1, 7),
(131, 1, 1),
(131, 1, 2),
(131, 1, 3),
(131, 1, 5),
(131, 1, 6),
(131, 1, 7),
(132, 1, 1),
(132, 1, 2),
(132, 1, 3),
(132, 1, 5),
(132, 1, 6),
(132, 1, 7),
(133, 1, 1),
(133, 1, 2),
(133, 1, 3),
(133, 1, 5),
(133, 1, 6),
(133, 1, 7),
(134, 1, 1),
(134, 1, 2),
(134, 1, 3),
(134, 1, 5),
(134, 1, 6),
(134, 1, 7),
(135, 1, 1),
(135, 1, 2),
(135, 1, 3),
(135, 1, 5),
(135, 1, 6),
(135, 1, 7),
(136, 1, 1),
(136, 1, 2),
(136, 1, 3),
(136, 1, 5),
(136, 1, 6),
(136, 1, 7),
(137, 1, 1),
(137, 1, 2),
(137, 1, 3),
(137, 1, 5),
(137, 1, 6),
(137, 1, 7),
(138, 1, 1),
(138, 1, 2),
(138, 1, 3),
(138, 1, 5),
(138, 1, 6),
(138, 1, 7),
(139, 1, 1),
(139, 1, 2),
(139, 1, 3),
(139, 1, 5),
(139, 1, 6),
(139, 1, 7),
(140, 1, 1),
(140, 1, 2),
(140, 1, 3),
(140, 1, 5),
(140, 1, 6),
(140, 1, 7),
(141, 1, 1),
(141, 1, 2),
(141, 1, 3),
(141, 1, 5),
(141, 1, 6),
(141, 1, 7),
(142, 1, 1),
(142, 1, 2),
(142, 1, 3),
(142, 1, 5),
(142, 1, 6),
(142, 1, 7),
(143, 1, 1),
(143, 1, 2),
(143, 1, 3),
(143, 1, 5),
(143, 1, 6),
(143, 1, 7),
(144, 1, 1),
(144, 1, 2),
(144, 1, 3),
(144, 1, 5),
(144, 1, 6),
(144, 1, 7),
(145, 1, 1),
(145, 1, 2),
(145, 1, 3),
(145, 1, 5),
(145, 1, 6),
(145, 1, 7),
(146, 1, 1),
(146, 1, 2),
(146, 1, 3),
(146, 1, 5),
(146, 1, 6),
(146, 1, 7),
(147, 1, 1),
(147, 1, 2),
(147, 1, 3),
(147, 1, 5),
(147, 1, 6),
(147, 1, 7),
(148, 1, 1),
(148, 1, 2),
(148, 1, 3),
(148, 1, 5),
(148, 1, 6),
(148, 1, 7),
(149, 1, 1),
(149, 1, 2),
(149, 1, 3),
(149, 1, 5),
(149, 1, 6),
(149, 1, 7);

--
-- Truncate table before insert `tags_of_test_paper_label`
--

TRUNCATE TABLE `tags_of_test_paper_label`;
--
-- Dumping data for table `tags_of_test_paper_label`
--

INSERT INTO `tags_of_test_paper_label` (`test_paper_label_id`, `tag_id`) VALUES
(1, 1),
(2, 1),
(3, 1),
(4, 1),
(5, 1),
(6, 1),
(7, 1),
(8, 1),
(9, 1),
(10, 1);

--
-- Truncate table before insert `tag_type`
--

TRUNCATE TABLE `tag_type`;
--
-- Dumping data for table `tag_type`
--

INSERT INTO `tag_type` (`tag_code`, `tag_data`) VALUES
(1, 'subject'),
(2, 'unit'),
(3, 'chapter'),
(4, 'topic'),
(5, 'tag'),
(6, 'difficyulty-level'),
(7, 'skill');

--
-- Truncate table before insert `test_paper`
--

TRUNCATE TABLE `test_paper`;
--
-- Dumping data for table `test_paper`
--

INSERT INTO `test_paper` (`id`, `name`, `type`, `class`, `time`, `total_attempts`, `start_time`, `end_time`, `Instructions`, `status`, `user_id`, `created`, `deleted`, `mode`) VALUES
(1, 'AIEEE 2016 Test Paper', 3, 1, 24, 10, '', '', '<p>Please Fill Instructions...</p>\n', 1, 1, 1457512827, 0, 0);

--
-- Truncate table before insert `test_papers_of_test_program`
--

TRUNCATE TABLE `test_papers_of_test_program`;
--
-- Dumping data for table `test_papers_of_test_program`
--

INSERT INTO `test_papers_of_test_program` (`id`, `test_paper_id`, `test_program_id`, `test_paper_type_id`, `parent_id`, `parent_type`, `created`, `deleted`) VALUES
(1, 1, 1, 3, 1, 2, 1457512966, 0);

--
-- Truncate table before insert `test_paper_attempts`
--

TRUNCATE TABLE `test_paper_attempts`;
--
-- Dumping data for table `test_paper_attempts`
--

INSERT INTO `test_paper_attempts` (`id`, `program_id`, `test_paper_id`, `marks_archived`, `total_marks`, `student_id`, `start_time`, `end_time`, `optimizer_id`, `complete`) VALUES
(1, 1, 1, 0, 210, 3, 1457513261, 0, 0, 0),
(2, 1, 1, 0, 210, 2, 1457513473, 0, 0, 0);

--
-- Truncate table before insert `test_paper_labels`
--

TRUNCATE TABLE `test_paper_labels`;
--
-- Dumping data for table `test_paper_labels`
--

INSERT INTO `test_paper_labels` (`id`, `section_id`, `class_id`, `subject_id`, `unit_id`, `chapter_id`, `topic_id`, `question_type`, `number_of_question`, `difficulty_level`, `skill_id`, `max_marks`, `neg_marks`) VALUES
(1, 1, 1, 1, 1, 1, 0, 1, 5, 1, 1, 5, 0),
(2, 1, 1, 1, 1, 1, 0, 2, 3, 1, 1, 5, 0),
(3, 1, 1, 1, 1, 1, 0, 4, 2, 1, 1, 5, 0),
(4, 2, 1, 1, 1, 1, 0, 5, 2, 1, 1, 5, 0),
(5, 2, 1, 1, 1, 1, 0, 6, 2, 1, 1, 5, 0),
(6, 2, 1, 1, 1, 1, 0, 7, 2, 1, 1, 5, 0),
(7, 2, 1, 1, 1, 1, 0, 8, 2, 1, 1, 5, 0),
(8, 2, 1, 1, 1, 1, 0, 11, 2, 1, 1, 5, 0),
(9, 3, 1, 1, 1, 1, 0, 12, 2, 1, 1, 5, 0),
(10, 3, 1, 1, 1, 1, 0, 13, 2, 1, 1, 5, 0);

--
-- Truncate table before insert `test_paper_questions`
--

TRUNCATE TABLE `test_paper_questions`;
--
-- Dumping data for table `test_paper_questions`
--

INSERT INTO `test_paper_questions` (`id`, `test_paper_id`, `section_id`, `lable_id`, `question_id`, `max_marks`, `neg_marks`, `created`) VALUES
(1, 1, 1, 1, 95, 5, 0, 1457512792),
(2, 1, 1, 1, 96, 5, 0, 1457512792),
(3, 1, 1, 1, 97, 5, 0, 1457512792),
(4, 1, 1, 1, 98, 5, 0, 1457512792),
(5, 1, 1, 1, 99, 5, 0, 1457512792),
(6, 1, 1, 2, 135, 5, 0, 1457512792),
(7, 1, 1, 2, 136, 5, 0, 1457512792),
(8, 1, 1, 2, 137, 5, 0, 1457512792),
(9, 1, 1, 3, 82, 5, 0, 1457512792),
(10, 1, 1, 3, 83, 5, 0, 1457512792),
(11, 1, 2, 4, 85, 5, 0, 1457512792),
(12, 1, 2, 4, 86, 5, 0, 1457512792),
(13, 1, 2, 5, 94, 5, 0, 1457512792),
(14, 1, 2, 5, 92, 5, 0, 1457512792),
(15, 1, 2, 6, 141, 5, 0, 1457512792),
(16, 1, 2, 6, 142, 5, 0, 1457512792),
(17, 1, 2, 7, 143, 5, 0, 1457512792),
(18, 1, 2, 7, 144, 5, 0, 1457512792),
(19, 1, 2, 8, 145, 5, 0, 1457512792),
(20, 1, 3, 10, 148, 5, 0, 1457512792),
(21, 1, 3, 10, 149, 5, 0, 1457512792),
(22, 1, 1, 1, 95, 5, 0, 1457512827),
(23, 1, 1, 1, 96, 5, 0, 1457512827),
(24, 1, 1, 1, 97, 5, 0, 1457512827),
(25, 1, 1, 1, 98, 5, 0, 1457512827),
(26, 1, 1, 1, 99, 5, 0, 1457512827),
(27, 1, 1, 2, 135, 5, 0, 1457512827),
(28, 1, 1, 2, 136, 5, 0, 1457512827),
(29, 1, 1, 2, 137, 5, 0, 1457512827),
(30, 1, 1, 3, 82, 5, 0, 1457512827),
(31, 1, 1, 3, 83, 5, 0, 1457512827),
(32, 1, 2, 4, 85, 5, 0, 1457512827),
(33, 1, 2, 4, 86, 5, 0, 1457512827),
(34, 1, 2, 5, 94, 5, 0, 1457512827),
(35, 1, 2, 5, 92, 5, 0, 1457512827),
(36, 1, 2, 6, 141, 5, 0, 1457512827),
(37, 1, 2, 6, 142, 5, 0, 1457512827),
(38, 1, 2, 7, 143, 5, 0, 1457512827),
(39, 1, 2, 7, 144, 5, 0, 1457512827),
(40, 1, 2, 8, 145, 5, 0, 1457512827),
(41, 1, 3, 10, 148, 5, 0, 1457512827),
(42, 1, 3, 10, 149, 5, 0, 1457512827);

--
-- Truncate table before insert `test_paper_subjects`
--

TRUNCATE TABLE `test_paper_subjects`;
--
-- Dumping data for table `test_paper_subjects`
--

INSERT INTO `test_paper_subjects` (`id`, `test_paper_id`, `subject_id`) VALUES
(2, 1, 1);

--
-- Truncate table before insert `test_paper_type`
--

TRUNCATE TABLE `test_paper_type`;
--
-- Dumping data for table `test_paper_type`
--

INSERT INTO `test_paper_type` (`id`, `type`) VALUES
(1, 'Diagnostic Test'),
(3, 'Chapter Test'),
(4, 'Full Syllabus Test'),
(5, 'Scheduled Test'),
(6, 'Practice Test');

--
-- Truncate table before insert `test_program`
--

TRUNCATE TABLE `test_program`;
--
-- Dumping data for table `test_program`
--

INSERT INTO `test_program` (`id`, `name`, `class`, `price`, `cut_off`, `description`, `image`, `created`, `user`, `status`, `deleted`) VALUES
(1, 'AIEEE 2016 Program', 1, 2499, 60, '<p>0</p>\n', 'assets/frontend/pages/img/test_program/default.jpg', 1457513185, 1, 1, 0);

--
-- Truncate table before insert `test_program_subjects`
--

TRUNCATE TABLE `test_program_subjects`;
--
-- Dumping data for table `test_program_subjects`
--

INSERT INTO `test_program_subjects` (`id`, `test_program_id`, `subject_id`) VALUES
(3, 1, 1);

--
-- Truncate table before insert `topics`
--

TRUNCATE TABLE `topics`;
--
-- Truncate table before insert `units`
--

TRUNCATE TABLE `units`;
--
-- Dumping data for table `units`
--

INSERT INTO `units` (`id`, `name`, `description`, `subject_id`, `user_id`, `created`, `deleted`) VALUES
(1, 'Unit-1', '', 1, 1, 1457335079, 0),
(2, 'Unit-1', '', 2, 1, 1457335275, 0),
(3, 'Unit-1', '', 3, 1, 1457335463, 0);

--
-- Truncate table before insert `users`
--

TRUNCATE TABLE `users`;
--
-- Dumping data for table `users`
--

INSERT INTO `users` (`id`, `first_name`, `last_name`, `email`, `password`, `registered_on`, `last_login`, `banned`, `role`, `deleted`) VALUES
(1, 'Admin', '', 'admin', '21232f297a57a5a743894a0e4a801fc3', 0, '1457510663', 0, 1, 0),
(2, 'Ravi', 'Arya', 'raviarya.4thpointer@gmail.com', '25f9e794323b453885f5181f1b624d0b', 1457510913, '1457510913', 0, 4, 0),
(3, 'Deepak', 'kumar', 'deepak.4thpointer@gmail.com', 'e09c80c42fda55f9d992e59ca6b3307d', 1457513005, '1457513005', 0, 4, 0);

--
-- Truncate table before insert `user_roles`
--

TRUNCATE TABLE `user_roles`;
--
-- Dumping data for table `user_roles`
--

INSERT INTO `user_roles` (`id`, `role`) VALUES
(1, 'Super Admin'),
(2, 'SME'),
(3, 'DTP'),
(4, 'Student');
