-- phpMyAdmin SQL Dump
-- version 4.4.14
-- http://www.phpmyadmin.net
--
-- Host: 127.0.0.1
-- Generation Time: Dec 21, 2015 at 07:12 AM
-- Server version: 5.6.26
-- PHP Version: 5.6.12

SET SQL_MODE = "NO_AUTO_VALUE_ON_ZERO";
SET time_zone = "+00:00";


/*!40101 SET @OLD_CHARACTER_SET_CLIENT=@@CHARACTER_SET_CLIENT */;
/*!40101 SET @OLD_CHARACTER_SET_RESULTS=@@CHARACTER_SET_RESULTS */;
/*!40101 SET @OLD_COLLATION_CONNECTION=@@COLLATION_CONNECTION */;
/*!40101 SET NAMES utf8mb4 */;

--
-- Database: `test_engine`
--

-- --------------------------------------------------------

--
-- Table structure for table `answers_of_question_attempts`
--

DROP TABLE IF EXISTS `answers_of_question_attempts`;
CREATE TABLE IF NOT EXISTS `answers_of_question_attempts` (
  `id` int(11) NOT NULL,
  `question_attempt_id` int(11) NOT NULL,
  `question_id` int(11) NOT NULL,
  `option_id` int(11) NOT NULL DEFAULT '0'
) ENGINE=InnoDB AUTO_INCREMENT=465 DEFAULT CHARSET=latin1;

--
-- Dumping data for table `answers_of_question_attempts`
--

INSERT INTO `answers_of_question_attempts` (`id`, `question_attempt_id`, `question_id`, `option_id`) VALUES
(29, 16, 1, 4),
(30, 17, 2, 6),
(31, 18, 3, 11),
(32, 19, 4, 14),
(33, 20, 5, 18),
(34, 21, 6, 24),
(35, 22, 7, 26),
(36, 23, 8, 30),
(37, 24, 9, 36),
(38, 25, 11, 54),
(39, 26, 14, 179),
(40, 27, 12, 150),
(41, 28, 13, 174),
(42, 28, 13, 177),
(43, 28, 13, 175),
(44, 29, 15, 168),
(45, 29, 15, 169),
(46, 29, 15, 170),
(47, 29, 15, 171),
(48, 30, 16, 164),
(49, 30, 16, 165),
(50, 30, 16, 166),
(51, 30, 16, 167),
(70, 1, 1, 4),
(71, 2, 2, 6),
(72, 3, 3, 11),
(73, 4, 4, 16),
(74, 5, 5, 18),
(75, 6, 6, 21),
(76, 7, 7, 26),
(77, 8, 8, 29),
(78, 9, 9, 36),
(79, 10, 11, 54),
(80, 11, 14, 179),
(81, 12, 12, 150),
(82, 13, 13, 175),
(83, 13, 13, 177),
(84, 13, 13, 174),
(85, 14, 15, 168),
(86, 14, 15, 169),
(87, 14, 15, 170),
(88, 14, 15, 171),
(89, 15, 16, 164),
(90, 15, 16, 165),
(91, 15, 16, 166),
(92, 15, 16, 167),
(116, 31, 1, 4),
(117, 32, 2, 6),
(118, 33, 3, 11),
(119, 34, 4, 14),
(120, 35, 5, 18),
(121, 36, 6, 24),
(122, 37, 7, 26),
(123, 38, 8, 29),
(124, 39, 9, 36),
(125, 40, 11, 54),
(126, 41, 14, 179),
(127, 42, 12, 150),
(128, 43, 13, 177),
(129, 43, 13, 174),
(130, 43, 13, 175),
(131, 44, 15, 168),
(132, 44, 15, 169),
(133, 44, 15, 170),
(134, 44, 15, 171),
(135, 45, 16, 164),
(136, 45, 16, 165),
(137, 45, 16, 166),
(138, 45, 16, 167),
(162, 46, 1, 4),
(163, 47, 2, 6),
(164, 48, 3, 11),
(165, 49, 4, 14),
(166, 50, 5, 18),
(167, 51, 6, 24),
(168, 52, 7, 26),
(169, 53, 8, 31),
(170, 54, 9, 36),
(171, 55, 11, 54),
(172, 56, 14, 179),
(173, 57, 12, 150),
(174, 58, 13, 177),
(175, 58, 13, 174),
(176, 58, 13, 175),
(177, 59, 15, 168),
(178, 59, 15, 169),
(179, 59, 15, 170),
(180, 59, 15, 171),
(181, 60, 16, 164),
(182, 60, 16, 165),
(183, 60, 16, 166),
(184, 60, 16, 167),
(209, 61, 1, 4),
(210, 62, 2, 6),
(211, 63, 3, 11),
(212, 64, 4, 14),
(213, 65, 5, 18),
(214, 66, 6, 24),
(215, 67, 7, 26),
(216, 68, 8, 31),
(217, 69, 9, 36),
(218, 70, 11, 54),
(219, 71, 14, 179),
(220, 72, 12, 150),
(221, 73, 13, 175),
(222, 73, 13, 177),
(223, 73, 13, 174),
(224, 74, 15, 168),
(225, 74, 15, 169),
(226, 74, 15, 170),
(227, 74, 15, 171),
(228, 75, 16, 164),
(229, 75, 16, 165),
(230, 75, 16, 166),
(231, 75, 16, 167),
(255, 76, 1, 4),
(256, 77, 2, 6),
(257, 78, 3, 11),
(258, 79, 4, 14),
(259, 80, 5, 18),
(260, 81, 6, 24),
(261, 82, 7, 26),
(262, 83, 8, 30),
(263, 84, 9, 36),
(264, 85, 11, 54),
(265, 86, 14, 179),
(266, 87, 12, 150),
(267, 88, 13, 177),
(268, 88, 13, 174),
(269, 88, 13, 175),
(270, 89, 15, 168),
(271, 89, 15, 169),
(272, 89, 15, 170),
(273, 89, 15, 171),
(274, 90, 16, 164),
(275, 90, 16, 165),
(276, 90, 16, 166),
(277, 90, 16, 167),
(283, 118, 9, 36),
(284, 119, 8, 30),
(285, 120, 7, 26),
(286, 121, 6, 24),
(287, 122, 5, 18),
(298, 137, 1, 4),
(299, 138, 2, 6),
(300, 139, 3, 12),
(301, 140, 4, 15),
(302, 141, 5, 18),
(303, 142, 6, 24),
(304, 143, 7, 26),
(305, 144, 8, 31),
(306, 145, 9, 36),
(312, 185, 9, 36),
(313, 186, 8, 31),
(314, 187, 7, 26),
(315, 188, 6, 24),
(316, 189, 5, 18),
(323, 210, 12, 149),
(324, 211, 1, 4),
(325, 212, 2, 5),
(326, 213, 3, 9),
(327, 214, 4, 13),
(328, 215, 5, 18),
(330, 216, 12, 150),
(340, 223, 13, 174),
(341, 223, 13, 177),
(342, 223, 13, 175),
(343, 224, 12, 150),
(344, 225, 11, 54),
(345, 226, 9, 36),
(346, 227, 8, 32),
(347, 228, 7, 26),
(348, 229, 6, 24),
(351, 230, 14, 181),
(352, 231, 8, 31),
(363, 232, 14, 179),
(364, 233, 13, 174),
(365, 233, 13, 177),
(366, 233, 13, 175),
(367, 234, 12, 150),
(368, 235, 11, 54),
(369, 236, 9, 36),
(370, 237, 8, 30),
(371, 238, 7, 28),
(372, 239, 6, 24),
(374, 240, 7, 26),
(381, 241, 14, 180),
(382, 242, 13, 174),
(383, 242, 13, 175),
(384, 242, 13, 177),
(385, 243, 12, 150),
(386, 244, 11, 54),
(394, 264, 12, 150),
(395, 265, 1, 1),
(396, 266, 2, 5),
(397, 267, 3, 10),
(398, 268, 4, 13),
(399, 269, 5, 20),
(405, 270, 1, 3),
(406, 271, 2, 7),
(407, 272, 3, 10),
(408, 273, 4, 15),
(409, 274, 5, 19),
(419, 275, 1, 4),
(420, 276, 2, 8),
(421, 277, 3, 11),
(422, 278, 4, 15),
(423, 279, 5, 20),
(424, 280, 6, 24),
(425, 281, 7, 27),
(426, 282, 8, 31),
(427, 283, 9, 34),
(435, 290, 2, 8),
(436, 291, 4, 15),
(437, 292, 5, 18),
(438, 293, 7, 28),
(439, 295, 9, 36),
(440, 296, 11, 56),
(451, 302, 17, 160),
(452, 302, 17, 161),
(453, 302, 17, 159),
(454, 302, 17, 163),
(455, 302, 17, 162),
(456, 302, 17, 158),
(457, 303, 16, 164),
(458, 303, 16, 165),
(459, 303, 16, 166),
(460, 303, 16, 167),
(462, 313, 11, 54),
(464, 315, 11, 55);

-- --------------------------------------------------------

--
-- Table structure for table `chapters`
--

DROP TABLE IF EXISTS `chapters`;
CREATE TABLE IF NOT EXISTS `chapters` (
  `id` int(11) NOT NULL,
  `name` varchar(150) NOT NULL,
  `description` varchar(150) NOT NULL,
  `unit_id` int(11) NOT NULL,
  `user_id` int(11) NOT NULL,
  `time` varchar(25) NOT NULL,
  `created` varchar(30) NOT NULL,
  `deleted` tinyint(1) NOT NULL
) ENGINE=InnoDB AUTO_INCREMENT=20 DEFAULT CHARSET=latin1;

--
-- Dumping data for table `chapters`
--

INSERT INTO `chapters` (`id`, `name`, `description`, `unit_id`, `user_id`, `time`, `created`, `deleted`) VALUES
(1, 'Algebra', '', 1, 1, '60', '1444214509', 0),
(2, 'Geometry', '', 2, 1, '60', '1444214604', 0),
(3, 'Economy of india', '', 3, 1, '30', '1444214772', 0),
(4, 'Geography', '', 4, 1, '40', '1444214870', 0),
(5, 'Geography', '', 5, 1, '50', '1444888341', 0),
(6, 'Astrology', '', 5, 1, '30', '1444888376', 0),
(7, 'History', '', 6, 1, '50', '1444888400', 0),
(8, 'Civics', '', 6, 1, '40', '1444888446', 0),
(9, 'Algebra', '', 7, 1, '60', '1444903106', 0),
(10, 'Calculas', '', 7, 1, '60', '1444903143', 0),
(11, 'Chapter 1', '', 9, 1, '1', '1445318248', 0),
(12, 'Chapter 1', '', 10, 1, '1', '1445337035', 0),
(13, 'TestChapter323', 'This is test chapter description', 12, 1, '2', '1448031816', 0),
(14, 'TestChapter585', 'This is test chapter description', 14, 1, '2', '1448034109', 0),
(15, 'TestChapter832', 'This is test chapter description', 15, 1, '2', '1448430858', 0),
(16, 'chap', 'as', 16, 1, '78', '1448432469', 0),
(17, 'chap xyz', '', 16, 1, '123', '1448432755', 1),
(18, 'chapter 1', '', 17, 1, '1', '1448431760', 0),
(19, 'chapter 1', '', 18, 1, '5', '1450674789', 0);

-- --------------------------------------------------------

--
-- Table structure for table `classes`
--

DROP TABLE IF EXISTS `classes`;
CREATE TABLE IF NOT EXISTS `classes` (
  `id` int(11) NOT NULL,
  `name` varchar(150) NOT NULL,
  `description` varchar(50) NOT NULL,
  `user_id` int(11) NOT NULL,
  `created` varchar(30) NOT NULL,
  `deleted` tinyint(1) NOT NULL
) ENGINE=InnoDB AUTO_INCREMENT=12 DEFAULT CHARSET=latin1;

--
-- Dumping data for table `classes`
--

INSERT INTO `classes` (`id`, `name`, `description`, `user_id`, `created`, `deleted`) VALUES
(1, 'SSC CGL', '', 1, '1444213090', 0),
(2, 'IBPS PO', '', 1, '1444888139', 0),
(3, '10th', '', 1, '1445261005', 0),
(4, 'TestClass341', 'This is test class description', 1, '1445859260', 1),
(5, 'TestClass736', 'This is test class description', 1, '1448031842', 1),
(6, 'TestClass510', 'This is test class description', 1, '1448031871', 0),
(7, 'TestClass928', 'This is test class description', 1, '1448034160', 1),
(8, 'TestClass556', 'This is test class description', 1, '1448430887', 1),
(9, 'xyz class', '', 1, '1448430928', 1),
(10, 'class xyz', '', 1, '1448431220', 0),
(11, 'test class', '', 1, '1450674720', 0);

-- --------------------------------------------------------

--
-- Table structure for table `coupons`
--

DROP TABLE IF EXISTS `coupons`;
CREATE TABLE IF NOT EXISTS `coupons` (
  `id` int(11) NOT NULL,
  `code` varchar(110) NOT NULL,
  `test_program_id` int(11) NOT NULL,
  `institute_id` int(11) NOT NULL DEFAULT '0',
  `student_id` int(11) NOT NULL DEFAULT '0',
  `expiry_date` int(25) NOT NULL,
  `created` int(25) NOT NULL,
  `deleted` int(11) NOT NULL DEFAULT '0'
) ENGINE=InnoDB AUTO_INCREMENT=1071 DEFAULT CHARSET=latin1;

--
-- Dumping data for table `coupons`
--

INSERT INTO `coupons` (`id`, `code`, `test_program_id`, `institute_id`, `student_id`, `expiry_date`, `created`, `deleted`) VALUES
(1, 'DKSDQ4NLIX5NOEH5K34', 3, 94, 0, 44564, 1446538583, 0),
(2, 'DKSAVW5XQCTFIL0FRP5', 3, 94, 0, 44564, 1446538583, 0),
(3, 'DKSE6VF6M75N237U3W3', 3, 94, 0, 44564, 1446538583, 0),
(4, 'DKSTMT5TOF72S1M6QV9', 3, 94, 0, 44564, 1446538583, 0),
(5, 'DKSBGIBBY6YNUAY5DAY', 3, 94, 0, 44564, 1446538583, 0),
(6, 'DKSO6OVFU6F2RIWZFG0', 3, 94, 0, 44564, 1446538583, 0),
(7, 'DKSD8L71E07T9RO87FC', 3, 94, 0, 44564, 1446538583, 0),
(8, 'DKSQLYGTF31MPDOA363', 3, 94, 0, 44564, 1446538583, 0),
(9, 'DKS5BGJB61QQL4JP7M0', 3, 94, 0, 44564, 1446538583, 0),
(10, 'DKSCHH9AWLYPUZEZ5S5', 3, 94, 0, 44564, 1446538583, 0),
(11, 'DKSEKNLI7LWKAJQKD13', 3, 94, 0, 44564, 1446538583, 0),
(12, 'DKSX81DO5694OFOHLMF', 3, 94, 0, 44564, 1446538583, 0),
(13, 'DKSULY1O3E3SYBA9WUZ', 3, 94, 0, 44564, 1446538583, 0),
(14, 'DKSAX8W7A3E2IAJT4RQ', 3, 94, 0, 44564, 1446538583, 0),
(15, 'DKS2ECKW6RZ5SQ9PJSU', 3, 94, 0, 44564, 1446538583, 0),
(16, 'DKS50LHRANFX9BOU8UL', 3, 94, 0, 44564, 1446538583, 0),
(17, 'DKSSLMTRPRA3GD8TR7G', 3, 94, 0, 44564, 1446538583, 0),
(18, 'DKS3BKTG0AYY0AXJ5UO', 3, 94, 0, 44564, 1446538583, 0),
(19, 'DKS8J32ZIJN51SS8IBT', 3, 94, 0, 44564, 1446538583, 0),
(20, 'DKSGEL5VTT1IVJRFR3E', 3, 94, 0, 44564, 1446538583, 0),
(21, 'DKSIAO3RU8YBNOW063W', 3, 94, 0, 44564, 1446538607, 0),
(22, 'DKSC0QKK65A2RL8899E', 3, 94, 0, 44564, 1446538607, 0),
(23, 'DKS6ZCPHMOF277BAFU2', 3, 94, 0, 44564, 1446538607, 0),
(24, 'DKSWX4FVTH74C3PDLXT', 3, 94, 0, 44564, 1446538607, 0),
(25, 'DKS3LWGPTGCU1YLK64A', 3, 94, 0, 44564, 1446538607, 0),
(26, 'DKSCBEVP461V2PJ3G73', 3, 94, 0, 44564, 1446538607, 0),
(27, 'DKSST2WN7DQ2BP8TTCD', 3, 94, 0, 44564, 1446538607, 0),
(28, 'DKSHIC4LGK09KMRVA0W', 3, 94, 0, 44564, 1446538607, 0),
(29, 'DKSP6IQ2NEAWI4R2ZSC', 3, 94, 0, 44564, 1446538607, 0),
(30, 'DKS6281ONNSL1N01YHX', 3, 94, 0, 44564, 1446538607, 0),
(31, 'DKS8TULEYKWXEFXF9WB', 3, 94, 0, 44564, 1446538607, 0),
(32, 'DKSKFVRZSYDRJ6XKTTZ', 3, 94, 0, 44564, 1446538607, 0),
(33, 'DKSSE8W0OT35JL6HK9O', 3, 94, 0, 44564, 1446538607, 0),
(34, 'DKSGUHJTU0OT48UPL1W', 3, 94, 0, 44564, 1446538607, 0),
(35, 'DKS6BDRE616LH652C8T', 3, 94, 0, 44564, 1446538607, 0),
(36, 'DKSF4M9P32LFN9QUQAY', 3, 94, 0, 44564, 1446538607, 0),
(37, 'DKSNY7Y3M27ZVQMZXOZ', 3, 94, 0, 44564, 1446538607, 0),
(38, 'DKSKEJSOEN5PIJGG65L', 3, 94, 0, 44564, 1446538607, 0),
(39, 'DKS8SSPTLYFJMWNH4MT', 3, 94, 0, 44564, 1446538607, 0),
(40, 'DKSL7QU387UDSSXO8MZ', 3, 94, 0, 44564, 1446538607, 0),
(41, 'DKS8XE97RD7WZ6W486F', 3, 94, 0, 44564, 1446538685, 0),
(42, 'DKS9EVFBI73Y7ZGM5UC', 3, 94, 0, 44564, 1446538685, 0),
(43, 'DKSR8EQUQDPHZ2OVIRH', 3, 94, 0, 44564, 1446538685, 0),
(44, 'DKSG8ZDRQKE9E0P4HZX', 3, 94, 0, 44564, 1446538685, 0),
(45, 'DKSTU7ZK7TQBX16NND9', 3, 94, 0, 44564, 1446538685, 0),
(46, 'DKSPQ17GSJPF5TOQS2H', 3, 94, 0, 44564, 1446538685, 0),
(47, 'DKS3QL3HZ4QKVNM0ZQN', 3, 94, 0, 44564, 1446538685, 0),
(48, 'DKS4UH8HZL03TMLNPN0', 3, 94, 0, 44564, 1446538685, 0),
(49, 'DKS125YZ8UKUVHRXC3O', 3, 94, 0, 44564, 1446538685, 0),
(50, 'DKSHP8OON04JM7G8GNJ', 3, 94, 0, 44564, 1446538685, 0),
(51, 'DKSK8C3M58ZP1RNQ2QL', 3, 94, 0, 44564, 1446538685, 0),
(52, 'DKSK6YPURX5GWXFZ4SI', 3, 94, 0, 44564, 1446538685, 0),
(53, 'DKSKYAJ9JR9G9T4ROJU', 3, 94, 0, 44564, 1446538685, 0),
(54, 'DKSF83RV21DXI6CVI08', 3, 94, 0, 44564, 1446538685, 0),
(55, 'DKSGM5EU0ZWXBBKO36N', 3, 94, 0, 44564, 1446538685, 0),
(56, 'DKSAOFBW1QI7X7KJCP2', 3, 94, 0, 44564, 1446538685, 0),
(57, 'DKSA29ZJ8J0R6PUAXH0', 3, 94, 0, 44564, 1446538685, 0),
(58, 'DKSXXMD1SHUB3TEHQLH', 3, 94, 0, 44564, 1446538685, 0),
(59, 'DKSB09DZPPH1TKX9M7Z', 3, 94, 0, 44564, 1446538685, 0),
(60, 'DKS1LLNZBZBWM2SF13Z', 3, 94, 0, 44564, 1446538685, 0),
(61, '0VGEM55I86CTTCPS', 3, 94, 95, 1446648000, 1446557700, 0),
(62, '0X3PUQXZU8MN8AOZ', 3, 94, 0, 1446648000, 1446557700, 0),
(63, 'ERTTNLRJCV4VOJW3', 3, 94, 0, 1446648000, 1446557700, 0),
(64, 'YU58LPKNTK7CI97V', 3, 94, 0, 1446648000, 1446557700, 0),
(65, 'YVM13EIE2XSJDM3B', 3, 94, 0, 1446648000, 1446557700, 0),
(66, 'FLJWTPXCOWSOVJ1G', 3, 94, 0, 1446817800, 1446558600, 0),
(67, 'UNMLLCOM9EFJFK17', 3, 94, 0, 1446817800, 1446558600, 0),
(68, '6VZFFVKBDR1OGIBN', 3, 94, 0, 1446817800, 1446558600, 0),
(69, 'S65SWVPE1GH8TR3P', 3, 94, 0, 1446817800, 1446558600, 0),
(70, 'IRNURLS2FFLBFJE8', 3, 94, 0, 1446817800, 1446558600, 0),
(71, '6EKQ7BXFCMK9BNNO', 3, 94, 0, 1446817800, 1446558600, 0),
(72, 'CGUGIDG0ZT7ULXF4', 3, 94, 0, 1446817800, 1446558600, 0),
(73, 'TPRWKZWFKGPYCHW1', 3, 94, 0, 1446817800, 1446558600, 0),
(74, 'UOKM4TYQQ4WR8U4V', 3, 94, 0, 1446817800, 1446558600, 0),
(75, '7KQXNSP1NIMHETLA', 3, 94, 0, 1446817800, 1446558600, 0),
(76, 'HH1TS1OGMLS5YC69', 3, 94, 0, 1446817800, 1446558600, 0),
(77, 'V3CK50VPJHI2D5M1', 3, 94, 0, 1446817800, 1446558600, 0),
(78, '8MWNEWHW7OROQPAK', 3, 94, 0, 1446817800, 1446558600, 0),
(79, '32WZYXAM3QGXCSLG', 3, 94, 0, 1446817800, 1446558600, 0),
(80, '1TPXH13VLTN5WJMH', 3, 94, 0, 1446817800, 1446558600, 0),
(81, '9C84W8XIVZLG7D2Y', 3, 94, 0, 1446817800, 1446558600, 0),
(82, 'EUUC5UEFX80BJSL5', 3, 94, 0, 1446817800, 1446558600, 0),
(83, 'OST7YR5SL029WQ1R', 3, 94, 0, 1446817800, 1446558600, 0),
(84, 'DA2RBTEZD7WW0VMQ', 3, 94, 0, 1446817800, 1446558600, 0),
(85, '14LH0MQ376XOKCPA', 3, 94, 0, 1446817800, 1446558600, 0),
(86, 'TUP0U48PC19GM229', 3, 94, 0, 1446817800, 1446558600, 0),
(87, '52PIEFOBGNB9D8XE', 3, 94, 0, 1446817800, 1446558600, 0),
(88, 'FNM5PGHP7IZF5ARZ', 3, 94, 0, 1446817800, 1446558600, 0),
(89, 'HVGSIFDV1J1E70LW', 3, 94, 0, 1446817800, 1446558600, 0),
(90, 'VYUB6DDT8XB7JPXZ', 3, 94, 0, 1446817800, 1446558600, 0),
(91, 'ZMMDWCEDKH32ASWB', 3, 94, 0, 1446817800, 1446558600, 0),
(92, 'A5OTPKM59IJ9CEIP', 3, 94, 0, 1446817800, 1446558600, 0),
(93, 'QCGZ7V6V7PX1CGN5', 3, 94, 0, 1446817800, 1446558600, 0),
(94, '4JL8ZUIP3H450LPE', 3, 94, 0, 1446817800, 1446558600, 0),
(95, 'HALFPGS5L4O80JUC', 3, 94, 0, 1446817800, 1446558600, 0),
(96, '2V7Q48O37TZCIJ47', 3, 94, 0, 1446817800, 1446558600, 0),
(97, '8Z6BMB0NYPN3RMI2', 3, 94, 0, 1446817800, 1446558600, 0),
(98, 'G2B11BEKDA7H5L1V', 3, 94, 0, 1446817800, 1446558600, 0),
(99, 'JL9Z0KL2RN38PUZC', 3, 94, 0, 1446817800, 1446558600, 0),
(100, 'UMMN8FPIS4RYD8ER', 3, 94, 0, 1446817800, 1446558600, 0),
(101, 'A07KG4Y8DCZI9V6F', 3, 94, 0, 1446817800, 1446558600, 0),
(102, 'J0FAGMJ9QGNX8EYT', 3, 94, 0, 1446817800, 1446558600, 0),
(103, 'LPLUUO74W6SMEKO7', 3, 94, 0, 1446817800, 1446558600, 0),
(104, 'FJ8LZBL3678ZRPA1', 3, 94, 0, 1446817800, 1446558600, 0),
(105, 'ZU5I73KLK19HS0XV', 3, 94, 0, 1446817800, 1446558600, 0),
(106, 'AKPML5AIK2M0SVPX', 3, 94, 0, 1446817800, 1446558600, 0),
(107, '1PXGJ0AJ1MVNVQSI', 3, 94, 0, 1446817800, 1446558600, 0),
(108, '2ZQCT0L662DU69BK', 3, 94, 0, 1446817800, 1446558600, 0),
(109, 'UKPQ4E1GIVIRKY8X', 3, 94, 0, 1446817800, 1446558600, 0),
(110, 'X029XQ4EEEN7JGDZ', 3, 94, 0, 1446817800, 1446558600, 0),
(111, 'YN3WH02YLVAVC4TK', 3, 94, 0, 1446817800, 1446558600, 0),
(112, 'RUNI3H0RDEZXEIAF', 3, 94, 0, 1446817800, 1446558600, 0),
(113, 'E09UW5VI8TJCOR03', 3, 94, 0, 1446817800, 1446558600, 0),
(114, '3WTMOFXML1CQ6PA1', 3, 94, 0, 1446817800, 1446558600, 0),
(115, 'POSG8QXEOYWBOH0O', 3, 94, 0, 1446817800, 1446558600, 0),
(116, '3LDQ4WZUB5WFCNQK', 3, 94, 0, 1446817800, 1446558600, 0),
(117, 'BZ5K1GWG6AHCVKV0', 3, 94, 0, 1446817800, 1446558600, 0),
(118, 'DBC6XCC0PFJH3HI5', 3, 94, 0, 1446817800, 1446558600, 0),
(119, '39EHET05TXWDB1FR', 3, 94, 0, 1446817800, 1446558600, 0),
(120, '87FGGKE5OGLQBU7D', 3, 94, 0, 1446817800, 1446558600, 0),
(121, 'OTLRMJWGWK6F0B87', 3, 94, 0, 1446817800, 1446558600, 0),
(122, 'J83VHSST1HV7KH1S', 3, 94, 0, 1446817800, 1446558600, 0),
(123, 'AUYDHZJLNEK1BI8X', 3, 94, 0, 1446817800, 1446558600, 0),
(124, 'YWOTI41MAR5NJC4N', 3, 94, 0, 1446817800, 1446558600, 0),
(125, 'S3WVQ7GO5DCK6IHY', 3, 94, 0, 1446817800, 1446558600, 0),
(126, 'ZDJL5FICKR65JCV3', 3, 94, 0, 1446817800, 1446558600, 0),
(127, '10J0FUBKZZ422KOY', 3, 94, 0, 1446817800, 1446558600, 0),
(128, '32K8K94M6XI73XBF', 3, 94, 0, 1446817800, 1446558600, 0),
(129, 'ZOAPCRE599S60J3C', 3, 94, 0, 1446817800, 1446558600, 0),
(130, 'G5HQ649X2KH8G4LM', 3, 94, 0, 1446817800, 1446558600, 0),
(131, 'C3L6Y76GQ5AWR30F', 3, 94, 0, 1446817800, 1446558600, 0),
(132, 'KWQBTCHTE7XQQP82', 3, 94, 0, 1446817800, 1446558600, 0),
(133, '3TLZNFKY9GSQC1UC', 3, 94, 0, 1446817800, 1446558600, 0),
(134, 'T9SF1M1B90AIMEYU', 3, 94, 0, 1446817800, 1446558600, 0),
(135, '49FXM35RU8HM3TE7', 3, 94, 0, 1446817800, 1446558600, 0),
(136, '9GI80DKUGQPH5CWM', 3, 94, 0, 1446817800, 1446558600, 0),
(137, 'EOAZG012LEV8JCUE', 3, 94, 0, 1446817800, 1446558600, 0),
(138, '944L6Y0YC1LDDNEA', 3, 94, 0, 1446817800, 1446558600, 0),
(139, 'JXHLK7OYXHAWU58Z', 3, 94, 0, 1446817800, 1446558600, 0),
(140, 'SIHGSBGOXAWIXTZ9', 3, 94, 0, 1446817800, 1446558600, 0),
(141, 'FADTL35JPHJPI3LN', 3, 94, 0, 1446817800, 1446558600, 0),
(142, 'MGR7UQLJT98973V0', 3, 94, 0, 1446817800, 1446558600, 0),
(143, '0A0X6FY8XERZER0C', 3, 94, 0, 1446817800, 1446558600, 0),
(144, 'NTG37FDYN38HNI30', 3, 94, 0, 1446817800, 1446558600, 0),
(145, '1ZDZYLQWJGAJOJIB', 3, 94, 0, 1446817800, 1446558600, 0),
(146, '97JBC15KMNAZWGE3', 3, 94, 0, 1446817800, 1446558600, 0),
(147, 'BU147CEBTF082ZI6', 3, 94, 0, 1446817800, 1446558600, 0),
(148, '7HK8GX3M83MY39TE', 3, 94, 0, 1446817800, 1446558600, 0),
(149, 'IIPZFGXM61RJOUSP', 3, 94, 0, 1446817800, 1446558600, 0),
(150, 'T82I4XD0VS9C1S2V', 3, 94, 0, 1446817800, 1446558600, 0),
(151, 'W99K9VMN4CA5AAXJ', 3, 94, 0, 1446817800, 1446558600, 0),
(152, 'BBH9E9IJ8EDB5RM2', 3, 94, 0, 1446817800, 1446558600, 0),
(153, '5FZPT3Z3A7Y3G756', 3, 94, 0, 1446817800, 1446558600, 0),
(154, 'ADQM247DINT34PAV', 3, 94, 0, 1446817800, 1446558600, 0),
(155, 'B98O3HPHGCGKBFN9', 3, 94, 0, 1446817800, 1446558600, 0),
(156, 'Q5XCPLO8NVZ6YECE', 3, 94, 0, 1446817800, 1446558600, 0),
(157, 'DZ75C98QP1F5KS99', 3, 94, 0, 1446817800, 1446558600, 0),
(158, 'URGMDJRL4ILCIM7M', 3, 94, 0, 1446817800, 1446558600, 0),
(159, 'ADWEZGZZ96OENMNY', 3, 94, 0, 1446817800, 1446558600, 0),
(160, '4SVT3V59G4B5DTGR', 3, 94, 0, 1446817800, 1446558600, 0),
(161, 'NLCIE6QDSLPQ0TGU', 3, 94, 0, 1446817800, 1446558600, 0),
(162, 'F2RMTX489GNZCHJV', 3, 94, 0, 1446817800, 1446558600, 0),
(163, '92AT796AC4J8MB9G', 3, 94, 0, 1446817800, 1446558600, 0),
(164, 'DF43UQQM0GT2IGPI', 3, 94, 0, 1446817800, 1446558600, 0),
(165, 'NWMG8JYZES3ZR3K8', 3, 94, 0, 1446817800, 1446558600, 0),
(166, '7HOVQKWV1PD2VBE3', 3, 94, 0, 1446817800, 1446558600, 0),
(167, '6I4JOPV50MRTIL9F', 3, 94, 0, 1446817800, 1446558600, 0),
(168, '0R5P10716UENXY51', 3, 94, 0, 1446817800, 1446558600, 0),
(169, 'Q5MGUF5WT9AYN95L', 3, 94, 0, 1446817800, 1446558600, 0),
(170, 'PFVB6HIFDJRB093W', 3, 94, 0, 1446817800, 1446558600, 0),
(171, '2F8HLISFJ294F01O', 3, 94, 0, 1446817800, 1446558600, 0),
(172, '33GJQSD35N3QOTD9', 3, 94, 0, 1446817800, 1446558600, 0),
(173, '3Y8TX5OSI3L0531H', 3, 94, 0, 1446817800, 1446558600, 0),
(174, 'ZSXWXXTEA844RNTF', 3, 94, 0, 1446817800, 1446558600, 0),
(175, '62WX8BQ861KAAUTK', 3, 94, 0, 1446817800, 1446558600, 0),
(176, '3T3NQEO0RXD78WB1', 3, 94, 0, 1446817800, 1446558600, 0),
(177, 'AMKTN9TELHB34HS1', 3, 94, 0, 1446817800, 1446558600, 0),
(178, 'N3MBCAY8AYOL43QR', 3, 94, 0, 1446817800, 1446558600, 0),
(179, '7UQCFLTBQGH7NDMU', 3, 94, 0, 1446817800, 1446558600, 0),
(180, 'D80K2X7R70LC0B9K', 3, 94, 0, 1446817800, 1446558600, 0),
(181, 'JRT5EQUSOD8UN0D0', 3, 94, 0, 1446817800, 1446558600, 0),
(182, 'LVGHJIRI85DAT4ND', 3, 94, 0, 1446817800, 1446558600, 0),
(183, 'VEYLJ6U17HXHHBES', 3, 94, 0, 1446817800, 1446558600, 0),
(184, 'ND3Z00I6J52PL5LI', 3, 94, 0, 1446817800, 1446558600, 0),
(185, 'CX1TQR9J0IAF0JJ7', 3, 94, 0, 1446817800, 1446558600, 0),
(186, 'FC77JP3XW8RMUHFQ', 3, 94, 0, 1446817800, 1446558600, 0),
(187, 'JF5IK9SNWEV5I5NS', 3, 94, 0, 1446817800, 1446558600, 0),
(188, '6A1C7J1H0BRNZOS6', 3, 94, 0, 1446817800, 1446558600, 0),
(189, 'EF5UW7E019U1BTQQ', 3, 94, 0, 1446817800, 1446558600, 0),
(190, 'WG6R9P8GRQSQ65GU', 3, 94, 0, 1446817800, 1446558600, 0),
(191, '71FPI4WSMSLQV3HD', 3, 94, 0, 1446817800, 1446558600, 0),
(192, 'UU3UJWIFXHOLMRNX', 3, 94, 0, 1446817800, 1446558600, 0),
(193, 'KQAV1XPXDC96YIE3', 3, 94, 0, 1446817800, 1446558600, 0),
(194, 'QQ1KQ2G8F3TROEY8', 3, 94, 0, 1446817800, 1446558600, 0),
(195, 'SUDKXWUEJ9RDK5MA', 3, 94, 0, 1446817800, 1446558600, 0),
(196, 'O16BJYQPTDW816ZB', 3, 94, 0, 1446817800, 1446558600, 0),
(197, 'QL80RXTA88JPCGD7', 3, 94, 0, 1446817800, 1446558600, 0),
(198, 'ZB4898H91ZFUOFV2', 3, 94, 0, 1446817800, 1446558600, 0),
(199, 'BRB1LMODODJOUBPN', 3, 94, 0, 1446817800, 1446558600, 0),
(200, 'UQPMONSHYHQZ590J', 3, 94, 0, 1446817800, 1446558600, 0),
(201, '7LJNLQI05DJBTVPQ', 3, 94, 0, 1446817800, 1446558600, 0),
(202, 'LAY6NQD6VQI8JXM1', 3, 94, 0, 1446817800, 1446558600, 0),
(203, 'TCSP9P68G10XDZGY', 3, 94, 0, 1446817800, 1446558600, 0),
(204, 'W7B5A79Z6LOG98L0', 3, 94, 0, 1446817800, 1446558600, 0),
(205, 'GBOZRXIHXW7CXWME', 3, 94, 0, 1446817800, 1446558600, 0),
(206, 'O2LDTW23M7L6WMKE', 3, 94, 0, 1446817800, 1446558600, 0),
(207, 'TSO6WERIK4Z4MRMK', 3, 94, 0, 1446817800, 1446558600, 0),
(208, 'OIRUTN97S2ZTC1BC', 3, 94, 0, 1446817800, 1446558600, 0),
(209, 'RRK5J2WFG7N8CPHN', 3, 94, 0, 1446817800, 1446558600, 0),
(210, '4OAFTP6P25WM57A9', 3, 94, 0, 1446817800, 1446558600, 0),
(211, '7QNCJQIJSFU8Q5M5', 3, 94, 0, 1446817800, 1446558600, 0),
(212, '7AIS6Z7T1Z4228H2', 3, 94, 0, 1446817800, 1446558600, 0),
(213, 'YQF34N0WPCO25ICX', 3, 94, 0, 1446817800, 1446558600, 0),
(214, 'XJPD275671FVPHGI', 3, 94, 0, 1446817800, 1446558600, 0),
(215, 'JAHFRS0DED9CIDX6', 3, 94, 0, 1446817800, 1446558600, 0),
(216, 'PN6P03CIY9VXXQ4N', 3, 94, 0, 1446817800, 1446558600, 0),
(217, 'UNVYOBR7X8MBTS00', 3, 94, 0, 1446817800, 1446558600, 0),
(218, 'KWGVRODSHTJLZFZM', 3, 94, 0, 1446817800, 1446558600, 0),
(219, 'F918TYV4T92PEMA2', 3, 94, 0, 1446817800, 1446558600, 0),
(220, '1ASYP77QBSMOUY3H', 3, 94, 0, 1446817800, 1446558600, 0),
(221, '4WCXTA14N59V88JE', 3, 94, 0, 1446817800, 1446558600, 0),
(222, 'W631D828OSSVM5V5', 3, 94, 0, 1446817800, 1446558600, 0),
(223, '7DBH0AQHP60VRLOZ', 3, 94, 0, 1446817800, 1446558600, 0),
(224, '9U2JBEM3D01T3NFU', 3, 94, 0, 1446817800, 1446558600, 0),
(225, 'RDZTFK2OA41YFI69', 3, 94, 0, 1446817800, 1446558600, 0),
(226, 'RXQ5HC1L53NNNILE', 3, 94, 0, 1446817800, 1446558600, 0),
(227, '066RG4U6K5WYB7IJ', 3, 94, 0, 1446817800, 1446558600, 0),
(228, '9O3NVULHLTEAI1BD', 3, 94, 0, 1446817800, 1446558600, 0),
(229, 'AKU2AZSI7CQZQBQD', 3, 94, 0, 1446817800, 1446558600, 0),
(230, 'IY1VW82DDGB95P61', 3, 94, 0, 1446817800, 1446558600, 0),
(231, 'S7BAXHCNXZ7NT5DX', 3, 94, 0, 1446817800, 1446558600, 0),
(232, 'WJIA4NVAWB4OZG9Z', 3, 94, 0, 1446817800, 1446558600, 0),
(233, 'AD1344DSYCA9S9F6', 3, 94, 0, 1446817800, 1446558600, 0),
(234, '0L6FS5A0R3KKZDTX', 3, 94, 0, 1446817800, 1446558600, 0),
(235, '8P2VG0HUPBJOBGIM', 3, 94, 0, 1446817800, 1446558600, 0),
(236, 'HNVR5URFHRZV9Q0Y', 3, 94, 0, 1446817800, 1446558600, 0),
(237, 'MG24I71VF27RGUQI', 3, 94, 0, 1446817800, 1446558600, 0),
(238, 'T8WFJ9R6BHC614MA', 3, 94, 0, 1446817800, 1446558600, 0),
(239, 'M5BS2HIYKWIHQU1Q', 3, 94, 0, 1446817800, 1446558600, 0),
(240, 'V11WUU3K7DSQ8PVX', 3, 94, 0, 1446817800, 1446558600, 0),
(241, 'EVUBSUI8OX40Z87D', 3, 94, 0, 1446817800, 1446558600, 0),
(242, 'P4ZIX5GTNIRL0HK5', 3, 94, 0, 1446817800, 1446558600, 0),
(243, 'QKAOEY4SCQWSA8TH', 3, 94, 0, 1446817800, 1446558600, 0),
(244, 'GXKOO7L4ITENV7K9', 3, 94, 0, 1446817800, 1446558600, 0),
(245, '52NUNGPXQW8YSN5U', 3, 94, 0, 1446817800, 1446558600, 0),
(246, '6Z0WZP4N5DT1NDG5', 3, 94, 0, 1446817800, 1446558600, 0),
(247, '4DF39EM0LMMKKOX5', 3, 94, 0, 1446817800, 1446558600, 0),
(248, '9Q4TSZ3R5V30Y7JI', 3, 94, 0, 1446817800, 1446558600, 0),
(249, '0S8SMZJXWB5MJNM5', 3, 94, 0, 1446817800, 1446558600, 0),
(250, 'L2T5SLL2ZYPQGLIP', 3, 94, 0, 1446817800, 1446558600, 0),
(251, '0U1C7M7UI2RJNQQC', 3, 94, 0, 1446817800, 1446558600, 0),
(252, 'M5CYAOT1H0B3EGS3', 3, 94, 0, 1446817800, 1446558600, 0),
(253, 'T4I5CXR3ZIFEFRFA', 3, 94, 0, 1446817800, 1446558600, 0),
(254, '1CP7TVB66M4WW9V2', 3, 94, 0, 1446817800, 1446558600, 0),
(255, 'DB1EYHQGHTASJ408', 3, 94, 0, 1446817800, 1446558600, 0),
(256, '0XNUKFEGOKI4QPQJ', 3, 94, 0, 1446817800, 1446558600, 0),
(257, 'YWJ2GWA94PEVQLVM', 3, 94, 0, 1446817800, 1446558600, 0),
(258, 'QSATUC1U4K1ZOCLI', 3, 94, 0, 1446817800, 1446558600, 0),
(259, 'TJV5JNTPI8URGEBY', 3, 94, 0, 1446817800, 1446558600, 0),
(260, '3JXP3W66L1VBJAP6', 3, 94, 0, 1446817800, 1446558600, 0),
(261, '1TTYCSWRFGT70240', 3, 94, 0, 1446817800, 1446558600, 0),
(262, 'SVUODF76VW9UBR37', 3, 94, 0, 1446817800, 1446558600, 0),
(263, '8NYHLGPMAND4TPDU', 3, 94, 0, 1446817800, 1446558600, 0),
(264, 'WB010DF5XCDQP2ED', 3, 94, 0, 1446817800, 1446558600, 0),
(265, 'YSYFW2J6HP9SKX1E', 3, 94, 0, 1446817800, 1446558600, 0),
(266, 'WXBXAGRR5H1HJSSA', 3, 94, 0, 1446817800, 1446558600, 0),
(267, 'X7KGCR7HM1XY7X5H', 3, 94, 0, 1446817800, 1446558600, 0),
(268, 'M2J4CINDUZM1778F', 3, 94, 0, 1446817800, 1446558600, 0),
(269, 'X17U1CD2FDSITLJQ', 3, 94, 0, 1446817800, 1446558600, 0),
(270, 'KM5PPWPTDQF6CZQR', 3, 94, 0, 1446817800, 1446558600, 0),
(271, 'RO0KIIOK3HGNX2A6', 3, 94, 0, 1446817800, 1446558600, 0),
(272, '9GJBCXT9FZV9EAX7', 3, 94, 0, 1446817800, 1446558600, 0),
(273, '520A0UOAVTSP7MWI', 3, 94, 0, 1446817800, 1446558600, 0),
(274, 'Y3782FRGGC2CMIWF', 3, 94, 0, 1446817800, 1446558600, 0),
(275, '08XORIIOW8GZ6NNI', 3, 94, 0, 1446817800, 1446558600, 0),
(276, '630MZS24J9YMWAN0', 3, 94, 0, 1446817800, 1446558600, 0),
(277, 'OUMO8X2CEI04AO4U', 3, 94, 0, 1446817800, 1446558600, 0),
(278, 'R2C4JP6GEYMX75KB', 3, 94, 0, 1446817800, 1446558600, 0),
(279, 'J2B1OPPD6VYCS4QF', 3, 94, 0, 1446817800, 1446558600, 0),
(280, 'D92E5GQ1WWIJL2UI', 3, 94, 0, 1446817800, 1446558600, 0),
(281, 'IOWJ9AMGGOHRPDNB', 3, 94, 0, 1446817800, 1446558600, 0),
(282, '9VMYKXMAMUUJ0OBN', 3, 94, 0, 1446817800, 1446558600, 0),
(283, 'ADO4E411FM30AV0B', 3, 94, 0, 1446817800, 1446558600, 0),
(284, 'R4DMN0B3FUA18B9I', 3, 94, 0, 1446817800, 1446558600, 0),
(285, 'T63LQOY2NCIFZQAP', 3, 94, 0, 1446817800, 1446558600, 0),
(286, 'ARNS5ZWHIKYTI1GF', 3, 94, 0, 1446817800, 1446558600, 0),
(287, 'XLUSYRHYMCY0FG5Y', 3, 94, 0, 1446817800, 1446558600, 0),
(288, 'BB5ULU7OK7XFR62T', 3, 94, 0, 1446817800, 1446558600, 0),
(289, 'JAPCZ038NP301RIP', 3, 94, 0, 1446817800, 1446558600, 0),
(290, 'YPUZOAY1FRC97T5G', 3, 94, 0, 1446817800, 1446558600, 0),
(291, 'UCURIYOYJ48XKLEX', 3, 94, 0, 1446817800, 1446558600, 0),
(292, 'YZJT9RACPOPKXUIW', 3, 94, 0, 1446817800, 1446558600, 0),
(293, 'LD1IL3V4EESSF2YO', 3, 94, 0, 1446817800, 1446558600, 0),
(294, '9KPWFVH84KBXXL8F', 3, 94, 0, 1446817800, 1446558600, 0),
(295, 'PRABDD01XSD5EBPD', 3, 94, 0, 1446817800, 1446558600, 0),
(296, 'BIBZFN7NAUT7FB4M', 3, 94, 0, 1446817800, 1446558600, 0),
(297, 'DH5OSZ8E37P87FJT', 3, 94, 0, 1446817800, 1446558600, 0),
(298, 'GS8XA0JOQIQMMYUG', 3, 94, 0, 1446817800, 1446558600, 0),
(299, 'WJOTBUU65DNOXJ4U', 3, 94, 0, 1446817800, 1446558600, 0),
(300, 'NCUFXNKZ1GWPP2ZD', 3, 94, 0, 1446817800, 1446558600, 0),
(301, 'COL7ERZU2NJH15GB', 3, 94, 0, 1446817800, 1446558600, 0),
(302, 'M988OF1RJJ6TRPFL', 3, 94, 0, 1446817800, 1446558600, 0),
(303, 'IUI6N02U6SMBAZPU', 3, 94, 0, 1446817800, 1446558600, 0),
(304, 'E4JK0IWJNI0RAS1N', 3, 94, 0, 1446817800, 1446558600, 0),
(305, 'W361UE3SIX6LOF7F', 3, 94, 0, 1446817800, 1446558600, 0),
(306, '1HQKDNGXARQ8H5WS', 3, 94, 0, 1446817800, 1446558600, 0),
(307, 'M9LU0KZEF3CM3WNT', 3, 94, 0, 1446817800, 1446558600, 0),
(308, 'OILGFUW6R2R2HXA7', 3, 94, 0, 1446817800, 1446558600, 0),
(309, 'ASSRYYQIBU0IB8TH', 3, 94, 0, 1446817800, 1446558600, 0),
(310, 'HJ7ZH7G9BK3QCKOM', 3, 94, 0, 1446817800, 1446558600, 0),
(311, 'RX3GQPTSO27JVV3L', 3, 94, 0, 1446817800, 1446558600, 0),
(312, 'V36CQOH7BOOKCA96', 3, 94, 0, 1446817800, 1446558600, 0),
(313, 'PR8WYVVM75L59I0K', 3, 94, 0, 1446817800, 1446558600, 0),
(314, 'XVGTSJZZ3LM0SHA3', 3, 94, 0, 1446817800, 1446558600, 0),
(315, 'IIONY7JQ6H790PZU', 3, 94, 0, 1446817800, 1446558600, 0),
(316, 'BLQ3KWZQSHJA4H9X', 3, 94, 0, 1446817800, 1446558600, 0),
(317, '1G5ME1JN3TKDNLXS', 3, 94, 0, 1446817800, 1446558600, 0),
(318, 'S9WF6X7YQP13TK61', 3, 94, 0, 1446817800, 1446558600, 0),
(319, '9YPUD9JVTJYUF4CO', 3, 94, 0, 1446817800, 1446558600, 0),
(320, '78EY36C779QZEKP6', 3, 94, 0, 1446817800, 1446558600, 0),
(321, 'RXUAV06441MFTD9F', 3, 94, 0, 1446817800, 1446558600, 0),
(322, 'M2JCH2SWIHD2Z3C1', 3, 94, 0, 1446817800, 1446558600, 0),
(323, 'T2AMBUA8Q86DYVT9', 3, 94, 0, 1446817800, 1446558600, 0),
(324, 'S8JGRGWRXO75P4F3', 3, 94, 0, 1446817800, 1446558600, 0),
(325, 'CZ11S8ISN0QENNZO', 3, 94, 0, 1446817800, 1446558600, 0),
(326, '93LJLV7GEE2UZI73', 3, 94, 0, 1446817800, 1446558600, 0),
(327, '4986O2BR6IVDM6VJ', 3, 94, 0, 1446817800, 1446558600, 0),
(328, '89YSL2AIXH6BIX7V', 3, 94, 0, 1446817800, 1446558600, 0),
(329, 'OFT6KLRBJVZSSUC6', 3, 94, 0, 1446817800, 1446558600, 0),
(330, '5M66HTUFFOBLGINN', 3, 94, 0, 1446817800, 1446558600, 0),
(331, 'DD5UX9C09A9THPA1', 3, 94, 0, 1446817800, 1446558600, 0),
(332, 'I1WAKJMLW6YAJHOT', 3, 94, 0, 1446817800, 1446558600, 0),
(333, 'GI38AB32ENKJWYX1', 3, 94, 0, 1446817800, 1446558600, 0),
(334, 'SZI77KPZCTUBJN9S', 3, 94, 0, 1446817800, 1446558600, 0),
(335, 'F6VJSJJE3F242O2L', 3, 94, 0, 1446817800, 1446558600, 0),
(336, 'ZNKIAK8LNED5GWA0', 3, 94, 0, 1446817800, 1446558600, 0),
(337, '69TPP2JLLATBVVJM', 3, 94, 0, 1446817800, 1446558600, 0),
(338, 'WEFHQ7TO65MUE0XC', 3, 94, 0, 1446817800, 1446558600, 0),
(339, 'TYFK0XKBVIX9TKB7', 3, 94, 0, 1446817800, 1446558600, 0),
(340, '5TTPF918VWITK6T4', 3, 94, 0, 1446817800, 1446558600, 0),
(341, 'JAKGLFGJ14GYIIQF', 3, 94, 0, 1446817800, 1446558600, 0),
(342, '9SJ1Q5U6R8WZ3YOY', 3, 94, 0, 1446817800, 1446558600, 0),
(343, 'TZQM0XB11E0K1901', 3, 94, 0, 1446817800, 1446558600, 0),
(344, '5N9VDY84523OSA5D', 3, 94, 0, 1446817800, 1446558600, 0),
(345, 'MEKA842KVOXIBB57', 3, 94, 0, 1446817800, 1446558600, 0),
(346, 'ESMM0KNHF5ERD4DU', 3, 94, 0, 1446817800, 1446558600, 0),
(347, 'OOFEGBFAQCP34DI1', 3, 94, 0, 1446817800, 1446558600, 0),
(348, '7BN7PD6IVYMPYNX8', 3, 94, 0, 1446817800, 1446558600, 0),
(349, '1YODTJSRKR4HTMYM', 3, 94, 0, 1446817800, 1446558600, 0),
(350, 'BD3PU4058UBMM9YD', 3, 94, 0, 1446817800, 1446558600, 0),
(351, 'ILUT05I4GIO26HGA', 3, 94, 0, 1446817800, 1446558600, 0),
(352, 'QGD1JIPKE4EEDZCX', 3, 94, 0, 1446817800, 1446558600, 0),
(353, 'NSKYVV0B6DBREN7C', 3, 94, 0, 1446817800, 1446558600, 0),
(354, '21JOBMD38YC28PH4', 3, 94, 0, 1446817800, 1446558600, 0),
(355, 'EGTWM79X212XWEG0', 3, 94, 0, 1446817800, 1446558600, 0),
(356, 'TL2ILIASAV9Q4OZX', 3, 94, 0, 1446817800, 1446558600, 0),
(357, '43I8XWZUC2GILBT7', 3, 94, 0, 1446817800, 1446558600, 0),
(358, 'YMPOAPBJSR3MRAHW', 3, 94, 0, 1446817800, 1446558600, 0),
(359, 'DZDCI7M1L6SIZLWC', 3, 94, 0, 1446817800, 1446558600, 0),
(360, 'M7QHJ5S8HAOTTLWY', 3, 94, 0, 1446817800, 1446558600, 0),
(361, '5LU9LMOLGOEAUS0L', 3, 94, 0, 1446817800, 1446558600, 0),
(362, 'X55VYNYK964EWXO1', 3, 94, 0, 1446817800, 1446558600, 0),
(363, 'NHONWH1AA7FEZFTQ', 3, 94, 0, 1446817800, 1446558600, 0),
(364, '88UGC4PRFOITG1JF', 3, 94, 0, 1446817800, 1446558600, 0),
(365, 'DHIOL5IY9LQQJGYB', 3, 94, 0, 1446817800, 1446558600, 0),
(366, 'QIA3IDRGRYOOM76S', 3, 94, 0, 1446817800, 1446558600, 0),
(367, 'GOHN6IRHPQ6180OX', 3, 94, 0, 1446817800, 1446558600, 0),
(368, '6IVL14DP0FKOKK6L', 3, 94, 0, 1446817800, 1446558600, 0),
(369, 'H6CBKNIBF479M0X4', 3, 94, 0, 1446817800, 1446558600, 0),
(370, 'BR5RXOG4V78UQJ3H', 3, 94, 0, 1446817800, 1446558600, 0),
(371, 'R7EKAI6V1TIEFSA7', 3, 94, 0, 1446817800, 1446558600, 0),
(372, '6GQ8SAKSRVGEJ252', 3, 94, 0, 1446817800, 1446558600, 0),
(373, '1XS2KGH57NZOXB4D', 3, 94, 0, 1446817800, 1446558600, 0),
(374, '8EZ3QFV52OSYVJAE', 3, 94, 0, 1446817800, 1446558600, 0),
(375, 'FSYJSY7VVT6RPB4G', 3, 94, 0, 1446817800, 1446558600, 0),
(376, 'B3UT2O9AJUHX642N', 3, 94, 0, 1446817800, 1446558600, 0),
(377, 'WP6SYFQ3TM7Y5GN2', 3, 94, 0, 1446817800, 1446558600, 0),
(378, 'WOEEVQ04RE3DL0HR', 3, 94, 0, 1446817800, 1446558600, 0),
(379, 'SPU7K4DVCIRCOZI2', 3, 94, 0, 1446817800, 1446558600, 0),
(380, 'LH92I68W7RKGEUD9', 3, 94, 0, 1446817800, 1446558600, 0),
(381, 'CO550EF8IVGFA83D', 3, 94, 0, 1446817800, 1446558600, 0),
(382, 'GIV52001FJIQK12Q', 3, 94, 0, 1446817800, 1446558600, 0),
(383, '5ZJWK1F6X9BVXKLE', 3, 94, 0, 1446817800, 1446558600, 0),
(384, '90X8LYXLURZEP75J', 3, 94, 0, 1446817800, 1446558600, 0),
(385, '3TVJP4822GHH1RZ7', 3, 94, 0, 1446817800, 1446558600, 0),
(386, 'O2AMRG0NKSV76ASB', 3, 94, 0, 1446817800, 1446558600, 0),
(387, 'QP447HUX46QBM910', 3, 94, 0, 1446817800, 1446558600, 0),
(388, 'RQNJKV29X53F6PKV', 3, 94, 0, 1446817800, 1446558600, 0),
(389, 'CBMPQTV21DUELJOD', 3, 94, 0, 1446817800, 1446558600, 0),
(390, 'XGJ759Y7AH24U2JX', 3, 94, 0, 1446817800, 1446558600, 0),
(391, '9TI0RBI0PB2ZHCYU', 3, 94, 0, 1446817800, 1446558600, 0),
(392, 'XOICUMGQ6B4SWN26', 3, 94, 0, 1446817800, 1446558600, 0),
(393, '48LUK7ZI7K3XNUQU', 3, 94, 0, 1446817800, 1446558600, 0),
(394, 'Q49RH66VRNBC2Y9I', 3, 94, 0, 1446817800, 1446558600, 0),
(395, '3BXTMNN96B0J3B05', 3, 94, 0, 1446817800, 1446558600, 0),
(396, 'KXF53C8W9N9G9J4W', 3, 94, 0, 1446817800, 1446558600, 0),
(397, 'O4W8S11G2LCF53TJ', 3, 94, 0, 1446817800, 1446558600, 0),
(398, 'ZPUDFDEV323CZILI', 3, 94, 0, 1446817800, 1446558600, 0),
(399, '013T7EURS7H24L95', 3, 94, 0, 1446817800, 1446558600, 0),
(400, 'Z1Q3TQ1PZBSDQDWC', 3, 94, 0, 1446817800, 1446558600, 0),
(401, '5OZ51L2JCIVSOIDI', 3, 94, 0, 1446817800, 1446558600, 0),
(402, 'CKQ7R2VQ49K5QTW2', 3, 94, 0, 1446817800, 1446558600, 0),
(403, 'VVIPV3U9S0HMMYNM', 3, 94, 0, 1446817800, 1446558600, 0),
(404, 'RDWJSBPNXVJJP528', 3, 94, 0, 1446817800, 1446558600, 0),
(405, '6U298YE248SA5TTV', 3, 94, 0, 1446817800, 1446558600, 0),
(406, '7VR0K24PFNQSYTFX', 3, 94, 0, 1446817800, 1446558600, 0),
(407, 'E28XKBMDAS6NTNN2', 3, 94, 0, 1446817800, 1446558600, 0),
(408, 'QO1QMFSOA7TLV6J6', 3, 94, 0, 1446817800, 1446558600, 0),
(409, '9W0372TE3XQQS9G2', 3, 94, 0, 1446817800, 1446558600, 0),
(410, 'MQS97YOB6BIGYO2A', 3, 94, 0, 1446817800, 1446558600, 0),
(411, 'MWPIS4FWKRSAYFMW', 3, 94, 0, 1446817800, 1446558600, 0),
(412, 'SQGTUBTYHRW05N8X', 3, 94, 0, 1446817800, 1446558600, 0),
(413, 'MNLL1LVNV1GC5U69', 3, 94, 0, 1446817800, 1446558600, 0),
(414, '2SC1Z8EK4ZJ4CRXF', 3, 94, 0, 1446817800, 1446558600, 0),
(415, '29VUDPCYHKBW6QYT', 3, 94, 0, 1446817800, 1446558600, 0),
(416, 'H06IME904F66IDCX', 3, 94, 0, 1446817800, 1446558600, 0),
(417, '1IQL33UV34J96D1X', 3, 94, 0, 1446817800, 1446558600, 0),
(418, 'AIA2J6425JLVWFD6', 3, 94, 0, 1446817800, 1446558600, 0),
(419, 'O937CI8KU574DW7M', 3, 94, 0, 1446817800, 1446558600, 0),
(420, 'G8OIBIEOTF6R9BA9', 3, 94, 0, 1446817800, 1446558600, 0),
(421, 'KIFS20DU0OD5U8FS', 3, 94, 0, 1446817800, 1446558600, 0),
(422, 'LKBUFUU5Z253NRX8', 3, 94, 0, 1446817800, 1446558600, 0),
(423, 'CXJZVCMXU47LWEC8', 3, 94, 0, 1446817800, 1446558600, 0),
(424, 'BY3LP4TQXVRVM28S', 3, 94, 0, 1446817800, 1446558600, 0),
(425, 'K9JTCQQ61S4I2DZO', 3, 94, 0, 1446817800, 1446558600, 0),
(426, '2FAHTS81WM28W8H7', 3, 94, 0, 1446817800, 1446558600, 0),
(427, 'LUSF80VFBAZ87BO9', 3, 94, 0, 1446817800, 1446558600, 0),
(428, '3BZVQDYINZBV4QAQ', 3, 94, 0, 1446817800, 1446558600, 0),
(429, 'HU2LVM3GP7JT5U05', 3, 94, 0, 1446817800, 1446558600, 0),
(430, 'ATQEXFJ16XW2TL4V', 3, 94, 0, 1446817800, 1446558600, 0),
(431, 'IJL6GS2MQEG7GALY', 3, 94, 0, 1446817800, 1446558600, 0),
(432, 'IU8HEFLGL4FMFRBC', 3, 94, 0, 1446817800, 1446558600, 0),
(433, '1H561PQY2GM08CQK', 3, 94, 0, 1446817800, 1446558600, 0),
(434, 'S1XPBA0MCYSI1PKI', 3, 94, 0, 1446817800, 1446558600, 0),
(435, 'YM3KVBA2MIU55ECJ', 3, 94, 0, 1446817800, 1446558600, 0),
(436, 'B70IZCWLZNDN7RSF', 3, 94, 0, 1446817800, 1446558600, 0),
(437, 'OCJU7K39UCXWDA8L', 3, 94, 0, 1446817800, 1446558600, 0),
(438, 'KPV58SDJIP7E5SUH', 3, 94, 0, 1446817800, 1446558600, 0),
(439, 'P9YA4TR2DSOBHYJE', 3, 94, 0, 1446817800, 1446558600, 0),
(440, 'H4Q8GH73TYQY27RW', 3, 94, 0, 1446817800, 1446558600, 0),
(441, 'P2AOT0T5NVBONI70', 3, 94, 0, 1446817800, 1446558600, 0),
(442, '52GYN624Q3SGK7ML', 3, 94, 0, 1446817800, 1446558600, 0),
(443, 'L2CDKMSL64XCV8T7', 3, 94, 0, 1446817800, 1446558600, 0),
(444, 'IG077VLL6K47SSTU', 3, 94, 0, 1446817800, 1446558600, 0),
(445, '28O8UR0QXZY08LUW', 3, 94, 0, 1446817800, 1446558600, 0),
(446, 'LBT0TDDJLXOTE2J5', 3, 94, 0, 1446817800, 1446558600, 0),
(447, '25B9VHYX2CECUW6M', 3, 94, 0, 1446817800, 1446558600, 0),
(448, 'EAQRLYUDBN5EU1T3', 3, 94, 0, 1446817800, 1446558600, 0),
(449, '759YHGV6XDJY7BY5', 3, 94, 0, 1446817800, 1446558600, 0),
(450, 'AQGEVYW1X0LRHORG', 3, 94, 0, 1446817800, 1446558600, 0),
(451, 'JZCEE4EUYTJKMM65', 3, 94, 0, 1446817800, 1446558600, 0),
(452, '1O3MISXERK56XG87', 3, 94, 0, 1446817800, 1446558600, 0),
(453, 'O19LETTYHMCAKANL', 3, 94, 0, 1446817800, 1446558600, 0),
(454, 'IE1W26H77IUCDMST', 3, 94, 0, 1446817800, 1446558600, 0),
(455, 'VJFN7XXU04W3WLRF', 3, 94, 0, 1446817800, 1446558600, 0),
(456, 'ISBZOBC7Q5UFIG7H', 3, 94, 0, 1446817800, 1446558600, 0),
(457, 'R2UKS8X3USO07VYM', 3, 94, 0, 1446817800, 1446558600, 0),
(458, 'XUR05BWJSEG51XTW', 3, 94, 0, 1446817800, 1446558600, 0),
(459, 'ASJBANE2J31JDJ84', 3, 94, 0, 1446817800, 1446558600, 0),
(460, 'K41MJLV0PBYARFA9', 3, 94, 0, 1446817800, 1446558600, 0),
(461, 'WIR181D22WKHJYY7', 3, 94, 0, 1446817800, 1446558600, 0),
(462, 'JRBIAXJ7O06VQB7U', 3, 94, 0, 1446817800, 1446558600, 0),
(463, 'YXYY8KSCRPRU97W7', 3, 94, 0, 1446817800, 1446558600, 0),
(464, '5X2L5B9MJ835JXVP', 3, 94, 0, 1446817800, 1446558600, 0),
(465, 'M9NP7BCV0FTMMM65', 3, 94, 0, 1446817800, 1446558600, 0),
(466, 'XGPLS5CUHYIA04MZ', 3, 94, 0, 1446817800, 1446558600, 0),
(467, 'QW51QP16VVKEY8RO', 3, 94, 0, 1446817800, 1446558600, 0),
(468, 'AQCDXKP5EBNB76ID', 3, 94, 0, 1446817800, 1446558600, 0),
(469, 'O17U1YX6KEJX4KBT', 3, 94, 0, 1446817800, 1446558600, 0),
(470, 'RO4DLJOJ698VJVLN', 3, 94, 0, 1446817800, 1446558600, 0),
(471, 'RXZMEZIXUJOJOVQW', 3, 94, 0, 1446817800, 1446558600, 0),
(472, 'N6TIRWKS2QV7Q0ML', 3, 94, 0, 1446817800, 1446558600, 0),
(473, 'GYGWU7E0M6NFX0W6', 3, 94, 0, 1446817800, 1446558600, 0),
(474, '5JUNJF474D6LAUVX', 3, 94, 0, 1446817800, 1446558600, 0),
(475, 'OLHSX3UNV91VRRM5', 3, 94, 0, 1446817800, 1446558600, 0),
(476, 'RLG4OAVRYZZVL6JK', 3, 94, 0, 1446817800, 1446558600, 0),
(477, 'L5TUS1BT51YJJK2W', 3, 94, 0, 1446817800, 1446558600, 0),
(478, 'HAP50B4E5KAOPV87', 3, 94, 0, 1446817800, 1446558600, 0),
(479, 'LUJELGY93LN86WYV', 3, 94, 0, 1446817800, 1446558600, 0),
(480, 'XWU76UUNH0QMI32A', 3, 94, 0, 1446817800, 1446558600, 0),
(481, '637N9EHKNZJERHYO', 3, 94, 0, 1446817800, 1446558600, 0),
(482, '7AULJ7TMWV9SJD7Y', 3, 94, 0, 1446817800, 1446558600, 0),
(483, '227E0VDUEW3G6H5R', 3, 94, 0, 1446817800, 1446558600, 0),
(484, 'RZY5QOGB4KBM4AKK', 3, 94, 0, 1446817800, 1446558600, 0),
(485, 'W9OLXFTCV1SBWSUL', 3, 94, 0, 1446817800, 1446558600, 0),
(486, 'LF8CSJ9HEQW7T3NC', 3, 94, 0, 1446817800, 1446558600, 0),
(487, 'UK45V6089DOTVIR4', 3, 94, 0, 1446817800, 1446558600, 0),
(488, '3F96OY47CJTLVLFJ', 3, 94, 0, 1446817800, 1446558600, 0),
(489, 'W8C1YBLJUKBWL3E9', 3, 94, 0, 1446817800, 1446558600, 0),
(490, '7WXCJB5DX7T4E061', 3, 94, 0, 1446817800, 1446558600, 0),
(491, 'GAEZEEJ6F762TPKS', 3, 94, 0, 1446817800, 1446558600, 0),
(492, 'F64LTUE0BNGAD6DY', 3, 94, 0, 1446817800, 1446558600, 0),
(493, 'RCP8ZXDXMPU5JWW3', 3, 94, 0, 1446817800, 1446558600, 0),
(494, 'VTEH0QD9WDP0VMMU', 3, 94, 0, 1446817800, 1446558600, 0),
(495, 'UQHTXCJDA26CG626', 3, 94, 0, 1446817800, 1446558600, 0),
(496, '7LOD9XHCGNX831RU', 3, 94, 0, 1446817800, 1446558600, 0),
(497, '5XCNDFHFBQFSRE8L', 3, 94, 0, 1446817800, 1446558600, 0),
(498, 'KLRUJVY7VW9BU9UF', 3, 94, 0, 1446817800, 1446558600, 0),
(499, 'ZA1269EDHDRN83L4', 3, 94, 0, 1446817800, 1446558600, 0),
(500, 'KJ39B0VLE4E7ZA41', 3, 94, 0, 1446817800, 1446558600, 0),
(501, 'LYFFL8CCLOU4A721', 3, 94, 0, 1446817800, 1446558600, 0),
(502, 'MR7FHPTEB4XLQKDL', 3, 94, 0, 1446817800, 1446558600, 0),
(503, 'YP45EY8EKCBG0Z1A', 3, 94, 0, 1446817800, 1446558600, 0),
(504, '3FCJXBYR70P67Z9E', 3, 94, 0, 1446817800, 1446558600, 0),
(505, '9MQD23V8W1HKL9YF', 3, 94, 0, 1446817800, 1446558600, 0),
(506, 'FQE8MPEFYV80JFZW', 3, 94, 0, 1446817800, 1446558600, 0),
(507, '1ELA7Z6UQCJU3OEK', 3, 94, 0, 1446817800, 1446558600, 0),
(508, 'MZUAG1NX3RFTWOTP', 3, 94, 0, 1446817800, 1446558600, 0),
(509, 'NBGSHTZ4TNRAZEQH', 3, 94, 0, 1446817800, 1446558600, 0),
(510, 'U2505DWOA6U5OKWY', 3, 94, 0, 1446817800, 1446558600, 0),
(511, 'GJF310VAWBAIR6JH', 3, 94, 0, 1446817800, 1446558600, 0),
(512, 'ES9LNSBXS6PD1R3K', 3, 94, 0, 1446817800, 1446558600, 0),
(513, 'KQZYFL66OIM5PBL7', 3, 94, 0, 1446817800, 1446558600, 0),
(514, 'IUAEROPDZGO8RP0C', 3, 94, 0, 1446817800, 1446558600, 0),
(515, 'HWCSVEUTYAEPBN14', 3, 94, 0, 1446817800, 1446558600, 0),
(516, 'PDGZEEAUAHWIKGG3', 3, 94, 0, 1446817800, 1446558600, 0),
(517, 'CL1FKF8BBDPJ07EN', 3, 94, 0, 1446817800, 1446558600, 0),
(518, 'CJH695T5T16X63ZZ', 3, 94, 0, 1446817800, 1446558600, 0),
(519, '6DEHNLM8T3F82GRH', 3, 94, 0, 1446817800, 1446558600, 0),
(520, 'QH4YE39OV8P3Y52I', 3, 94, 0, 1446817800, 1446558600, 0),
(521, 'TJMV5FZVW8DBF298', 3, 94, 0, 1446817800, 1446558600, 0),
(522, 'ULBKGA2O0T1HR3GG', 3, 94, 0, 1446817800, 1446558600, 0),
(523, '2VOWQEYWATGYDEU2', 3, 94, 0, 1446817800, 1446558600, 0),
(524, 'USUIOJVXN21PYK7M', 3, 94, 0, 1446817800, 1446558600, 0),
(525, 'UR4QSM0W2LIM3UIN', 3, 94, 0, 1446817800, 1446558600, 0),
(526, 'VR665ZI95EI4Q2XR', 3, 94, 0, 1446817800, 1446558600, 0),
(527, '5JBL2E93MKFE0Y1C', 3, 94, 0, 1446817800, 1446558600, 0),
(528, '6UUT4L3VSWVRTOZ3', 3, 94, 0, 1446817800, 1446558600, 0),
(529, 'T152CGAMMQSA9MFM', 3, 94, 0, 1446817800, 1446558600, 0),
(530, 'HHE5Q0ADPDTSXPXW', 3, 94, 0, 1446817800, 1446558600, 0),
(531, 'A46OMGR4TYY38NAK', 3, 94, 0, 1446817800, 1446558600, 0),
(532, 'R5UGK5JHGRZQIE4A', 3, 94, 0, 1446817800, 1446558600, 0),
(533, 'GHU98ELZAMZK7DQ8', 3, 94, 0, 1446817800, 1446558600, 0),
(534, 'SDXV1TMGQCE803ZT', 3, 94, 0, 1446817800, 1446558600, 0),
(535, 'QTSV3GYYOQM2YGOK', 3, 94, 0, 1446817800, 1446558600, 0),
(536, 'RLUHPHHGWCQ2VYAE', 3, 94, 0, 1446817800, 1446558600, 0),
(537, 'XCSIV3DRQNKBSK99', 3, 94, 0, 1446817800, 1446558600, 0),
(538, '1P9CEREAFHVI64HY', 3, 94, 0, 1446817800, 1446558600, 0),
(539, 'R7D9XVMK1KDNON0Y', 3, 94, 0, 1446817800, 1446558600, 0),
(540, 'M3GNH95MUZVKXX2T', 3, 94, 0, 1446817800, 1446558600, 0),
(541, 'REW2G7D8GN7YV8KN', 3, 94, 0, 1446817800, 1446558600, 0),
(542, '9824B86BGE7BSBLN', 3, 94, 0, 1446817800, 1446558600, 0),
(543, 'RYEGL2VUGH2LVPWV', 3, 94, 0, 1446817800, 1446558600, 0),
(544, '3YU6YBDF0XTUSZV7', 3, 94, 0, 1446817800, 1446558600, 0),
(545, 'ADMBYDL86RMAQ6JT', 3, 94, 0, 1446817800, 1446558600, 0),
(546, 'QMFMYR0EYS2QHXU8', 3, 94, 0, 1446817800, 1446558600, 0),
(547, 'Q6IARJVO5DZ61QD3', 3, 94, 0, 1446817800, 1446558600, 0),
(548, 'T677HIPDXCC8MTOU', 3, 94, 0, 1446817800, 1446558600, 0),
(549, 'OCW3LF4ON3YZQUC7', 3, 94, 0, 1446817800, 1446558600, 0),
(550, 'O1BBXFPD4QPRBD5A', 3, 94, 0, 1446817800, 1446558600, 0),
(551, 'NV8Q14MDZTC9QMA4', 3, 94, 0, 1446817800, 1446558600, 0),
(552, '9P2RXHC0S3IXH2F5', 3, 94, 0, 1446817800, 1446558600, 0),
(553, '7VIVQTL5NB14YIGA', 3, 94, 0, 1446817800, 1446558600, 0),
(554, 'MPD929XDHP6RNYPM', 3, 94, 0, 1446817800, 1446558600, 0),
(555, 'LAQ0ZQL9A3KR5OP8', 3, 94, 0, 1446817800, 1446558600, 0),
(556, 'U0GE4WQQQHPQP6T3', 3, 94, 0, 1446817800, 1446558600, 0),
(557, '9WTGKYHKKV4C85H5', 3, 94, 0, 1446817800, 1446558600, 0),
(558, '5N9KWLIDSOB7K82X', 3, 94, 0, 1446817800, 1446558600, 0),
(559, 'PRRBWA1C05NYBLKF', 3, 94, 0, 1446817800, 1446558600, 0),
(560, 'G6DKV3XNC6VA1LFP', 3, 94, 0, 1446817800, 1446558600, 0),
(561, '1VVGTG46DEH098WI', 3, 94, 0, 1446817800, 1446558600, 0),
(562, 'UDB58KVLH9UXZ8OB', 3, 94, 0, 1446817800, 1446558600, 0),
(563, 'HYA7B1RU0Y6YTHRA', 3, 94, 0, 1446817800, 1446558600, 0),
(564, 'T5F1TLNLZKSNXNG7', 3, 94, 0, 1446817800, 1446558600, 0),
(565, 'TKMEOH2JD0QH5I2E', 3, 94, 0, 1446817800, 1446558600, 0),
(566, 'SKJUW1OV1PCQMONH', 3, 94, 0, 1446817800, 1446558600, 0),
(567, 'WGFVFTONMRR8R79O', 3, 94, 0, 1446817800, 1446558600, 0),
(568, 'A262O8D8YH6XAEDG', 3, 94, 0, 1446817800, 1446558600, 0),
(569, 'PFLNOI7RRRYNCRFQ', 3, 94, 0, 1446817800, 1446558600, 0),
(570, 'SXYJ85NMX13S9VE5', 3, 94, 0, 1446817800, 1446558600, 0),
(571, 'UNR48N5SNSCBIJB8', 3, 94, 0, 1446817800, 1446558600, 0),
(572, 'JI07TYWR6VJVJIMH', 3, 94, 0, 1446817800, 1446558600, 0),
(573, 'TCJ9YE4UVZ6W9E91', 3, 94, 0, 1446817800, 1446558600, 0),
(574, 'LE43S2AL1KSQD17D', 3, 94, 0, 1446817800, 1446558600, 0),
(575, '51YR1ULZR4P2T0N1', 3, 94, 0, 1446817800, 1446558600, 0),
(576, '6O181WTSM816RZ8M', 3, 94, 0, 1446817800, 1446558600, 0),
(577, '9IDZTMXRRSSFKYMK', 3, 94, 0, 1446817800, 1446558600, 0),
(578, 'ACOL31EDO1MEDKHM', 3, 94, 0, 1446817800, 1446558600, 0),
(579, 'VS581B0T24LXA9G0', 3, 94, 0, 1446817800, 1446558600, 0),
(580, 'RCHNUFU8I7R3LJBK', 3, 94, 0, 1446817800, 1446558600, 0),
(581, '0MGLKT1DNRI050BS', 3, 94, 0, 1446817800, 1446558600, 0),
(582, '7U83KN6M3FUJN4V9', 3, 94, 0, 1446817800, 1446558600, 0),
(583, 'O68ZGW54REH4Z57F', 3, 94, 0, 1446817800, 1446558600, 0),
(584, 'SR2OJYCSVZPOSYEJ', 3, 94, 0, 1446817800, 1446558600, 0),
(585, '9EYOMXF3U2RWWBUW', 3, 94, 0, 1446817800, 1446558600, 0),
(586, '58CELPG6XWVCBNG7', 3, 94, 0, 1446817800, 1446558600, 0),
(587, 'KRM953YIL7YARRGZ', 3, 94, 0, 1446817800, 1446558600, 0),
(588, 'MQ0HA5PVYKNQF6Z4', 3, 94, 0, 1446817800, 1446558600, 0),
(589, '1BM279IJMQ3UI0X6', 3, 94, 0, 1446817800, 1446558600, 0),
(590, 'Y6GWXWLFYYK5B0ZG', 3, 94, 0, 1446817800, 1446558600, 0),
(591, 'A5AUDYEA2OKAD13Z', 3, 94, 0, 1446817800, 1446558600, 0),
(592, 'WZR27E7WK4I0FCSC', 3, 94, 0, 1446817800, 1446558600, 0),
(593, 'YQS5AT1U7L54POAE', 3, 94, 0, 1446817800, 1446558600, 0),
(594, 'DOUUJP936CEO6U0L', 3, 94, 0, 1446817800, 1446558600, 0),
(595, 'WV0CF4P9D75ZYEGO', 3, 94, 0, 1446817800, 1446558600, 0),
(596, 'LRC7EX43CAZMHFV7', 3, 94, 0, 1446817800, 1446558600, 0),
(597, '4OQ5RH9ZI6BJK8DR', 3, 94, 0, 1446817800, 1446558600, 0),
(598, 'LN878SHT9A30QSG4', 3, 94, 0, 1446817800, 1446558600, 0),
(599, 'SW2QLOUC763SA701', 3, 94, 0, 1446817800, 1446558600, 0),
(600, 'U2F10R3XXPESUYRU', 3, 94, 0, 1446817800, 1446558600, 0),
(601, 'ZU4Z9517KQEG1RPA', 3, 94, 0, 1446817800, 1446558600, 0),
(602, '28F03XEIHUS32OPQ', 3, 94, 0, 1446817800, 1446558600, 0),
(603, 'K9514H1DO75P3RRU', 3, 94, 0, 1446817800, 1446558600, 0),
(604, 'T9E8OOMLFFSH9L71', 3, 94, 0, 1446817800, 1446558600, 0),
(605, 'Y7FTK3UUNNEJG653', 3, 94, 0, 1446817800, 1446558600, 0),
(606, 'ISXEIPKRFQFCC9JU', 3, 94, 0, 1446817800, 1446558600, 0),
(607, 'ELMZ3XGP5N86F3A5', 3, 94, 0, 1446817800, 1446558600, 0),
(608, 'GK811ZGGD31MLZIE', 3, 94, 0, 1446817800, 1446558600, 0),
(609, 'IUAJMHULKP6NE27B', 3, 94, 0, 1446817800, 1446558600, 0),
(610, 'X3UX1R1MU2HISS5R', 3, 94, 0, 1446817800, 1446558600, 0),
(611, 'OKBB603RA5C1CMMP', 3, 94, 0, 1446817800, 1446558600, 0),
(612, 'HH7T647QZBFJNAYL', 3, 94, 0, 1446817800, 1446558600, 0),
(613, '1NGKYJE6PVRC6SUR', 3, 94, 0, 1446817800, 1446558600, 0),
(614, 'I4AI5O9X5Q4SHJX7', 3, 94, 0, 1446817800, 1446558600, 0),
(615, 'W0M43MVRL5J0AXH4', 3, 94, 0, 1446817800, 1446558600, 0),
(616, '44ORDDTURCZ0M3VD', 3, 94, 0, 1446817800, 1446558600, 0),
(617, 'MSXBBB8GOHTUE2L1', 3, 94, 0, 1446817800, 1446558600, 0),
(618, 'JZUDWMAHAGIUPRMZ', 3, 94, 0, 1446817800, 1446558600, 0),
(619, 'DPYIFSOF4JAHF6TY', 3, 94, 0, 1446817800, 1446558600, 0),
(620, 'GWCDUEXQUS7B8MVD', 3, 94, 0, 1446817800, 1446558600, 0),
(621, '7D6VGIPJO72V4JZV', 3, 94, 0, 1446817800, 1446558600, 0),
(622, 'J042QQXZQFZY9HVV', 3, 94, 0, 1446817800, 1446558600, 0),
(623, '8FUO40F2ZGAVOROB', 3, 94, 0, 1446817800, 1446558600, 0),
(624, 'MYLO6J4LY91O0QFJ', 3, 94, 0, 1446817800, 1446558600, 0),
(625, 'AQ2KY6ZIKOZAOUKM', 3, 94, 0, 1446817800, 1446558600, 0),
(626, '10TUURCPIJSP14NP', 3, 94, 0, 1446817800, 1446558600, 0),
(627, '1SAPWKUBF9N8L2TP', 3, 94, 0, 1446817800, 1446558600, 0),
(628, 'KH21EKTWMHG8LAOP', 3, 94, 0, 1446817800, 1446558600, 0),
(629, 'Q7K8P3Q56ALVQ4LO', 3, 94, 0, 1446817800, 1446558600, 0),
(630, 'KURNGINFN36CWXC0', 3, 94, 0, 1446817800, 1446558600, 0),
(631, 'FXIN2PURS3ALX7VU', 3, 94, 0, 1446817800, 1446558600, 0),
(632, 'B4HXOZQS4N53CRDT', 3, 94, 0, 1446817800, 1446558600, 0),
(633, 'BSC2DOD7N9HUVCW4', 3, 94, 0, 1446817800, 1446558600, 0),
(634, 'ULD8M6Q5HELRTPKL', 3, 94, 0, 1446817800, 1446558600, 0),
(635, '6VL2K1MBEKFI4CX4', 3, 94, 0, 1446817800, 1446558600, 0),
(636, '321IL5QCOKF6IS0D', 3, 94, 0, 1446817800, 1446558600, 0),
(637, 'BJG8WUOTL3Y9JC2M', 3, 94, 0, 1446817800, 1446558600, 0),
(638, '2Z5SHGLHCQ96B1ZS', 3, 94, 0, 1446817800, 1446558600, 0),
(639, '4KKX73F3ODNDHHJP', 3, 94, 0, 1446817800, 1446558600, 0),
(640, '9MLG95R8I34TU261', 3, 94, 0, 1446817800, 1446558600, 0),
(641, 'XDHDTGG7ZK23V68J', 3, 94, 0, 1446817800, 1446558600, 0),
(642, 'KBKPAUY24NVND8G3', 3, 94, 0, 1446817800, 1446558600, 0),
(643, 'II3H41NQ381LLKTR', 3, 94, 0, 1446817800, 1446558600, 0),
(644, 'CQWYL89M0K90KKU3', 3, 94, 0, 1446817800, 1446558600, 0),
(645, 'SNIFE78QU7XXC8M4', 3, 94, 0, 1446817800, 1446558600, 0),
(646, 'V3EN71CJBVZGSG1L', 3, 94, 0, 1446817800, 1446558600, 0),
(647, 'I639P0NZUTO4WK12', 3, 94, 0, 1446817800, 1446558600, 0),
(648, '1578WHJ97YBM4Q80', 3, 94, 0, 1446817800, 1446558600, 0),
(649, 'O7NCF7RTNU5CAUVY', 3, 94, 0, 1446817800, 1446558600, 0),
(650, '956BJXCK8AHWIB8W', 3, 94, 0, 1446817800, 1446558600, 0),
(651, 'VWHLL0KZF3OFYAVR', 3, 94, 0, 1446817800, 1446558600, 0),
(652, 'O65O7VTPEWCOQQ7K', 3, 94, 0, 1446817800, 1446558600, 0),
(653, 'A1MTRN9ZNY75861A', 3, 94, 0, 1446817800, 1446558600, 0),
(654, 'GIXDW5L91CJMYJ90', 3, 94, 0, 1446817800, 1446558600, 0),
(655, 'AILDTHWAI8U4LWAX', 3, 94, 0, 1446817800, 1446558600, 0),
(656, 'L0VYS4UDM78ZXU23', 3, 94, 0, 1446817800, 1446558600, 0),
(657, 'ECY97JX0H7PAQCN9', 3, 94, 0, 1446817800, 1446558600, 0),
(658, '4GV62AYMIDHN0BEB', 3, 94, 0, 1446817800, 1446558600, 0),
(659, 'O6I71NBNDDEPHAKF', 3, 94, 0, 1446817800, 1446558600, 0),
(660, '6SZR5VVSFU1EOZUZ', 3, 94, 0, 1446817800, 1446558600, 0),
(661, 'PNC2DI5996CY6DWU', 3, 94, 0, 1446817800, 1446558600, 0),
(662, 'MXUTHSIXR6VJR1QB', 3, 94, 0, 1446817800, 1446558600, 0),
(663, 'PB2XVV23B6I66YVY', 3, 94, 0, 1446817800, 1446558600, 0),
(664, 'URLBK0OALF69VDU6', 3, 94, 0, 1446817800, 1446558600, 0),
(665, 'VLSQDK6O9DY0LYO7', 3, 94, 0, 1446817800, 1446558600, 0),
(666, '0W8EA573Y6W5042A', 3, 94, 0, 1446817800, 1446558600, 0),
(667, 'XINRDJDG1WTNUYGH', 3, 94, 0, 1446817800, 1446558600, 0),
(668, 'BIFEHEZ7NOP55T69', 3, 94, 0, 1446817800, 1446558600, 0),
(669, '6HUEOZ04R9477Y03', 3, 94, 0, 1446817800, 1446558600, 0),
(670, '7ZU113IQSLULD546', 3, 94, 0, 1446817800, 1446558600, 0),
(671, '2E1T7P9R2EZB179O', 3, 94, 0, 1446817800, 1446558600, 0),
(672, 'B9A2AWG7J7OZ64ID', 3, 94, 0, 1446817800, 1446558600, 0),
(673, 'ZZL9GFI08MWVQL2J', 3, 94, 0, 1446817800, 1446558600, 0),
(674, 'EDNMBKFWHGU7XO0Q', 3, 94, 0, 1446817800, 1446558600, 0),
(675, 'GYFBVJCKZTNKI7T8', 3, 94, 0, 1446817800, 1446558600, 0),
(676, 'YV9R918N7OF4QRPU', 3, 94, 0, 1446817800, 1446558600, 0),
(677, '6HBZH1GNLU408XB5', 3, 94, 0, 1446817800, 1446558600, 0),
(678, 'JDYX88VR9QJLEQWT', 3, 94, 0, 1446817800, 1446558600, 0),
(679, 'PSBSTDBVIXDM2NQG', 3, 94, 0, 1446817800, 1446558600, 0),
(680, 'JQPQXFX487KQMAMN', 3, 94, 0, 1446817800, 1446558600, 0),
(681, 'GKE4E3Z12TWUMP3S', 3, 94, 0, 1446817800, 1446558600, 0),
(682, '87A1VQBMFLY8RHLC', 3, 94, 0, 1446817800, 1446558600, 0),
(683, '53VJJBCW0ID0XIQF', 3, 94, 0, 1446817800, 1446558600, 0),
(684, 'ZI4I08RDBS0HAMFH', 3, 94, 0, 1446817800, 1446558600, 0),
(685, 'DROBYGGNL71JX32E', 3, 94, 0, 1446817800, 1446558600, 0),
(686, 'GWAIHG47CZS0CYFR', 3, 94, 0, 1446817800, 1446558600, 0),
(687, 'NNIBQ31R18P2J04E', 3, 94, 0, 1446817800, 1446558600, 0),
(688, 'VPP63DAA3NQXGPE9', 3, 94, 0, 1446817800, 1446558600, 0),
(689, 'NGC7KMM0EPN9J637', 3, 94, 0, 1446817800, 1446558600, 0),
(690, '1E5WFPRUFOVI4D05', 3, 94, 0, 1446817800, 1446558600, 0),
(691, '2PKL44ETR8W385TM', 3, 94, 0, 1446817800, 1446558600, 0),
(692, '01G5N7EHQU4JFOR9', 3, 94, 0, 1446817800, 1446558600, 0),
(693, 'VZODUVMOCHVNLL2V', 3, 94, 0, 1446817800, 1446558600, 0),
(694, 'RT2WCDMH8H45TL9F', 3, 94, 0, 1446817800, 1446558600, 0),
(695, 'M90QILFSLJJQGM43', 3, 94, 0, 1446817800, 1446558600, 0),
(696, 'LA7FXHDJ8I538WSN', 3, 94, 0, 1446817800, 1446558600, 0),
(697, 'BB8UVLCILUCU10DW', 3, 94, 0, 1446817800, 1446558600, 0),
(698, 'O6X6R7FAAKADPGKP', 3, 94, 0, 1446817800, 1446558600, 0),
(699, 'J6NHPE89TSVKBCUA', 3, 94, 0, 1446817800, 1446558600, 0),
(700, '97O6IN6NMWZ92Q3P', 3, 94, 0, 1446817800, 1446558600, 0),
(701, 'YXW80XG2NQTVS3RK', 3, 94, 0, 1446817800, 1446558600, 0),
(702, '8BK9I90ZISL8DU1J', 3, 94, 0, 1446817800, 1446558600, 0),
(703, 'HGCEB52TZQVD6OIB', 3, 94, 0, 1446817800, 1446558600, 0),
(704, 'B0Z8OIWRN073E71A', 3, 94, 0, 1446817800, 1446558600, 0),
(705, '27W6JEYQ3UFDU9OX', 3, 94, 0, 1446817800, 1446558600, 0),
(706, '2I9W5AXHBPZIHUO4', 3, 94, 0, 1446817800, 1446558600, 0),
(707, 'OPVFZENX2WR4QSZ4', 3, 94, 0, 1446817800, 1446558600, 0),
(708, 'JEX8H165Q8VLZXKR', 3, 94, 0, 1446817800, 1446558600, 0),
(709, 'VQOZF9PA4H4PCQ6N', 3, 94, 0, 1446817800, 1446558600, 0),
(710, 'C019R13F46CNCAK2', 3, 94, 0, 1446817800, 1446558600, 0),
(711, '3F30F7DIZQHO63JJ', 3, 94, 0, 1446817800, 1446558600, 0),
(712, 'RU67DFXHRLYXVXEK', 3, 94, 0, 1446817800, 1446558600, 0),
(713, 'FOIZCL5RLN3XG7MS', 3, 94, 0, 1446817800, 1446558600, 0),
(714, '644D3NTU1QWJ180H', 3, 94, 0, 1446817800, 1446558600, 0),
(715, 'HUJ5A2E46NUOQUIN', 3, 94, 0, 1446817800, 1446558600, 0),
(716, 'Y3R10Q888JBZ6XJ9', 3, 94, 0, 1446817800, 1446558600, 0),
(717, 'KEUS8Z3UGWKUV4HB', 3, 94, 0, 1446817800, 1446558600, 0),
(718, 'VH79R4PFEQQA75RL', 3, 94, 0, 1446817800, 1446558600, 0),
(719, '572O9SN4FBKETZ2C', 3, 94, 0, 1446817800, 1446558600, 0),
(720, '3881NJKFM5321PHC', 3, 94, 0, 1446817800, 1446558600, 0),
(721, 'OG8EOBGE8MJC2388', 3, 94, 0, 1446817800, 1446558600, 0),
(722, 'KZDOKF0G264QM0K1', 3, 94, 0, 1446817800, 1446558600, 0),
(723, '56FJ3DQDYIIMFY7E', 3, 94, 0, 1446817800, 1446558600, 0),
(724, '85HBBYLWLGVM2MA2', 3, 94, 0, 1446817800, 1446558600, 0),
(725, 'RNLZ3KZ9A88GNFP7', 3, 94, 0, 1446817800, 1446558600, 0),
(726, 'MH90S2V1SPOH3MPI', 3, 94, 0, 1446817800, 1446558600, 0),
(727, 'QASZG2F30GTG8HOG', 3, 94, 0, 1446817800, 1446558600, 0),
(728, 'REO9YUT72HHJ2TJ8', 3, 94, 0, 1446817800, 1446558600, 0),
(729, 'F327DVO4777TW1HX', 3, 94, 0, 1446817800, 1446558600, 0),
(730, 'WBFUSZ313YWIIPY0', 3, 94, 0, 1446817800, 1446558600, 0),
(731, 'AM17TZ7SHMPLEQEG', 3, 94, 0, 1446817800, 1446558600, 0),
(732, 'NL6HHG5S0XHYUX54', 3, 94, 0, 1446817800, 1446558600, 0),
(733, '3H0YGIRZ7CVOS1XT', 3, 94, 0, 1446817800, 1446558600, 0),
(734, 'QUY49RUNXIDRHKOJ', 3, 94, 0, 1446817800, 1446558600, 0),
(735, 'YI9GXZVEFCZEXB0B', 3, 94, 0, 1446817800, 1446558600, 0),
(736, 'CNW2MUCT7O212NE4', 3, 94, 0, 1446817800, 1446558600, 0),
(737, '0L82OGA41A1HDQH3', 3, 94, 0, 1446817800, 1446558600, 0),
(738, 'FEO5Q47QIW9QB3T9', 3, 94, 0, 1446817800, 1446558600, 0),
(739, 'OLK9R9E6I1XX1ZBL', 3, 94, 0, 1446817800, 1446558600, 0),
(740, 'RUL95NOPZO0HI2GH', 3, 94, 0, 1446817800, 1446558600, 0),
(741, 'GUUZN50YH8V46LQT', 3, 94, 0, 1446817800, 1446558600, 0),
(742, 'UB3NDL1BM2X7QGPZ', 3, 94, 0, 1446817800, 1446558600, 0),
(743, '8H6YAJLI8R3FSG5Y', 3, 94, 0, 1446817800, 1446558600, 0),
(744, 'O3I6UR04J2YVKQHM', 3, 94, 0, 1446817800, 1446558600, 0),
(745, 'JF8RBJUKJ4MRP7U3', 3, 94, 0, 1446817800, 1446558600, 0),
(746, '53E3UL038ZEZ6HCX', 3, 94, 0, 1446817800, 1446558600, 0),
(747, 'YJB68ET9HUMCZ4EA', 3, 94, 0, 1446817800, 1446558600, 0),
(748, 'X6FC5SN9SNBJ32P4', 3, 94, 0, 1446817800, 1446558600, 0),
(749, 'Z19K6R06IF8HCB8B', 3, 94, 0, 1446817800, 1446558600, 0),
(750, 'P6D1B4BUJQ5VKEZ2', 3, 94, 0, 1446817800, 1446558600, 0),
(751, 'Q62N7N103L78EE1T', 3, 94, 0, 1446817800, 1446558600, 0),
(752, 'Q5ZOT22J1M9VL6BT', 3, 94, 0, 1446817800, 1446558600, 0),
(753, 'ATM142CD92G4GEQT', 3, 94, 0, 1446817800, 1446558600, 0),
(754, 'H8YQORLNR8DFDK9R', 3, 94, 0, 1446817800, 1446558600, 0),
(755, 'E14F18Y0EE85FH38', 3, 94, 0, 1446817800, 1446558600, 0),
(756, '9LCDISEJZJYDWM17', 3, 94, 0, 1446817800, 1446558600, 0),
(757, '3YM7DHWA1JXDI0NR', 3, 94, 0, 1446817800, 1446558600, 0),
(758, '4I6IWEL5N87NKL46', 3, 94, 0, 1446817800, 1446558600, 0),
(759, '0FKJ19E0PUQ5MKXN', 3, 94, 0, 1446817800, 1446558600, 0),
(760, 'SHSAOLCR1N74274M', 3, 94, 0, 1446817800, 1446558600, 0),
(761, 'XEL2WBO5P7QHWGZF', 3, 94, 0, 1446817800, 1446558600, 0),
(762, 'NF2B7C7KJXKQEBN9', 3, 94, 0, 1446817800, 1446558600, 0),
(763, 'YAT2B7UAGSD1X7IL', 3, 94, 0, 1446817800, 1446558600, 0),
(764, 'V94YTS8FVUEPJ3KM', 3, 94, 0, 1446817800, 1446558600, 0),
(765, '3JEKQL3TFFI6WUIX', 3, 94, 0, 1446817800, 1446558600, 0),
(766, 'XKN1YVVUB6YGVK9U', 3, 94, 0, 1446817800, 1446558600, 0),
(767, 'WRP778D2XJDV9JMF', 3, 94, 0, 1446817800, 1446558600, 0),
(768, 'CI8ZJASUQ20KYFVW', 3, 94, 0, 1446817800, 1446558600, 0),
(769, 'E414LOTHUT2N9EGB', 3, 94, 0, 1446817800, 1446558600, 0),
(770, '120379K7VK4TOTM8', 3, 94, 0, 1446817800, 1446558600, 0),
(771, '3SKULFAFWQQVO8LK', 3, 94, 0, 1446817800, 1446558600, 0),
(772, 'X9XXLBZEWOJOUY24', 3, 94, 0, 1446817800, 1446558600, 0),
(773, 'U5YPOLSMV4YA3ORR', 3, 94, 0, 1446817800, 1446558600, 0),
(774, 'U4JW483FVBRB24G8', 3, 94, 0, 1446817800, 1446558600, 0),
(775, 'POMTALRNTUCS6RYS', 3, 94, 0, 1446817800, 1446558600, 0),
(776, '9IDLALXIKLYU8VJT', 3, 94, 0, 1446817800, 1446558600, 0),
(777, 'MZKQJXW2P0LYJXGG', 3, 94, 0, 1446817800, 1446558600, 0),
(778, 'B35WE3WTL2ZWN3T7', 3, 94, 0, 1446817800, 1446558600, 0),
(779, '83SJDUTYM5729RMZ', 3, 94, 0, 1446817800, 1446558600, 0),
(780, 'I2K00268OQYAV9DA', 3, 94, 0, 1446817800, 1446558600, 0),
(781, '47SU51R1N6PR7ED5', 3, 94, 0, 1446817800, 1446558600, 0),
(782, 'WV08MS75DYGV8I32', 3, 94, 0, 1446817800, 1446558600, 0),
(783, '8B9DUITLGBAKUHQU', 3, 94, 0, 1446817800, 1446558600, 0),
(784, '5JTT0WKK01QTG1TM', 3, 94, 0, 1446817800, 1446558600, 0),
(785, 'RY2UDDL1FDZA2QQZ', 3, 94, 0, 1446817800, 1446558600, 0),
(786, '6ROBTH3BIOAJ7FF4', 3, 94, 0, 1446817800, 1446558600, 0),
(787, '1926KXXVI00KEAPP', 3, 94, 0, 1446817800, 1446558600, 0),
(788, '1H4438XFOYCW3LHL', 3, 94, 0, 1446817800, 1446558600, 0),
(789, '2P4V7AAZCH1CZKBO', 3, 94, 0, 1446817800, 1446558600, 0),
(790, '4WL1K88DU2NM3L8P', 3, 94, 0, 1446817800, 1446558600, 0),
(791, 'IMR0RWT8N15MLQES', 3, 94, 0, 1446817800, 1446558600, 0),
(792, 'K225T5OW98QXONLS', 3, 94, 0, 1446817800, 1446558600, 0),
(793, 'EYNGQSWCTQ9KS0N2', 3, 94, 0, 1446817800, 1446558600, 0),
(794, 'BFOMC7I8OK0A054F', 3, 94, 0, 1446817800, 1446558600, 0),
(795, 'MZHOH7T7OWFFTISJ', 3, 94, 0, 1446817800, 1446558600, 0),
(796, 'Z2QFLWWVYVOX9NIT', 3, 94, 0, 1446817800, 1446558600, 0),
(797, 'T5WP4ZKL8I74A69V', 3, 94, 0, 1446817800, 1446558600, 0),
(798, 'Q8D5KFHT48AB8O3O', 3, 94, 0, 1446817800, 1446558600, 0),
(799, 'UOJRGWB7AIZOERIL', 3, 94, 0, 1446817800, 1446558600, 0),
(800, 'AUS59M3RVUPD2PW0', 3, 94, 0, 1446817800, 1446558600, 0),
(801, 'YMDD3CH2JR2FX6F0', 3, 94, 0, 1446817800, 1446558600, 0),
(802, 'NVFHSI9LZ3D2ENVF', 3, 94, 0, 1446817800, 1446558600, 0),
(803, '75ZB0DWA1SVI7TNV', 3, 94, 0, 1446817800, 1446558600, 0),
(804, 'DSL02WY4OVDJZS0I', 3, 94, 0, 1446817800, 1446558600, 0),
(805, 'QJY1R9WHFB6WLYSU', 3, 94, 0, 1446817800, 1446558600, 0),
(806, 'P47MNJ1A3ENZXQ98', 3, 94, 0, 1446817800, 1446558600, 0),
(807, 'D1L90MVEEN3UHYAS', 3, 94, 0, 1446817800, 1446558600, 0),
(808, 'UUCOWULYNCK4JCF8', 3, 94, 0, 1446817800, 1446558600, 0);
INSERT INTO `coupons` (`id`, `code`, `test_program_id`, `institute_id`, `student_id`, `expiry_date`, `created`, `deleted`) VALUES
(809, 'J7X59Z686OJSTIKS', 3, 94, 0, 1446817800, 1446558600, 0),
(810, 'RXZ4NAZB6AQ1P5FK', 3, 94, 0, 1446817800, 1446558600, 0),
(811, 'EE2ONLEX0VODK7ZL', 3, 94, 0, 1446817800, 1446558600, 0),
(812, 'IJTOYG7RCUH4UZ46', 3, 94, 0, 1446817800, 1446558600, 0),
(813, 'KLHV3ZJA5J58SUU7', 3, 94, 0, 1446817800, 1446558600, 0),
(814, 'B85C71SCLXTSHXL2', 3, 94, 0, 1446817800, 1446558600, 0),
(815, 'ZN6KOG87IYXJGFS2', 3, 94, 0, 1446817800, 1446558600, 0),
(816, '1NSJ46BYSZZI0QP4', 3, 94, 0, 1446817800, 1446558600, 0),
(817, 'Z76JZWIEQUWYJV2V', 3, 94, 0, 1446817800, 1446558600, 0),
(818, 'EV2N4AG6A2N15YQU', 3, 94, 0, 1446817800, 1446558600, 0),
(819, 'BFP2NDWRFYT0RBPP', 3, 94, 0, 1446817800, 1446558600, 0),
(820, 'I9NEMG8LMGI92HPO', 3, 94, 0, 1446817800, 1446558600, 0),
(821, '5EONREMMQ5O69EYT', 3, 94, 0, 1446817800, 1446558600, 0),
(822, 'EZIMLBLQXRUUVNNI', 3, 94, 0, 1446817800, 1446558600, 0),
(823, 'UX6UO7UX5X88EPQP', 3, 94, 0, 1446817800, 1446558600, 0),
(824, 'Q4GZQ9MMTPKI25NQ', 3, 94, 0, 1446817800, 1446558600, 0),
(825, '86RBEDWCA1DD7CN2', 3, 94, 0, 1446817800, 1446558600, 0),
(826, '8PJWE2QXIA56948U', 3, 94, 0, 1446817800, 1446558600, 0),
(827, 'RHQEB5UYCZHY49TU', 3, 94, 0, 1446817800, 1446558600, 0),
(828, '2D34CTKDC63FQDO9', 3, 94, 0, 1446817800, 1446558600, 0),
(829, '7JAURY627OPG2H2Q', 3, 94, 0, 1446817800, 1446558600, 0),
(830, '1NZXKAUKIJT3O1Z0', 3, 94, 0, 1446817800, 1446558600, 0),
(831, 'OL70T3VMDQ9BHD0X', 3, 94, 0, 1446817800, 1446558600, 0),
(832, '5CUA04F5ZL0E48SC', 3, 94, 0, 1446817800, 1446558600, 0),
(833, 'FW9VAAWOBIJI2OFC', 3, 94, 0, 1446817800, 1446558600, 0),
(834, 'SVQUZU63ZJI8QGCQ', 3, 94, 0, 1446817800, 1446558600, 0),
(835, 'UQWIAC1DD9URKBH1', 3, 94, 0, 1446817800, 1446558600, 0),
(836, '4KX9S7FG041B06Z7', 3, 94, 0, 1446817800, 1446558600, 0),
(837, 'BYBGA5QTJCMA2U1T', 3, 94, 0, 1446817800, 1446558600, 0),
(838, 'Y9K8EIXBHVI0UQGQ', 3, 94, 0, 1446817800, 1446558600, 0),
(839, 'M3UFJBPBE08UV5O7', 3, 94, 0, 1446817800, 1446558600, 0),
(840, '5F5PKUSAN7HYOEG7', 3, 94, 0, 1446817800, 1446558600, 0),
(841, 'V47YPH51N17V54WO', 3, 94, 0, 1446817800, 1446558600, 0),
(842, 'CB6QVFRH9UQ6YEBO', 3, 94, 0, 1446817800, 1446558600, 0),
(843, 'L7V3WWPWX0EZWUCF', 3, 94, 0, 1446817800, 1446558600, 0),
(844, 'QWYJCQ2LJVYOEIWU', 3, 94, 0, 1446817800, 1446558600, 0),
(845, 'XNES2KALB3VW87VF', 3, 94, 0, 1446817800, 1446558600, 0),
(846, 'FC4YCL6JUAV31K26', 3, 94, 0, 1446817800, 1446558600, 0),
(847, 'GT91MQTTWW7OFF6I', 3, 94, 0, 1446817800, 1446558600, 0),
(848, '04YERDRABLG3240T', 3, 94, 0, 1446817800, 1446558600, 0),
(849, 'CJOBDITPM2EUA38G', 3, 94, 0, 1446817800, 1446558600, 0),
(850, '0Z01WYMGY5X55VFQ', 3, 94, 0, 1446817800, 1446558600, 0),
(851, '2WC41EIG1H1QAOIE', 3, 94, 0, 1446817800, 1446558600, 0),
(852, 'ZVZVLS565O9S6YDE', 3, 94, 0, 1446817800, 1446558600, 0),
(853, '75GXKD1N0YNBWKJD', 3, 94, 0, 1446817800, 1446558600, 0),
(854, 'HR72BDZH435XSLWG', 3, 94, 0, 1446817800, 1446558600, 0),
(855, 'WF0KCNYBZ9O7Y7Y0', 3, 94, 0, 1446817800, 1446558600, 0),
(856, 'CU6SX47LCIWOGRQK', 3, 94, 0, 1446817800, 1446558600, 0),
(857, 'ZZ3L8Z771GIM46MA', 3, 94, 0, 1446817800, 1446558600, 0),
(858, 'A63QH96TDTATWEZS', 3, 94, 0, 1446817800, 1446558600, 0),
(859, 'SZVVUT2B22KLC4M5', 3, 94, 0, 1446817800, 1446558600, 0),
(860, '94YDASFSHZOJFXXK', 3, 94, 0, 1446817800, 1446558600, 0),
(861, '8Z2SMH8G1J21OQGN', 3, 94, 0, 1446817800, 1446558600, 0),
(862, 'C66EDLA80QDPRNDI', 3, 94, 0, 1446817800, 1446558600, 0),
(863, '9DY8Q6UG78CV2RPQ', 3, 94, 0, 1446817800, 1446558600, 0),
(864, '1SCSVYMNI2JB4JNT', 3, 94, 0, 1446817800, 1446558600, 0),
(865, 'OAT9RES7R46JDK3R', 3, 94, 0, 1446817800, 1446558600, 0),
(866, 'J2EA4MD0Z71YPAO4', 3, 94, 0, 1446817800, 1446558600, 0),
(867, 'VOFAYX34R2J2SSYA', 3, 94, 0, 1446817800, 1446558600, 0),
(868, '4NSHW10UPUP4PZNJ', 3, 94, 0, 1446817800, 1446558600, 0),
(869, '3XOATI8E1GATF9SW', 3, 94, 0, 1446817800, 1446558600, 0),
(870, 'WEY9R4E9NZZIAD8B', 3, 94, 0, 1446817800, 1446558600, 0),
(871, '3MCKV9K4V86H626X', 3, 94, 0, 1446817800, 1446558600, 0),
(872, 'NS48LGXWHUXFXLNL', 3, 94, 0, 1446817800, 1446558600, 0),
(873, '36NI63A7ERALWDTJ', 3, 94, 0, 1446817800, 1446558600, 0),
(874, 'MSKVEKPD6AIW4OM8', 3, 94, 0, 1446817800, 1446558600, 0),
(875, 'PHZMCP0LNTVBA994', 3, 94, 0, 1446817800, 1446558600, 0),
(876, '1KMF66JNWQ7NAV9W', 3, 94, 0, 1446817800, 1446558600, 0),
(877, 'T7T76CKBYUOD3LZ3', 3, 94, 0, 1446817800, 1446558600, 0),
(878, 'NYIX35TXRFWHUFP4', 3, 94, 0, 1446817800, 1446558600, 0),
(879, 'GS5O0C2KRHRUJP10', 3, 94, 0, 1446817800, 1446558600, 0),
(880, 'BBHZU0DPLTX0YDZH', 3, 94, 0, 1446817800, 1446558600, 0),
(881, 'LGQ4HY0G88WKMCG4', 3, 94, 0, 1446817800, 1446558600, 0),
(882, 'CZ0IFJVCRDY3QHB2', 3, 94, 0, 1446817800, 1446558600, 0),
(883, 'QHUNYWHYN43GMN4G', 3, 94, 0, 1446817800, 1446558600, 0),
(884, 'JJIDOHSOCQ2E6AU4', 3, 94, 0, 1446817800, 1446558600, 0),
(885, '25UJZVTZ145G3QHO', 3, 94, 0, 1446817800, 1446558600, 0),
(886, 'FFR7VGHYTF65V97Q', 3, 94, 0, 1446817800, 1446558600, 0),
(887, '0H1Q3OPND13KSI55', 3, 94, 0, 1446817800, 1446558600, 0),
(888, 'IQ0V4V6EV5EB390T', 3, 94, 0, 1446817800, 1446558600, 0),
(889, 'ROE89H39ICYDEHKZ', 3, 94, 0, 1446817800, 1446558600, 0),
(890, '509Z7DCXQ79X6A4C', 3, 94, 0, 1446817800, 1446558600, 0),
(891, 'QVHUNH1SSZBH05S2', 3, 94, 0, 1446817800, 1446558600, 0),
(892, '7CX0053FB2Y2748R', 3, 94, 0, 1446817800, 1446558600, 0),
(893, '47ZQS04JR61IHN7G', 3, 94, 0, 1446817800, 1446558600, 0),
(894, '6I6W4VP4TXQ5LDFG', 3, 94, 0, 1446817800, 1446558600, 0),
(895, 'UDB0XULBTCEUCLG2', 3, 94, 0, 1446817800, 1446558600, 0),
(896, 'K6Z8MERGNPA8XRDP', 3, 94, 0, 1446817800, 1446558600, 0),
(897, '4Q6OR67MA7GTWKEA', 3, 94, 0, 1446817800, 1446558600, 0),
(898, '3CVE5TTFJO9D2HUX', 3, 94, 0, 1446817800, 1446558600, 0),
(899, 'LOW51GW315PL23AT', 3, 94, 0, 1446817800, 1446558600, 0),
(900, 'WBUU8FQ14504GVTR', 3, 94, 0, 1446817800, 1446558600, 0),
(901, '252O4XL3L7KXONG0', 3, 94, 0, 1446817800, 1446558600, 0),
(902, 'A3E1F7AM34R767K3', 3, 94, 0, 1446817800, 1446558600, 0),
(903, '1N0ZEEZ7DU4X02D4', 3, 94, 0, 1446817800, 1446558600, 0),
(904, '3J7J9343KNTOOL37', 3, 94, 0, 1446817800, 1446558600, 0),
(905, 'HOA52SIDG5XTX0I6', 3, 94, 0, 1446817800, 1446558600, 0),
(906, '0BPNPIEO7634AC7B', 3, 94, 0, 1446817800, 1446558600, 0),
(907, '9RC0PJ0G8GM1V1PY', 3, 94, 0, 1446817800, 1446558600, 0),
(908, '4I59YS0D9CTE9RBU', 3, 94, 0, 1446817800, 1446558600, 0),
(909, 'C0CUL2EBAUM3TOXL', 3, 94, 0, 1446817800, 1446558600, 0),
(910, '9YJ19NXXKQ2YT2IP', 3, 94, 0, 1446817800, 1446558600, 0),
(911, 'N1FC6PIN1DOWDB6N', 3, 94, 0, 1446817800, 1446558600, 0),
(912, '5PRKTSZ4J1I47D0N', 3, 94, 0, 1446817800, 1446558600, 0),
(913, '05V1CZINOXCRC7TV', 3, 94, 0, 1446817800, 1446558600, 0),
(914, '67PXXZUMRNZLD3PH', 3, 94, 0, 1446817800, 1446558600, 0),
(915, 'UVJPI5W8GCKRIKQQ', 3, 94, 0, 1446817800, 1446558600, 0),
(916, 'JXB4I86PE8U8Q3HM', 3, 94, 0, 1446817800, 1446558600, 0),
(917, '5YD6SYJ4IBM41DWB', 3, 94, 0, 1446817800, 1446558600, 0),
(918, 'AF787F69E13ADEZW', 3, 94, 0, 1446817800, 1446558600, 0),
(919, 'R65MJZ66E41FZYY0', 3, 94, 0, 1446817800, 1446558600, 0),
(920, '93M74P5O8IH7XR47', 3, 94, 0, 1446817800, 1446558600, 0),
(921, '5SOSCZAS0RN7LODH', 3, 94, 0, 1446817800, 1446558600, 0),
(922, 'BN980CPG1M5WUIQY', 3, 94, 0, 1446817800, 1446558600, 0),
(923, 'LULGNVJOUKAGK1P5', 3, 94, 0, 1446817800, 1446558600, 0),
(924, 'Y0M95X2O8O32FQ7C', 3, 94, 0, 1446817800, 1446558600, 0),
(925, 'H0NNJ301XPBWWD9P', 3, 94, 0, 1446817800, 1446558600, 0),
(926, 'BYQTP6TBJP4GZD2Y', 3, 94, 0, 1446817800, 1446558600, 0),
(927, 'LJSBQS9V7TM58I8S', 3, 94, 0, 1446817800, 1446558600, 0),
(928, 'ANBRMRFHOBZN7Z31', 3, 94, 0, 1446817800, 1446558600, 0),
(929, 'PLKVB9FGHAJFTMAR', 3, 94, 0, 1446817800, 1446558600, 0),
(930, 'ZP36806UZ112YPZS', 3, 94, 0, 1446817800, 1446558600, 0),
(931, 'FXM09WH5OB3ORDYU', 3, 94, 0, 1446817800, 1446558600, 0),
(932, 'FDYNM295XQ8HCSPI', 3, 94, 0, 1446817800, 1446558600, 0),
(933, '5LBK9FKGEFSOAXJZ', 3, 94, 0, 1446817800, 1446558600, 0),
(934, 'B6XSYKINJR0XTJX9', 3, 94, 0, 1446817800, 1446558600, 0),
(935, '2HLB063WIMKFMI43', 3, 94, 0, 1446817800, 1446558600, 0),
(936, 'JRPJZDUVGKI9FCQ0', 3, 94, 0, 1446817800, 1446558600, 0),
(937, '4MXYZTA5VKFTI5JD', 3, 94, 0, 1446817800, 1446558600, 0),
(938, 'IP78SVHHXAK61PIT', 3, 94, 0, 1446817800, 1446558600, 0),
(939, '27ZM5L83TB3M3KNC', 3, 94, 0, 1446817800, 1446558600, 0),
(940, '7ZAAPX5T98ONGK26', 3, 94, 0, 1446817800, 1446558600, 0),
(941, 'KHVICORS239T3FHV', 3, 94, 0, 1446817800, 1446558600, 0),
(942, '9YNLNZ5K5H5TVO9B', 3, 94, 0, 1446817800, 1446558600, 0),
(943, '7IXD9D59CQ8HQZWG', 3, 94, 0, 1446817800, 1446558600, 0),
(944, '5F4269EL6ZR6FZPF', 3, 94, 0, 1446817800, 1446558600, 0),
(945, '1MWK0IT2ULSQU61V', 3, 94, 0, 1446817800, 1446558600, 0),
(946, 'FQMXFWFAMCZ28BUA', 3, 94, 0, 1446817800, 1446558600, 0),
(947, 'V8SXPG4OU2A5CRIA', 3, 94, 0, 1446817800, 1446558600, 0),
(948, 'GRMROZS2TAWJYS1R', 3, 94, 0, 1446817800, 1446558600, 0),
(949, 'POBN5GR5I9PJA9PY', 3, 94, 0, 1446817800, 1446558600, 0),
(950, 'H2XWAXXW67XT91KF', 3, 94, 0, 1446817800, 1446558600, 0),
(951, 'UEV7C56GQCUA45UF', 3, 94, 0, 1446817800, 1446558600, 0),
(952, '9X68LK8EL1S33JVR', 3, 94, 0, 1446817800, 1446558600, 0),
(953, '7L3TCKRONQWDG7T1', 3, 94, 0, 1446817800, 1446558600, 0),
(954, 'NG5ZF8829KKXUDLZ', 3, 94, 0, 1446817800, 1446558600, 0),
(955, '5PT9WR627X9YHI68', 3, 94, 0, 1446817800, 1446558600, 0),
(956, '0W1EMH8ZEQDTFN3G', 3, 94, 0, 1446817800, 1446558600, 0),
(957, 'VSIH7ACJWFVB43AV', 3, 94, 0, 1446817800, 1446558600, 0),
(958, '8ZRDQ2LAVXZD6BYY', 3, 94, 0, 1446817800, 1446558600, 0),
(959, 'T1W7CORACCUFF71T', 3, 94, 0, 1446817800, 1446558600, 0),
(960, 'T3MS1RFAIRE5WG6J', 3, 94, 0, 1446817800, 1446558600, 0),
(961, 'N6FEE6HLX1WO8YRM', 3, 94, 0, 1446817800, 1446558600, 0),
(962, '8XSYV60MEY89FNMA', 3, 94, 0, 1446817800, 1446558600, 0),
(963, 'KHXEBJFCD4B46WNM', 3, 94, 0, 1446817800, 1446558600, 0),
(964, '0SVRQZ0B0DAJZDLG', 3, 94, 0, 1446817800, 1446558600, 0),
(965, 'AJ9YIKEE9JBOR1SJ', 3, 94, 0, 1446817800, 1446558600, 0),
(966, 'DUPG5VZLH9DQJR3J', 3, 94, 0, 1446817800, 1446558600, 0),
(967, 'IWN1YCHXBC0D6E3L', 3, 94, 0, 1446817800, 1446558600, 0),
(968, 'KAKL1UPPVRRKVCE7', 3, 94, 0, 1446817800, 1446558600, 0),
(969, '9YTLZFBTB0F61C4I', 3, 94, 0, 1446817800, 1446558600, 0),
(970, 'U4WCXPOQQI0GR38R', 3, 94, 0, 1446817800, 1446558600, 0),
(971, 'NSPPWQF83KMD348N', 3, 94, 0, 1446817800, 1446558600, 0),
(972, 'W9XRHOAZQN0PG1EN', 3, 94, 0, 1446817800, 1446558600, 0),
(973, '6NYCZ988Q3P961N9', 3, 94, 0, 1446817800, 1446558600, 0),
(974, 'VYSRN2MP7HR3OWJS', 3, 94, 0, 1446817800, 1446558600, 0),
(975, 'T6W662PY1P2TZVEF', 3, 94, 0, 1446817800, 1446558600, 0),
(976, 'MMH80O3DLMSUE8IJ', 3, 94, 0, 1446817800, 1446558600, 0),
(977, '40EO7RJ8LE79PQVK', 3, 94, 0, 1446817800, 1446558600, 0),
(978, 'XUWAYOROTN1U65ZN', 3, 94, 0, 1446817800, 1446558600, 0),
(979, 'LYSBPJTSG8FJBRTZ', 3, 94, 0, 1446817800, 1446558600, 0),
(980, 'OIY4M4F0A7BEROFF', 3, 94, 0, 1446817800, 1446558600, 0),
(981, 'R99ML5JP1X7C4P16', 3, 94, 0, 1446817800, 1446558600, 0),
(982, '7ASFMZ1U4U7D68Z3', 3, 94, 0, 1446817800, 1446558600, 0),
(983, 'YR7O5O004GSI9JMF', 3, 94, 0, 1446817800, 1446558600, 0),
(984, 'BAM3Y8ZGA5DTZ1O0', 3, 94, 0, 1446817800, 1446558600, 0),
(985, 'P1L6RBZFW5YVMUTB', 3, 94, 0, 1446817800, 1446558600, 0),
(986, '0CILX8513AQOKDQE', 3, 94, 0, 1446817800, 1446558600, 0),
(987, 'ENTAXHTL4QWA3TZ8', 3, 94, 0, 1446817800, 1446558600, 0),
(988, 'UXZBAJHCZIKJO6QF', 3, 94, 0, 1446817800, 1446558600, 0),
(989, 'ZPIRH9PB5IMV02UP', 3, 94, 0, 1446817800, 1446558600, 0),
(990, '667TFDLWFD0AIYWQ', 3, 94, 0, 1446817800, 1446558600, 0),
(991, 'RB3I319XFTFDFG8M', 3, 94, 0, 1446817800, 1446558600, 0),
(992, '8900D3I2QHFRNHAV', 3, 94, 0, 1446817800, 1446558600, 0),
(993, '5AQ6DIK9O1FPZ16Q', 3, 94, 0, 1446817800, 1446558600, 0),
(994, 'NRLQMPX3LF8E32YE', 3, 94, 0, 1446817800, 1446558600, 0),
(995, 'Y0UKBVWIY0BTJ8EX', 3, 94, 0, 1446817800, 1446558600, 0),
(996, 'IGPTK437CD5OE2ZY', 3, 94, 0, 1446817800, 1446558600, 0),
(997, '3OEH12G69C2GGAAX', 3, 94, 0, 1446817800, 1446558600, 0),
(998, 'TKGC4N6CUTIMGUHE', 3, 94, 0, 1446817800, 1446558600, 0),
(999, 'L66I5159M58W38FP', 3, 94, 0, 1446817800, 1446558600, 0),
(1000, '9C8EADP6ZYVMMO9J', 3, 94, 0, 1446817800, 1446558600, 0),
(1001, 'KH1HTATTOVOZUI6M', 3, 94, 0, 1446817800, 1446558600, 0),
(1002, '2QQPSMQTJ19S6Q6B', 3, 94, 0, 1446817800, 1446558600, 0),
(1003, 'SYYSHBSMHKD06UWA', 3, 94, 0, 1446817800, 1446558600, 0),
(1004, 'L0100FG68GMK0GI8', 3, 94, 0, 1446817800, 1446558600, 0),
(1005, 'STJXT03FID8X7YVC', 3, 94, 0, 1446817800, 1446558600, 0),
(1006, 'K03DRAJYTLH5J2ZP', 3, 94, 0, 1446817800, 1446558600, 0),
(1007, '7RS4OYI2RT50WWF5', 3, 94, 0, 1446817800, 1446558600, 0),
(1008, 'AR5231X8UY6U8NU7', 3, 94, 0, 1446817800, 1446558600, 0),
(1009, 'YGQZJGPGVAXC5GWT', 3, 94, 0, 1446817800, 1446558600, 0),
(1010, 'LBMUOAPE9U0KD4XD', 3, 94, 0, 1446817800, 1446558600, 0),
(1011, '0XPCANJ87SHSPP6S', 3, 94, 0, 1446817800, 1446558600, 0),
(1012, 'KCDGSQ4N22GXME24', 3, 94, 0, 1446817800, 1446558600, 0),
(1013, 'ZY6Z5QIX7YF2D755', 3, 94, 0, 1446817800, 1446558600, 0),
(1014, 'P1UNRCWLFGV144QQ', 3, 94, 0, 1446817800, 1446558600, 0),
(1015, 'NSQ8J7SFZSCW8UFC', 3, 94, 0, 1446817800, 1446558600, 0),
(1016, '18JBA8XUUIC75K5H', 3, 94, 0, 1446817800, 1446558600, 0),
(1017, 'LKDUQDG0LIOQBHJY', 3, 94, 0, 1446817800, 1446558600, 0),
(1018, 'OLRDSJC07AMKGJ4L', 3, 94, 0, 1446817800, 1446558600, 0),
(1019, 'ZI8GYM1LKLHDCSGN', 3, 94, 0, 1446817800, 1446558600, 0),
(1020, '8R262WGXSE8THDCC', 3, 94, 0, 1446817800, 1446558600, 0),
(1021, 'Y6YN3VIWOQ7R7QSQ', 3, 94, 0, 1446817800, 1446558600, 0),
(1022, 'JKPIKCQCZ5Y3D1KL', 3, 94, 0, 1446817800, 1446558600, 0),
(1023, 'AHOCISQTRWVW9RC6', 3, 94, 0, 1446817800, 1446558600, 0),
(1024, 'YFFDZ5DFCK48I11T', 3, 94, 0, 1446817800, 1446558600, 0),
(1025, 'GP94R3CTM9GQDZFI', 3, 94, 0, 1446817800, 1446558600, 0),
(1026, 'P8WHB4BJP7Z2ZGSJ', 3, 94, 0, 1446817800, 1446558600, 0),
(1027, 'JLTE0VSL5BGT634H', 3, 94, 0, 1446817800, 1446558600, 0),
(1028, 'ESKO2CKB63S3ESIK', 3, 94, 0, 1446817800, 1446558600, 0),
(1029, 'WL92BJPMCGGLOSLJ', 3, 94, 0, 1446817800, 1446558600, 0),
(1030, 'OMDLLG39ZA57V3PB', 3, 94, 0, 1446817800, 1446558600, 0),
(1031, 'CO9I3WS6KO1NCHU2', 3, 94, 0, 1446817800, 1446558600, 0),
(1032, 'YGFTXY36N4AJ0LHQ', 3, 94, 0, 1446817800, 1446558600, 0),
(1033, '7491MQZUXQ9SLL9O', 3, 94, 0, 1446817800, 1446558600, 0),
(1034, 'B60XEYATUUP49LAU', 3, 94, 0, 1446817800, 1446558600, 0),
(1035, 'QZN2X06KI7MNUGH1', 3, 94, 0, 1446817800, 1446558600, 0),
(1036, 'NHSRL8DQRP2ICZUB', 3, 94, 0, 1446817800, 1446558600, 0),
(1037, 'Q9PJNJVSHCV1H30W', 3, 94, 0, 1446817800, 1446558600, 0),
(1038, 'J4XG063QMNEJNSI1', 3, 94, 0, 1446817800, 1446558600, 0),
(1039, 'C13CZADPJJ7Z6O29', 3, 94, 0, 1446817800, 1446558600, 0),
(1040, '90K35PYPY0U8ZI5W', 3, 94, 0, 1446817800, 1446558600, 0),
(1041, 'Y1A6JPREDQWI6NAN', 3, 94, 0, 1446817800, 1446558600, 0),
(1042, 'GJ6B1F6KGY1P1K0V', 3, 94, 0, 1446817800, 1446558600, 0),
(1043, 'FO6EGP4B8S8GC75T', 3, 94, 0, 1446817800, 1446558600, 0),
(1044, 'HAQQNHVSNNPSASXR', 3, 94, 0, 1446817800, 1446558600, 0),
(1045, 'U7Y7IK9BJBC4PPRJ', 3, 94, 0, 1446817800, 1446558600, 0),
(1046, '1YL2SBY248EIMBRX', 3, 94, 0, 1446817800, 1446558600, 0),
(1047, '7LNWNBBVK7A3LBDW', 3, 94, 0, 1446817800, 1446558600, 0),
(1048, '7JZGS23CAD8WK0WO', 3, 94, 0, 1446817800, 1446558600, 0),
(1049, '8YC11XK93AVT58MN', 3, 94, 0, 1446817800, 1446558600, 0),
(1050, 'UHL3HAMMKS56WGBM', 3, 94, 0, 1446817800, 1446558600, 0),
(1051, 'Q4N9EUKVY10HUUV2', 3, 94, 0, 1446817800, 1446558600, 0),
(1052, 'TQC092FMNEZP7KMH', 3, 94, 0, 1446817800, 1446558600, 0),
(1053, 'WWFP7IOEH27UFCQ9', 3, 94, 0, 1446817800, 1446558600, 0),
(1054, '0RDPJW9D2NTPMKLX', 3, 94, 0, 1446817800, 1446558600, 0),
(1055, 'POU4YL1NJBTOS8CY', 3, 94, 0, 1446817800, 1446558600, 0),
(1056, 'IJTUC2TAGGQ9UTWA', 3, 94, 0, 1446817800, 1446558600, 0),
(1057, 'ZYZIRCQDLTM00BXG', 3, 94, 0, 1446817800, 1446558600, 0),
(1058, 'HIGHK9JXL2T0RVDH', 3, 94, 0, 1446817800, 1446558600, 0),
(1059, 'M6ZYI5R9BDXKANT5', 3, 94, 0, 1446817800, 1446558600, 0),
(1060, '6MGHB3MMZ5056J76', 3, 94, 0, 1446817800, 1446558600, 0),
(1061, 'Q0BXD8CD2W1PXUWE', 3, 94, 0, 1446817800, 1446558600, 0),
(1062, 'F6LDQFOQIFY3V6RI', 3, 94, 0, 1446817800, 1446558600, 0),
(1063, 'UHW4VMSXRTJZ2753', 3, 94, 0, 1446817800, 1446558600, 0),
(1064, 'J6IW47QFIREAY7Z9', 3, 94, 0, 1446817800, 1446558600, 0),
(1065, 'SMH5UIE7FKJNVM1G', 3, 94, 0, 1446817800, 1446558600, 0),
(1066, '8BJBSMAMU9TBELGA', 1, 94, 0, 1448898900, 1448448600, 0),
(1067, 'BZXEZD6QDAJ6KOJ0', 1, 94, 0, 1448898900, 1448448600, 0),
(1068, 'BSQUZ6QTPZFILOWH', 1, 94, 91, 1448898900, 1448448600, 0),
(1069, '47345JKKXK0PIMJU', 1, 94, 90, 1448898900, 1448448600, 0),
(1070, 'OECP5X3YKWLYA0SC', 1, 94, 57, 1448898900, 1448448600, 0);

-- --------------------------------------------------------

--
-- Table structure for table `difficulty`
--

DROP TABLE IF EXISTS `difficulty`;
CREATE TABLE IF NOT EXISTS `difficulty` (
  `id` int(11) NOT NULL,
  `difficulty` varchar(200) NOT NULL,
  `description` varchar(50) NOT NULL,
  `user_id` int(11) NOT NULL,
  `created` varchar(30) NOT NULL,
  `delete` tinyint(1) NOT NULL
) ENGINE=InnoDB AUTO_INCREMENT=6 DEFAULT CHARSET=latin1;

--
-- Dumping data for table `difficulty`
--

INSERT INTO `difficulty` (`id`, `difficulty`, `description`, `user_id`, `created`, `delete`) VALUES
(1, 'Easy', '', 1, '1444215999', 0),
(2, 'Tough', '', 1, '1444216117', 0),
(3, 'TestDifficultyG', 'This is dummy difficultylevel', 1, '1445858857', 1),
(4, 'TestDifficultyU', 'This is dummy difficultylevel', 1, '1448031689', 1),
(5, 'TestDifficultyI', 'This is dummy difficultylevel', 1, '1448033657', 1);

-- --------------------------------------------------------

--
-- Table structure for table `options`
--

DROP TABLE IF EXISTS `options`;
CREATE TABLE IF NOT EXISTS `options` (
  `id` int(11) NOT NULL,
  `option` varchar(200) NOT NULL,
  `answer` tinyint(1) NOT NULL DEFAULT '0',
  `number` int(11) NOT NULL DEFAULT '0',
  `question_id` int(11) NOT NULL,
  `user_id` int(11) NOT NULL,
  `created` int(11) NOT NULL,
  `deleted` tinyint(1) NOT NULL DEFAULT '0'
) ENGINE=InnoDB AUTO_INCREMENT=278 DEFAULT CHARSET=latin1;

--
-- Dumping data for table `options`
--

INSERT INTO `options` (`id`, `option`, `answer`, `number`, `question_id`, `user_id`, `created`, `deleted`) VALUES
(1, '<p>120 Meater</p>\n', 0, 0, 1, 3, 1444299993, 0),
(2, '<p>180&nbsp;<span style="background-color:rgb(255, 255, 255)">Meater</span></p>\n', 0, 0, 1, 3, 1444299993, 0),
(3, '<p>324&nbsp;<span style="background-color:rgb(255, 255, 255)">Meater</span></p>\n', 0, 0, 1, 3, 1444299993, 0),
(4, '<p>150&nbsp;<span style="background-color:rgb(255, 255, 255)">Meater</span></p>\n', 1, 0, 1, 3, 1444299993, 0),
(5, '<p><span style="background-color:rgb(255, 255, 255); color:rgb(0, 0, 0)">45 km/hr</span></p>\n', 0, 0, 2, 3, 1444300655, 0),
(6, '<p><span style="background-color:rgb(255, 255, 255); color:rgb(0, 0, 0)">50 km/hr</span></p>\n', 1, 0, 2, 3, 1444300655, 0),
(7, '<p><span style="background-color:rgb(255, 255, 255); color:rgb(0, 0, 0)">54 km/hr</span></p>\n', 0, 0, 2, 3, 1444300655, 0),
(8, '<p><span style="background-color:rgb(255, 255, 255); color:rgb(0, 0, 0)">55 km/hr</span></p>\n', 0, 0, 2, 3, 1444300655, 0),
(9, '<p><span style="background-color:rgb(255, 255, 255); color:rgb(0, 0, 0)">200 m</span></p>\n', 0, 0, 3, 3, 1444301017, 0),
(10, '<p><span style="background-color:rgb(255, 255, 255); color:rgb(0, 0, 0)">225 m</span></p>\n', 0, 0, 3, 3, 1444301017, 0),
(11, '<p><span style="background-color:rgb(255, 255, 255); color:rgb(0, 0, 0)">245 m</span></p>\n', 1, 0, 3, 3, 1444301017, 0),
(12, '<p><span style="background-color:rgb(255, 255, 255); color:rgb(0, 0, 0)">250 m</span></p>\n', 0, 0, 3, 3, 1444301017, 0),
(13, '<p><span style="background-color:rgb(255, 255, 255); color:rgb(0, 0, 0)">1 : 3</span></p>\n', 0, 0, 4, 3, 1444301081, 0),
(14, '<p><span style="background-color:rgb(255, 255, 255); color:rgb(0, 0, 0)">3 : 2</span></p>\n', 1, 0, 4, 3, 1444301081, 0),
(15, '<p><span style="background-color:rgb(255, 255, 255); color:rgb(0, 0, 0)">3 : 4</span></p>\n', 0, 0, 4, 3, 1444301081, 0),
(16, '<p><span style="background-color:rgb(255, 255, 255); color:rgb(0, 0, 0)">None of these</span></p>\n', 0, 0, 4, 3, 1444301081, 0),
(17, '<p><span style="background-color:rgb(255, 255, 255); color:rgb(0, 0, 0)">2.5 min</span></p>\n', 0, 0, 5, 3, 1444301824, 0),
(18, '<p><span style="background-color:rgb(255, 255, 255); color:rgb(0, 0, 0)">3 min</span></p>\n', 1, 0, 5, 3, 1444301824, 0),
(19, '<p><span style="background-color:rgb(255, 255, 255); color:rgb(0, 0, 0)">3.2 min</span></p>\n', 0, 0, 5, 3, 1444301824, 0),
(20, '<p><span style="background-color:rgb(255, 255, 255); color:rgb(0, 0, 0)">3.5 min</span></p>\n', 0, 0, 5, 3, 1444301824, 0),
(21, '<p><span style="background-color:rgb(255, 255, 255); color:rgb(0, 0, 0)">9</span></p>\n', 0, 0, 6, 3, 1444301936, 0),
(22, '<p><span style="background-color:rgb(255, 255, 255); color:rgb(0, 0, 0)">9.6</span></p>\n', 0, 0, 6, 3, 1444301936, 0),
(23, '<p><span style="background-color:rgb(255, 255, 255); color:rgb(0, 0, 0)">10</span></p>\n', 0, 0, 6, 3, 1444301936, 0),
(24, '<p><span style="background-color:rgb(255, 255, 255); color:rgb(0, 0, 0)">10.8</span></p>\n', 1, 0, 6, 3, 1444301936, 0),
(25, '<p><span style="background-color:rgb(255, 255, 255); color:rgb(0, 0, 0)">5 sec</span></p>\n', 0, 0, 7, 3, 1444303536, 0),
(26, '<p><span style="background-color:rgb(255, 255, 255); color:rgb(0, 0, 0)">6 sec</span></p>\n', 1, 0, 7, 3, 1444303536, 0),
(27, '<p><span style="background-color:rgb(255, 255, 255); color:rgb(0, 0, 0)">7 sec</span></p>\n', 0, 0, 7, 3, 1444303536, 0),
(28, '<p><span style="background-color:rgb(255, 255, 255); color:rgb(0, 0, 0)">10 sec</span></p>\n', 0, 0, 7, 3, 1444303536, 0),
(29, '<p><span style="background-color:rgb(255, 255, 255); color:rgb(0, 0, 0)">36</span></p>\n', 0, 0, 8, 3, 1444303678, 0),
(30, '<p><span style="background-color:rgb(255, 255, 255); color:rgb(0, 0, 0)">45</span></p>\n', 1, 0, 8, 3, 1444303678, 0),
(31, '<p><span style="background-color:rgb(255, 255, 255); color:rgb(0, 0, 0)">48</span></p>\n', 0, 0, 8, 3, 1444303678, 0),
(32, '<p><span style="background-color:rgb(255, 255, 255); color:rgb(0, 0, 0)">49</span></p>\n', 0, 0, 8, 3, 1444303678, 0),
(33, '<p>1/4</p>\n', 0, 0, 9, 3, 1444303866, 0),
(34, '<p>1/10</p>\n', 0, 0, 9, 3, 1444303866, 0),
(35, '<p>7/15</p>\n', 0, 0, 9, 3, 1444303866, 0),
(36, '<p>8/15</p>\n', 1, 0, 9, 3, 1444303866, 0),
(53, '<p><span style="background-color:rgb(255, 255, 255); color:rgb(0, 0, 0)">4 litres, 8 litres</span></p>\n', 0, 0, 11, 4, 1444461043, 0),
(54, '<p><span style="background-color:rgb(255, 255, 255); color:rgb(0, 0, 0)">6 litres, 6 litres</span></p>\n', 1, 0, 11, 4, 1444461043, 0),
(55, '<p><span style="background-color:rgb(255, 255, 255); color:rgb(0, 0, 0)">5 litres, 7 litres</span></p>\n', 0, 0, 11, 4, 1444461043, 0),
(56, '<p><span style="background-color:rgb(255, 255, 255); color:rgb(0, 0, 0)">7 litres, 5 litres</span></p>\n', 0, 0, 11, 4, 1444461043, 0),
(57, '<p>kjhjkcx</p>\n', 0, 0, 10, 4, 1444462250, 0),
(58, '<table cellpadding="0" cellspacing="0" class="ga-tbl-answer" style="background-color:rgb(255, 255, 255); font-family:verdana,arial,helvetica,sans-serif; font-size:12px">\n	<tbody>\n		<tr>\n			<td rowspan', 1, 0, 10, 4, 1444462250, 0),
(59, '<p><span style="background-color:rgb(255, 255, 255); color:rgb(0, 0, 0)">10</span></p>\n', 0, 0, 10, 4, 1444462250, 0),
(148, '<p>9</p>\n', 0, 0, 12, 4, 1445407391, 0),
(149, '<p>13</p>\n', 0, 0, 12, 4, 1445407391, 0),
(150, '<p>24</p>\n', 1, 0, 12, 4, 1445407391, 0),
(151, '<p>15</p>\n', 0, 0, 12, 4, 1445407391, 0),
(152, '<p>Australia</p>\n', 0, 1, 17, 4, 1445407515, 0),
(153, '<p>Azerbaijan</p>\n', 0, 1, 17, 4, 1445407515, 0),
(154, '<p>Argentina</p>\n', 0, 1, 17, 4, 1445407515, 0),
(155, '<p>Andorra</p>\n', 0, 1, 17, 4, 1445407515, 0),
(156, '<p>Bangladesh</p>\n', 0, 1, 17, 4, 1445407515, 0),
(157, '<p>New Zealand</p>\n', 0, 1, 17, 4, 1445407515, 0),
(158, '<p>Canberra</p>\n', 1, 2, 17, 4, 1445407515, 0),
(159, '<p><span style="background-color:rgb(255, 255, 255)">Baku</span></p>\n', 1, 2, 17, 4, 1445407515, 0),
(160, '<p><span style="background-color:rgb(255, 255, 255)">Buenos Aires</span></p>\n', 1, 2, 17, 4, 1445407515, 0),
(161, '<p><span style="background-color:rgb(255, 255, 255)">Andorra la Vella</span></p>\n', 1, 2, 17, 4, 1445407515, 0),
(162, '<p><span style="background-color:rgb(255, 255, 255)">Dhaka</span></p>\n', 1, 2, 17, 4, 1445407515, 0),
(163, '<p>Wellington</p>\n', 1, 2, 17, 4, 1445407515, 0),
(164, '<p>Afghanistan</p>\n', 1, 0, 16, 4, 1445407590, 0),
(165, '<p><span style="background-color:rgb(255, 255, 255)">Argentina</span></p>\n', 1, 0, 16, 4, 1445407590, 0),
(166, '<p><span style="background-color:rgb(255, 255, 255)">Australia</span></p>\n', 1, 0, 16, 4, 1445407590, 0),
(167, '<p>Austria</p>\n', 1, 0, 16, 4, 1445407590, 0),
(168, '<p>245</p>\n', 1, 0, 15, 4, 1445407690, 0),
(169, '<p>255</p>\n', 1, 0, 15, 4, 1445407690, 0),
(170, '<p>367</p>\n', 1, 0, 15, 4, 1445407690, 0),
(171, '<p>534</p>\n', 1, 0, 15, 4, 1445407690, 0),
(172, '<p>8</p>\n', 0, 0, 13, 4, 1445407779, 0),
(173, '<p>9</p>\n', 0, 0, 13, 4, 1445407779, 0),
(174, '<p>12</p>\n', 1, 0, 13, 4, 1445407779, 0),
(175, '<p>18</p>\n', 1, 0, 13, 4, 1445407779, 0),
(176, '<p>21</p>\n', 0, 0, 13, 4, 1445407779, 0),
(177, '<p>36</p>\n', 1, 0, 13, 4, 1445407779, 0),
(178, '<p>0</p>\n', 0, 0, 14, 4, 1445407839, 0),
(179, '<p>1</p>\n', 1, 0, 14, 4, 1445407839, 0),
(180, '<p>2</p>\n', 0, 0, 14, 4, 1445407839, 0),
(181, '<p>3</p>\n', 0, 0, 14, 4, 1445407839, 0),
(182, '<p>4</p>\n', 0, 0, 14, 4, 1445407839, 0),
(183, '<p>5</p>\n', 0, 0, 14, 4, 1445407839, 0),
(184, '<p>Australia</p>\n', 0, 0, 18, 1, 1445859929, 0),
(185, '<p>Azerbaijan</p>\n', 0, 0, 18, 1, 1445859929, 0),
(186, '<p>Argentina</p>\n', 0, 0, 18, 1, 1445859929, 0),
(187, '<p>Andorra</p>\n', 0, 0, 18, 1, 1445859929, 0),
(188, '<p>Bangladesh</p>\n', 0, 0, 18, 1, 1445859929, 0),
(189, '<p>New Zealand</p>\n', 0, 0, 18, 1, 1445859929, 0),
(190, '<p>Canberra</p>\n', 1, 0, 18, 1, 1445859929, 0),
(191, '<p><span style="background-color:rgb(255, 255, 255)">Baku</span></p>\n', 1, 0, 18, 1, 1445859929, 0),
(192, '<p><span style="background-color:rgb(255, 255, 255)">Buenos Aires</span></p>\n', 1, 0, 18, 1, 1445859929, 0),
(193, '<p><span style="background-color:rgb(255, 255, 255)">Andorra la Vella</span></p>\n', 1, 0, 18, 1, 1445859929, 0),
(194, '<p><span style="background-color:rgb(255, 255, 255)">Dhaka</span></p>\n', 1, 0, 18, 1, 1445859929, 0),
(195, '<p>Wellington</p>\n', 1, 0, 18, 1, 1445859929, 0),
(196, ' 9 min.\n', 0, 0, 21, 1, 1447741262, 0),
(197, '  14 m in .\n', 0, 0, 21, 1, 1447741262, 0),
(198, ' 15 min.\n', 1, 0, 21, 1, 1447741262, 0),
(199, ' 19 min.', 0, 0, 21, 1, 1447741262, 0),
(200, ' A\n', 0, 0, 22, 1, 1447741262, 0),
(201, ' B\n ', 0, 0, 22, 1, 1447741262, 0),
(202, '  C\n', 0, 0, 22, 1, 1447741262, 0),
(203, ' A and B both', 0, 0, 22, 1, 1447741262, 0),
(204, ' North-east\n', 0, 0, 23, 1, 1447741293, 0),
(205, ' North-west\n', 0, 0, 23, 1, 1447741293, 0),
(206, ' South-east\n ', 0, 0, 23, 1, 1447741293, 0),
(207, ' South-west', 0, 0, 23, 1, 1447741293, 0),
(208, ' 1 ', 1, 1, 26, 1, 1447744274, 0),
(209, ' 2 ', 1, 1, 27, 1, 1447744274, 0),
(210, ' 3 ', 1, 1, 28, 1, 1447744274, 0),
(211, ' heating ', 1, 1, 29, 1, 1447744274, 0),
(212, ' Condensation', 1, 1, 30, 1, 1447744274, 0),
(213, ' 1 ', 1, 1, 31, 1, 1447744444, 0),
(214, ' 2s ', 1, 1, 32, 1, 1447744444, 0),
(215, ' 3 ', 1, 1, 33, 1, 1447744444, 0),
(216, ' heating ', 1, 1, 34, 1, 1447744444, 0),
(217, ' Condensation', 1, 1, 35, 1, 1447744444, 0),
(218, '0', 1, 1, 36, 1, 1447759049, 0),
(219, '9', 1, 2, 36, 1, 1447759049, 0),
(220, '0', 1, 1, 37, 1, 1447759049, 0),
(221, '0', 1, 2, 37, 1, 1447759049, 0),
(222, '0', 1, 1, 38, 1, 1447759049, 0),
(223, '10', 1, 2, 38, 1, 1447759049, 0),
(224, '0', 1, 1, 39, 1, 1447759049, 0),
(225, '5', 1, 2, 39, 1, 1447759049, 0),
(226, '<p>Chopper stabilized amplifier</p>', 0, 1, 40, 1, 1448434903, 0),
(227, '<p>Tuned amplifier</p>', 0, 1, 40, 1, 1448434903, 0),
(228, '<p>RC coupled amplifier</p>', 0, 1, 40, 1, 1448434903, 0),
(229, '<p>DC amplifier</p>', 0, 1, 40, 1, 1448434903, 0),
(230, '<p>Very low drift</p>', 1, 2, 40, 1, 1448434903, 0),
(231, '<p>Peak in gain frequency response</p>', 1, 2, 40, 1, 1448434903, 0),
(232, '<p>Flat frequency response with upper and lower cut off frequency</p>', 1, 2, 40, 1, 1448434903, 0),
(233, '<p>Flat frequency response from zero frequency onwards</p>', 1, 2, 40, 1, 1448434903, 0),
(234, '<p>Multitasking</p>', 0, 1, 41, 1, 1448434903, 0),
(235, '<p>Client</p>', 0, 1, 41, 1, 1448434903, 0),
(236, '<p>Word wrap</p>', 0, 1, 41, 1, 1448434903, 0),
(237, '<p>Landscape</p>', 0, 1, 41, 1, 1448434903, 0),
(238, '<p>interleaved execution of two or more programs by the same computer</p>', 1, 2, 41, 1, 1448434903, 0),
(239, '<p>an application receiving data</p>', 1, 2, 41, 1, 1448434903, 0),
(240, '<p>automatically moves a word to the next line if it does not fit in the current line</p>', 1, 2, 41, 1, 1448434903, 0),
(241, '<p>orientation of worksheet</p>', 1, 2, 41, 1, 1448434903, 0),
(242, '<p>Lens antenna</p>', 0, 1, 42, 1, 1448434904, 0),
(243, '<p>Horn antenna</p>', 0, 1, 42, 1, 1448434904, 0),
(244, '<p>Parabolic antenna</p>', 0, 1, 42, 1, 1448434904, 0),
(245, '<p>Very high directivity</p>', 1, 2, 42, 1, 1448434904, 0),
(246, '<p>Moderate directivity</p>', 1, 2, 42, 1, 1448434904, 0),
(247, '<p>High directivity</p>', 1, 2, 42, 1, 1448434904, 0),
(248, '<p>Lock</p>', 1, 0, 43, 1, 1448438679, 0),
(249, '<p>Door</p>', 1, 0, 43, 1, 1448438679, 0),
(250, '<p>Switch on</p>', 1, 0, 43, 1, 1448438679, 0),
(251, '<p>Key</p>', 1, 0, 43, 1, 1448438679, 0),
(252, '<p>Room</p>', 1, 0, 43, 1, 1448438679, 0),
(253, '<p>Paragraph</p>', 1, 0, 44, 1, 1448438679, 0),
(254, '<p>Letters</p>', 1, 0, 44, 1, 1448438679, 0),
(255, '<p>Word</p>', 1, 0, 44, 1, 1448438679, 0),
(256, '<p>Phrase</p>', 1, 0, 44, 1, 1448438679, 0),
(257, '<p>Sentence</p>', 1, 0, 44, 1, 1448438679, 0),
(258, '<p>Police</p>', 1, 0, 45, 1, 1448438679, 0),
(259, '<p>Judge</p>', 1, 0, 45, 1, 1448438679, 0),
(260, '<p>Judgement</p>', 1, 0, 45, 1, 1448438679, 0),
(261, '<p>Crime</p>', 1, 0, 45, 1, 1448438679, 0),
(262, '<p>Punishment</p>', 1, 0, 45, 1, 1448438679, 0),
(263, '<p>detertr</p>\n', 0, 0, 61, 1, 1448637579, 0),
(264, '<p>erter</p>\n', 1, 0, 61, 1, 1448637579, 0),
(265, '<p>tert</p>\n', 0, 0, 61, 1, 1448637579, 0),
(266, '<p>erte</p>\n', 0, 0, 61, 1, 1448637579, 0),
(267, '213ewr', 0, 1, 62, 1, 1450158818, 0),
(268, '324sdf', 1, 1, 62, 1, 1450158818, 0),
(269, 'fdsf32', 0, 2, 62, 1, 1450158818, 0),
(270, 'sdfsdf324', 1, 2, 62, 1, 1450158818, 0),
(271, '<p>kjhkashdkhaskdhkj</p>\n', 0, 0, 63, 1, 1450273399, 0),
(272, '<p>hkjashdkjhaskjdhk</p>\n', 0, 0, 63, 1, 1450273399, 0),
(273, '<p>jhkjajdkjlasgjk</p>\n', 0, 0, 63, 1, 1450273399, 0),
(274, '<p>gjhasdjasfdkjasdasd</p>\n', 0, 0, 63, 1, 1450273399, 0),
(275, '<p>a</p>\n', 0, 0, 64, 1, 1450674954, 0),
(276, '<p>b</p>\n', 1, 0, 64, 1, 1450674954, 0),
(277, '<p>c</p>\n', 0, 0, 64, 1, 1450674954, 0);

-- --------------------------------------------------------

--
-- Table structure for table `planner`
--

DROP TABLE IF EXISTS `planner`;
CREATE TABLE IF NOT EXISTS `planner` (
  `id` int(11) NOT NULL,
  `user_id` int(2) NOT NULL,
  `subject_id` int(2) NOT NULL,
  `startDate` varchar(1000) NOT NULL,
  `targetDate` varchar(1000) NOT NULL,
  `offDays` varchar(1000) NOT NULL,
  `schoolHolidays` varchar(1000) NOT NULL,
  `dailyOrAlternate` varchar(1000) NOT NULL,
  `schoolDaysSlotsFrom` varchar(1000) NOT NULL,
  `schoolDaysSlotsTo` varchar(1000) NOT NULL,
  `schoolHolidaysSlotsFrom` varchar(1000) NOT NULL,
  `schoolHolidaysSlotsTo` varchar(1000) NOT NULL,
  `rectimes` varchar(1000) NOT NULL,
  `chapters` varchar(2000) NOT NULL,
  `alloted` varchar(1000) NOT NULL,
  `lc` varchar(1000) NOT NULL,
  `pq` varchar(1000) NOT NULL,
  `tc` varchar(1000) NOT NULL
) ENGINE=InnoDB DEFAULT CHARSET=latin1;

-- --------------------------------------------------------

--
-- Table structure for table `profile`
--

DROP TABLE IF EXISTS `profile`;
CREATE TABLE IF NOT EXISTS `profile` (
  `id` int(11) NOT NULL,
  `user_id` int(11) NOT NULL,
  `email` varchar(200) NOT NULL,
  `first_name` varchar(200) NOT NULL,
  `last_name` varchar(200) NOT NULL,
  `mobile` varchar(20) NOT NULL,
  `interests` varchar(500) NOT NULL,
  `occupation` varchar(100) NOT NULL,
  `about` varchar(500) NOT NULL,
  `website_url` varchar(500) NOT NULL,
  `address` text NOT NULL,
  `image` varchar(150) NOT NULL DEFAULT 'profilePictures/default.png'
) ENGINE=InnoDB AUTO_INCREMENT=17 DEFAULT CHARSET=latin1;

--
-- Dumping data for table `profile`
--

INSERT INTO `profile` (`id`, `user_id`, `email`, `first_name`, `last_name`, `mobile`, `interests`, `occupation`, `about`, `website_url`, `address`, `image`) VALUES
(1, 0, 'deepak.4thpointer@gmail.com', 'Deepak', 'kumar', '8826618248', '', '', '', '', '', 'profilePictures/c4ca4238a0b923820dcc509a6f75849b.jpg'),
(2, 0, 'ravi.4thpointer@gmail.com', 'Ravi', 'Sahoo', '', '', '', '', '', '', 'profilePictures/default.png'),
(3, 0, 'dummy', 'dummy', 'account', '', '', '', '', '', '', 'profilePictures/default.png'),
(4, 0, 'dkdkumar497@gmail.com', 'Deepak', 'kumar', '9555886024', '', '', '', '', '', 'profilePictures/a87ff679a2f3e71d9181a67b7542122c.jpg'),
(5, 0, 'ravi.4htpointer@gmail.com', 'ravi', 'sahoo', '8888855555', '', '', '', '', '', 'profilePictures/default.png'),
(6, 0, 'dkdkumar497@gmail.com', 'deepak', 'kumar', '', '', '', '', '', '', 'profilePictures/default.png'),
(7, 0, 'utkarsh27a@gmail.com', 'Utkarsh', 'Pandey', '', '', '', '', '', '', 'profilePictures/default.png'),
(8, 0, 'ravi.prakash.sahoo@gmail.com', 'Ravi Prakash', 'Sahoo', '', '', '', '', '', '', 'profilePictures/default.png'),
(9, 0, 'deepak.4thpointer@gmail.com', 'deepak', 'singh', '', '', '', '', '', '', 'profilePictures/default.png'),
(10, 0, 'test@demo.com', 'test', 'demo', '', '', '', '', '', '', 'profilePictures/default.png'),
(11, 94, '', '', '', '8826618248', '', '', 'Hello!!!!!! this is testing.....', '', '', 'profilePictures/default.png'),
(12, 0, 'sonu.4thpointer@gmail.com', 'sonu', 'kumar', '', '', '', '', '', '', 'profilePictures/default.png'),
(13, 96, '', '', '', '8826618248', '', '', '', '', '', 'profilePictures/default.png'),
(14, 0, 'dkstesting@gmail.com', 'deepak', 'kumar', '', '', '', '', '', '', 'profilePictures/default.png'),
(15, 98, '', '', '', 'aaaaaaaaaa', '', '', '', '', '', 'profilePictures/default.png'),
(16, 99, '', '', '', '9999988888', '', '', '', '', '', 'profilePictures/default.png');

-- --------------------------------------------------------

--
-- Table structure for table `qcr_illustration`
--

DROP TABLE IF EXISTS `qcr_illustration`;
CREATE TABLE IF NOT EXISTS `qcr_illustration` (
  `id` int(11) NOT NULL,
  `name` varchar(100) NOT NULL,
  `test_program_id` int(11) NOT NULL,
  `chapter_id` int(11) NOT NULL,
  `source` varchar(500) NOT NULL,
  `created` int(11) NOT NULL,
  `deleted` int(11) NOT NULL DEFAULT '0'
) ENGINE=MyISAM DEFAULT CHARSET=latin1;

-- --------------------------------------------------------

--
-- Table structure for table `questions`
--

DROP TABLE IF EXISTS `questions`;
CREATE TABLE IF NOT EXISTS `questions` (
  `id` int(11) NOT NULL,
  `class_id` int(11) NOT NULL DEFAULT '0',
  `question` text NOT NULL,
  `description` text NOT NULL,
  `type` int(11) NOT NULL,
  `quality_check` tinyint(1) NOT NULL DEFAULT '0',
  `ideal_time` int(11) NOT NULL DEFAULT '1',
  `parent_id` int(11) NOT NULL DEFAULT '0',
  `user_id` int(11) NOT NULL,
  `created` varchar(30) NOT NULL,
  `delete` int(11) NOT NULL DEFAULT '0'
) ENGINE=InnoDB AUTO_INCREMENT=65 DEFAULT CHARSET=latin1;

--
-- Dumping data for table `questions`
--

INSERT INTO `questions` (`id`, `class_id`, `question`, `description`, `type`, `quality_check`, `ideal_time`, `parent_id`, `user_id`, `created`, `delete`) VALUES
(1, 1, '<p><span style="background-color:rgb(255, 255, 255); color:rgb(0, 0, 0)">A train running at the speed of 60 km/hr crosses a pole in 9 seconds. What is the length of the train?</span></p>\n', '<p>&nbsp;</p>\n\n<table cellpadding="0" cellspacing="0" class="ga-tbl-answer" style="font-family:verdana,arial,helvetica,sans-serif; font-size:12px">\n	<tbody>\n		<tr>\n			<td rowspan="2" style="vertical-align:middle">speed=</td>\n			<td rowspan="2" style="height:auto; vertical-align:middle; white-space:nowrap"><img src="http://www.indiabix.com/_files/images/aptitude/1-sym-oparen-h1.gif" /></td>\n			<td rowspan="2" style="vertical-align:middle">60 x</td>\n			<td style="vertical-align:bottom">5</td>\n			<td rowspan="2" style="height:auto; vertical-align:middle; white-space:nowrap"><img src="http://www.indiabix.com/_files/images/aptitude/1-sym-cparen-h1.gif" />m/sec</td>\n			<td rowspan="2" style="vertical-align:middle">=</td>\n			<td rowspan="2" style="height:auto; vertical-align:middle; white-space:nowrap"><img src="http://www.indiabix.com/_files/images/aptitude/1-sym-oparen-h1.gif" /></td>\n			<td style="vertical-align:bottom">50</td>\n			<td rowspan="2" style="height:auto; vertical-align:middle; white-space:nowrap"><img src="http://www.indiabix.com/_files/images/aptitude/1-sym-cparen-h1.gif" />m/sec.</td>\n		</tr>\n		<tr>\n			<td style="vertical-align:top">18</td>\n			<td style="vertical-align:top">3</td>\n		</tr>\n	</tbody>\n</table>\n\n<p>&nbsp;</p>\n\n<p>&nbsp;</p>\n\n<table cellpadding="0" cellspacing="0" class="ga-tbl-answer" style="font-family:verdana,arial,helvetica,sans-serif; font-size:12px">\n	<tbody>\n		<tr>\n			<td rowspan="2" style="vertical-align:middle">Length of the train = (Speed x Time) =</td>\n			<td rowspan="2" style="height:auto; vertical-align:middle; white-space:nowrap"><img src="http://www.indiabix.com/_files/images/aptitude/1-sym-oparen-h1.gif" /></td>\n			<td style="vertical-align:bottom">50</td>\n			<td rowspan="2" style="vertical-align:middle">x 9</td>\n			<td rowspan="2" style="height:auto; vertical-align:middle; white-space:nowrap"><img src="http://www.indiabix.com/_files/images/aptitude/1-sym-cparen-h1.gif" />m = 150 m.</td>\n		</tr>\n		<tr>\n			<td style="vertical-align:top">3</td>\n		</tr>\n	</tbody>\n</table>\n\n<p>&nbsp;</p>\n', 1, 0, 1, 0, 3, '1444319793', 0),
(2, 1, '<p><span style="background-color:rgb(255, 255, 255); color:rgb(0, 0, 0)">A train 125 m long passes a man, running at 5 km/hr in the same direction in which the train is going, in 10 seconds. The speed of the train is:</span></p>\n', '<p>&nbsp;</p>\n\n<table cellpadding="0" cellspacing="0" class="ga-tbl-answer" style="font-family:verdana,arial,helvetica,sans-serif; font-size:12px">\n	<tbody>\n		<tr>\n			<td rowspan="2" style="vertical-align:middle">Speed of the train relative to man =</td>\n			<td rowspan="2" style="height:auto; vertical-align:middle; white-space:nowrap"><img src="http://www.indiabix.com/_files/images/aptitude/1-sym-oparen-h1.gif" /></td>\n			<td style="vertical-align:bottom">125</td>\n			<td rowspan="2" style="height:auto; vertical-align:middle; white-space:nowrap"><img src="http://www.indiabix.com/_files/images/aptitude/1-sym-cparen-h1.gif" />m/sec</td>\n		</tr>\n		<tr>\n			<td style="vertical-align:top">10</td>\n		</tr>\n	</tbody>\n</table>\n\n<p>&nbsp;</p>\n\n<p>&nbsp;</p>\n\n<table cellpadding="0" cellspacing="0" class="ga-tbl-answer" style="font-family:verdana,arial,helvetica,sans-serif; font-size:12px">\n	<tbody>\n		<tr>\n			<td rowspan="2" style="vertical-align:middle">&nbsp;&nbsp; =</td>\n			<td rowspan="2" style="height:auto; vertical-align:middle; white-space:nowrap"><img src="http://www.indiabix.com/_files/images/aptitude/1-sym-oparen-h1.gif" /></td>\n			<td style="vertical-align:bottom">25</td>\n			<td rowspan="2" style="height:auto; vertical-align:middle; white-space:nowrap"><img src="http://www.indiabix.com/_files/images/aptitude/1-sym-cparen-h1.gif" />m/sec.</td>\n		</tr>\n		<tr>\n			<td style="vertical-align:top">2</td>\n		</tr>\n	</tbody>\n</table>\n\n<p>&nbsp;</p>\n\n<p>&nbsp;</p>\n\n<table cellpadding="0" cellspacing="0" class="ga-tbl-answer" style="font-family:verdana,arial,helvetica,sans-serif; font-size:12px">\n	<tbody>\n		<tr>\n			<td rowspan="2" style="vertical-align:middle">&nbsp;&nbsp; =</td>\n			<td rowspan="2" style="height:auto; vertical-align:middle; white-space:nowrap"><img src="http://www.indiabix.com/_files/images/aptitude/1-sym-oparen-h1.gif" /></td>\n			<td style="vertical-align:bottom">25</td>\n			<td rowspan="2" style="vertical-align:middle">x</td>\n			<td style="vertical-align:bottom">18</td>\n			<td rowspan="2" style="height:auto; vertical-align:middle; white-space:nowrap"><img src="http://www.indiabix.com/_files/images/aptitude/1-sym-cparen-h1.gif" />km/hr</td>\n		</tr>\n		<tr>\n			<td style="vertical-align:top">2</td>\n			<td style="vertical-align:top">5</td>\n		</tr>\n	</tbody>\n</table>\n\n<p>&nbsp;</p>\n\n<p>&nbsp;&nbsp; = 45 km/hr.</p>\n\n<p>Let the speed of the train be&nbsp;<em>x</em>&nbsp;km/hr. Then, relative speed = (<em>x</em>&nbsp;- 5) km/hr.</p>\n\n<p><img src="http://www.indiabix.com/_files/images/aptitude/1-sym-tfr.gif" />&nbsp;<em>x</em>&nbsp;- 5 = 45 &nbsp; &nbsp;&nbsp;<img src="http://www.indiabix.com/_files/images/aptitude/1-sym-imp.gif" />&nbsp;&nbsp; &nbsp;&nbsp;<em>x</em>&nbsp;= 50 km/hr.</p>\n', 1, 0, 1, 0, 3, '1444320455', 0),
(3, 1, '<p><span style="background-color:rgb(255, 255, 255); color:rgb(0, 0, 0)">The length of the bridge, which a train 130 metres long and travelling at 45 km/hr can cross in 30 seconds, is:</span></p>\n', '<p>&nbsp;</p>\n\n<table cellpadding="0" cellspacing="0" class="ga-tbl-answer" style="font-family:verdana,arial,helvetica,sans-serif; font-size:12px">\n	<tbody>\n		<tr>\n			<td rowspan="2" style="vertical-align:middle">Speed =</td>\n			<td rowspan="2" style="height:auto; vertical-align:middle; white-space:nowrap"><img src="http://www.indiabix.com/_files/images/aptitude/1-sym-oparen-h1.gif" /></td>\n			<td rowspan="2" style="vertical-align:middle">45 x</td>\n			<td style="vertical-align:bottom">5</td>\n			<td rowspan="2" style="height:auto; vertical-align:middle; white-space:nowrap"><img src="http://www.indiabix.com/_files/images/aptitude/1-sym-cparen-h1.gif" />m/sec</td>\n			<td rowspan="2" style="vertical-align:middle">=</td>\n			<td rowspan="2" style="height:auto; vertical-align:middle; white-space:nowrap"><img src="http://www.indiabix.com/_files/images/aptitude/1-sym-oparen-h1.gif" /></td>\n			<td style="vertical-align:bottom">25</td>\n			<td rowspan="2" style="height:auto; vertical-align:middle; white-space:nowrap"><img src="http://www.indiabix.com/_files/images/aptitude/1-sym-cparen-h1.gif" />m/sec.</td>\n		</tr>\n		<tr>\n			<td style="vertical-align:top">18</td>\n			<td style="vertical-align:top">2</td>\n		</tr>\n	</tbody>\n</table>\n\n<p>&nbsp;</p>\n\n<p>Time = 30 sec.</p>\n\n<p>Let the length of bridge be&nbsp;<em>x</em>&nbsp;metres.</p>\n\n<p>&nbsp;</p>\n\n<table cellpadding="0" cellspacing="0" class="ga-tbl-answer" style="font-family:verdana,arial,helvetica,sans-serif; font-size:12px">\n	<tbody>\n		<tr>\n			<td rowspan="2" style="vertical-align:middle">Then,</td>\n			<td style="vertical-align:bottom">130 +&nbsp;<em>x</em></td>\n			<td rowspan="2" style="vertical-align:middle">=</td>\n			<td style="vertical-align:bottom">25</td>\n		</tr>\n		<tr>\n			<td style="vertical-align:top">30</td>\n			<td style="vertical-align:top">2</td>\n		</tr>\n	</tbody>\n</table>\n\n<p>&nbsp;</p>\n\n<p><img src="http://www.indiabix.com/_files/images/aptitude/1-sym-imp.gif" />&nbsp;2(130 +&nbsp;<em>x</em>) = 750</p>\n\n<p><img src="http://www.indiabix.com/_files/images/aptitude/1-sym-imp.gif" />&nbsp;<em>x</em>&nbsp;= 245 m.</p>\n', 1, 0, 1, 0, 3, '1444320817', 0),
(4, 1, '<p><span style="background-color:rgb(255, 255, 255); color:rgb(0, 0, 0)">Two trains running in opposite directions cross a man standing on the platform in 27 seconds and 17 seconds respectively and they cross each other in 23 seconds. The ratio of their speeds is:</span></p>\n', '<p>Let the speeds of the two trains be&nbsp;<em>x</em>&nbsp;m/sec and y m/sec respectively.</p>\n\n<p>Then, length of the first train = 27<em>x</em>&nbsp;metres,</p>\n\n<p>and length of the second train = 17<em>y</em>&nbsp;metres.</p>\n\n<p>&nbsp;</p>\n\n<table cellpadding="0" cellspacing="0" class="ga-tbl-answer" style="font-family:verdana,arial,helvetica,sans-serif; font-size:12px">\n	<tbody>\n		<tr>\n			<td rowspan="2" style="vertical-align:middle"><img src="http://www.indiabix.com/_files/images/aptitude/1-sym-tfr.gif" /></td>\n			<td style="vertical-align:bottom">27<em>x</em>&nbsp;+ 17<em>y</em></td>\n			<td rowspan="2" style="vertical-align:middle">= 23</td>\n		</tr>\n		<tr>\n			<td style="vertical-align:top"><em>x</em>+&nbsp;<em>y</em></td>\n		</tr>\n	</tbody>\n</table>\n\n<p>&nbsp;</p>\n\n<p><img src="http://www.indiabix.com/_files/images/aptitude/1-sym-imp.gif" />&nbsp;27<em>x</em>&nbsp;+ 17<em>y</em>&nbsp;= 23<em>x</em>&nbsp;+ 23<em>y</em></p>\n\n<p><img src="http://www.indiabix.com/_files/images/aptitude/1-sym-imp.gif" />&nbsp;4<em>x</em>&nbsp;= 6<em>y</em></p>\n\n<p>&nbsp;</p>\n\n<table cellpadding="0" cellspacing="0" class="ga-tbl-answer" style="font-family:verdana,arial,helvetica,sans-serif; font-size:12px">\n	<tbody>\n		<tr>\n			<td rowspan="2" style="vertical-align:middle"><img src="http://www.indiabix.com/_files/images/aptitude/1-sym-imp.gif" /></td>\n			<td style="vertical-align:bottom"><em>x</em></td>\n			<td rowspan="2" style="vertical-align:middle">=</td>\n			<td style="vertical-align:bottom">3</td>\n			<td rowspan="2" style="height:auto; vertical-align:middle; white-space:nowrap">.</td>\n		</tr>\n		<tr>\n			<td style="vertical-align:top"><em>y</em></td>\n			<td style="vertical-align:top">2</td>\n		</tr>\n	</tbody>\n</table>\n\n<p>&nbsp;</p>\n', 1, 0, 1, 0, 3, '1444320881', 0),
(5, 1, '<p><span style="background-color:rgb(255, 255, 255); color:rgb(0, 0, 0)">A train travelling at a speed of 75 mph enters a tunnel 3</span><img alt="1/2" src="http://www.indiabix.com/_files/images/aptitude/1-div-1by2.gif" style="background-color:rgb(255, 255, 255); color:rgb(0, 0, 0); font-family:verdana,tahoma,arial,sans-serif; font-size:12px; line-height:17px" /><span style="background-color:rgb(255, 255, 255); color:rgb(0, 0, 0)">&nbsp;miles long. The train is&nbsp;</span><img alt="1/4" src="http://www.indiabix.com/_files/images/aptitude/1-div-1by4.gif" style="background-color:rgb(255, 255, 255); color:rgb(0, 0, 0); font-family:verdana,tahoma,arial,sans-serif; font-size:12px; line-height:17px" /><span style="background-color:rgb(255, 255, 255); color:rgb(0, 0, 0)">&nbsp;mile long. How long does it take for the train to pass through the tunnel from the moment the front enters to the moment the rear emerges?</span></p>\n', '<p>&nbsp;</p>\n\n<table cellpadding="0" cellspacing="0" class="ga-tbl-answer" style="font-family:verdana,arial,helvetica,sans-serif; font-size:12px">\n	<tbody>\n		<tr>\n			<td>Total distance covered</td>\n			<td>\n			<table cellpadding="0" cellspacing="0" class="ga-tbl-answer">\n				<tbody>\n					<tr>\n						<td rowspan="2" style="vertical-align:middle">=</td>\n						<td rowspan="2" style="height:auto; vertical-align:middle; white-space:nowrap"><img alt="(" src="http://www.indiabix.com/_files/images/aptitude/1-sym-oparen-h1.gif" /></td>\n						<td style="vertical-align:bottom">7</td>\n						<td rowspan="2" style="vertical-align:middle">+</td>\n						<td style="vertical-align:bottom">1</td>\n						<td rowspan="2" style="height:auto; vertical-align:middle; white-space:nowrap"><img alt="(" src="http://www.indiabix.com/_files/images/aptitude/1-sym-cparen-h1.gif" /></td>\n						<td rowspan="2" style="vertical-align:middle">miles</td>\n					</tr>\n					<tr>\n						<td style="vertical-align:top">2</td>\n						<td style="vertical-align:top">4</td>\n					</tr>\n				</tbody>\n			</table>\n			</td>\n		</tr>\n		<tr>\n			<td>&nbsp;</td>\n			<td>\n			<table cellpadding="0" cellspacing="0" class="ga-tbl-answer">\n				<tbody>\n					<tr>\n						<td rowspan="2" style="vertical-align:middle">=</td>\n						<td style="vertical-align:bottom">15</td>\n						<td rowspan="2" style="vertical-align:middle">miles.</td>\n					</tr>\n					<tr>\n						<td style="vertical-align:top">4</td>\n					</tr>\n				</tbody>\n			</table>\n			</td>\n		</tr>\n	</tbody>\n</table>\n\n<p>&nbsp;</p>\n\n<p>&nbsp;</p>\n\n<table cellpadding="0" cellspacing="0" class="ga-tbl-answer" style="font-family:verdana,arial,helvetica,sans-serif; font-size:12px">\n	<tbody>\n		<tr>\n			<td><img alt="Therefore" src="http://www.indiabix.com/_files/images/aptitude/1-sym-tfr.gif" />&nbsp;Time taken</td>\n			<td>\n			<table cellpadding="0" cellspacing="0" class="ga-tbl-answer">\n				<tbody>\n					<tr>\n						<td rowspan="2" style="vertical-align:middle">=</td>\n						<td rowspan="2" style="height:auto; vertical-align:middle; white-space:nowrap"><img alt="(" src="http://www.indiabix.com/_files/images/aptitude/1-sym-oparen-h1.gif" /></td>\n						<td style="vertical-align:bottom">15</td>\n						<td rowspan="2" style="height:auto; vertical-align:middle; white-space:nowrap"><img alt="(" src="http://www.indiabix.com/_files/images/aptitude/1-sym-cparen-h1.gif" /></td>\n						<td rowspan="2" style="height:auto; vertical-align:middle; white-space:nowrap">hrs</td>\n					</tr>\n					<tr>\n						<td style="vertical-align:top">4 x 75</td>\n					</tr>\n				</tbody>\n			</table>\n			</td>\n		</tr>\n		<tr>\n			<td>&nbsp;</td>\n			<td>\n			<table cellpadding="0" cellspacing="0" class="ga-tbl-answer">\n				<tbody>\n					<tr>\n						<td rowspan="2" style="vertical-align:middle">=</td>\n						<td style="vertical-align:bottom">1</td>\n						<td rowspan="2" style="vertical-align:middle">hrs</td>\n					</tr>\n					<tr>\n						<td style="vertical-align:top">20</td>\n					</tr>\n				</tbody>\n			</table>\n			</td>\n		</tr>\n		<tr>\n			<td>&nbsp;</td>\n			<td>\n			<table cellpadding="0" cellspacing="0" class="ga-tbl-answer">\n				<tbody>\n					<tr>\n						<td rowspan="2" style="vertical-align:middle">=</td>\n						<td rowspan="2" style="height:auto; vertical-align:middle; white-space:nowrap"><img alt="(" src="http://www.indiabix.com/_files/images/aptitude/1-sym-oparen-h1.gif" /></td>\n						<td style="vertical-align:bottom">1</td>\n						<td rowspan="2" style="vertical-align:middle">x 60</td>\n						<td rowspan="2" style="height:auto; vertical-align:middle; white-space:nowrap"><img alt="(" src="http://www.indiabix.com/_files/images/aptitude/1-sym-cparen-h1.gif" /></td>\n						<td rowspan="2" style="vertical-align:middle">min.</td>\n					</tr>\n					<tr>\n						<td style="vertical-align:top">20</td>\n					</tr>\n				</tbody>\n			</table>\n			</td>\n		</tr>\n		<tr>\n			<td>&nbsp;</td>\n			<td>= 3 min.</td>\n		</tr>\n	</tbody>\n</table>\n\n<p>&nbsp;</p>\n', 1, 0, 1, 0, 3, '1444321624', 0),
(6, 1, '<p><span style="background-color:rgb(255, 255, 255); color:rgb(0, 0, 0)">Two trains 140 m and 160 m long run at the speed of 60 km/hr and 40 km/hr respectively in opposite directions on parallel tracks. The time (in seconds) which they take to cross each other, is:</span></p>\n', '<p>&nbsp;</p>\n\n<table cellpadding="0" cellspacing="0" class="ga-tbl-answer" style="font-family:verdana,arial,helvetica,sans-serif; font-size:12px">\n	<tbody>\n		<tr>\n			<td rowspan="2" style="vertical-align:middle">Relative speed = (60 + 40) km/hr =</td>\n			<td rowspan="2" style="height:auto; vertical-align:middle; white-space:nowrap"><img src="http://www.indiabix.com/_files/images/aptitude/1-sym-oparen-h1.gif" /></td>\n			<td rowspan="2" style="vertical-align:middle">100 x</td>\n			<td style="vertical-align:bottom">5</td>\n			<td rowspan="2" style="height:auto; vertical-align:middle; white-space:nowrap"><img src="http://www.indiabix.com/_files/images/aptitude/1-sym-cparen-h1.gif" />m/sec</td>\n			<td rowspan="2" style="vertical-align:middle">=</td>\n			<td rowspan="2" style="height:auto; vertical-align:middle; white-space:nowrap"><img src="http://www.indiabix.com/_files/images/aptitude/1-sym-oparen-h1.gif" /></td>\n			<td style="vertical-align:bottom">250</td>\n			<td rowspan="2" style="height:auto; vertical-align:middle; white-space:nowrap"><img src="http://www.indiabix.com/_files/images/aptitude/1-sym-cparen-h1.gif" />m/sec.</td>\n		</tr>\n		<tr>\n			<td style="vertical-align:top">18</td>\n			<td style="vertical-align:top">9</td>\n		</tr>\n	</tbody>\n</table>\n\n<p>&nbsp;</p>\n\n<p>Distance covered in crossing each other = (140 + 160) m = 300 m.</p>\n\n<p>&nbsp;</p>\n\n<table cellpadding="0" cellspacing="0" class="ga-tbl-answer" style="font-family:verdana,arial,helvetica,sans-serif; font-size:12px">\n	<tbody>\n		<tr>\n			<td rowspan="2" style="vertical-align:middle">Required time =</td>\n			<td rowspan="2" style="height:auto; vertical-align:middle; white-space:nowrap"><img src="http://www.indiabix.com/_files/images/aptitude/1-sym-oparen-h1.gif" /></td>\n			<td rowspan="2" style="vertical-align:middle">300 x</td>\n			<td style="vertical-align:bottom">9</td>\n			<td rowspan="2" style="height:auto; vertical-align:middle; white-space:nowrap"><img src="http://www.indiabix.com/_files/images/aptitude/1-sym-cparen-h1.gif" />sec</td>\n			<td rowspan="2" style="vertical-align:middle">=</td>\n			<td style="vertical-align:bottom">54</td>\n			<td rowspan="2" style="vertical-align:middle">sec = 10.8 sec.</td>\n		</tr>\n		<tr>\n			<td style="vertical-align:top">250</td>\n			<td style="vertical-align:top">5</td>\n		</tr>\n	</tbody>\n</table>\n\n<p>&nbsp;</p>\n', 1, 0, 1, 0, 3, '1444321736', 0),
(7, 1, '<p><span style="background-color:rgb(255, 255, 255); color:rgb(0, 0, 0)">A train 110 metres long is running with a speed of 60 kmph. In what time will it pass a man who is running at 6 kmph in the direction opposite to that in which the train is going?</span></p>\n', '<p>Speed of train relative to man = (60 + 6) km/hr = 66 km/hr.</p>\n\n<p>&nbsp;</p>\n\n<table cellpadding="0" cellspacing="0" class="ga-tbl-answer" style="font-family:verdana,arial,helvetica,sans-serif; font-size:12px">\n	<tbody>\n		<tr>\n			<td rowspan="2" style="vertical-align:middle">&nbsp;&nbsp; =</td>\n			<td rowspan="2" style="height:auto; vertical-align:middle; white-space:nowrap"><img src="http://www.indiabix.com/_files/images/aptitude/1-sym-oparen-h1.gif" /></td>\n			<td rowspan="2" style="vertical-align:middle">66 x</td>\n			<td style="vertical-align:bottom">5</td>\n			<td rowspan="2" style="height:auto; vertical-align:middle; white-space:nowrap"><img src="http://www.indiabix.com/_files/images/aptitude/1-sym-cparen-h1.gif" />m/sec</td>\n		</tr>\n		<tr>\n			<td style="vertical-align:top">18</td>\n		</tr>\n	</tbody>\n</table>\n\n<p>&nbsp;</p>\n\n<p>&nbsp;</p>\n\n<table cellpadding="0" cellspacing="0" class="ga-tbl-answer" style="font-family:verdana,arial,helvetica,sans-serif; font-size:12px">\n	<tbody>\n		<tr>\n			<td rowspan="2" style="vertical-align:middle">&nbsp;&nbsp; =</td>\n			<td rowspan="2" style="height:auto; vertical-align:middle; white-space:nowrap"><img src="http://www.indiabix.com/_files/images/aptitude/1-sym-oparen-h1.gif" /></td>\n			<td style="vertical-align:bottom">55</td>\n			<td rowspan="2" style="height:auto; vertical-align:middle; white-space:nowrap"><img src="http://www.indiabix.com/_files/images/aptitude/1-sym-cparen-h1.gif" />m/sec.</td>\n		</tr>\n		<tr>\n			<td style="vertical-align:top">3</td>\n		</tr>\n	</tbody>\n</table>\n\n<p>&nbsp;</p>\n\n<p>&nbsp;</p>\n\n<table cellpadding="0" cellspacing="0" class="ga-tbl-answer" style="font-family:verdana,arial,helvetica,sans-serif; font-size:12px">\n	<tbody>\n		<tr>\n			<td rowspan="2" style="vertical-align:middle"><img src="http://www.indiabix.com/_files/images/aptitude/1-sym-tfr.gif" />&nbsp;Time taken to pass the man =</td>\n			<td rowspan="2" style="height:auto; vertical-align:middle; white-space:nowrap"><img src="http://www.indiabix.com/_files/images/aptitude/1-sym-oparen-h1.gif" /></td>\n			<td rowspan="2" style="vertical-align:middle">110 x</td>\n			<td style="vertical-align:bottom">3</td>\n			<td rowspan="2" style="height:auto; vertical-align:middle; white-space:nowrap"><img src="http://www.indiabix.com/_files/images/aptitude/1-sym-cparen-h1.gif" />sec = 6 sec.</td>\n		</tr>\n		<tr>\n			<td style="vertical-align:top">55</td>\n		</tr>\n	</tbody>\n</table>\n\n<p>&nbsp;</p>\n', 1, 0, 1, 0, 3, '1444323336', 0),
(8, 1, '<p><span style="background-color:rgb(255, 255, 255); color:rgb(0, 0, 0)">Two trains are moving in opposite directions @ 60 km/hr and 90 km/hr. Their lengths are 1.10 km and 0.9 km respectively. The time taken by the slower train to cross the faster train in seconds is:</span></p>\n', '<p>Relative speed = (60+ 90) km/hr</p>\n\n<p>&nbsp;</p>\n\n<table cellpadding="0" cellspacing="0" class="ga-tbl-answer" style="font-family:verdana,arial,helvetica,sans-serif; font-size:12px">\n	<tbody>\n		<tr>\n			<td rowspan="2" style="vertical-align:middle">&nbsp;&nbsp; =</td>\n			<td rowspan="2" style="height:auto; vertical-align:middle; white-space:nowrap"><img src="http://www.indiabix.com/_files/images/aptitude/1-sym-oparen-h1.gif" /></td>\n			<td rowspan="2" style="vertical-align:middle">150 x</td>\n			<td style="vertical-align:bottom">5</td>\n			<td rowspan="2" style="height:auto; vertical-align:middle; white-space:nowrap"><img src="http://www.indiabix.com/_files/images/aptitude/1-sym-cparen-h1.gif" />m/sec</td>\n		</tr>\n		<tr>\n			<td style="vertical-align:top">18</td>\n		</tr>\n	</tbody>\n</table>\n\n<p>&nbsp;</p>\n\n<p>&nbsp;</p>\n\n<table cellpadding="0" cellspacing="0" class="ga-tbl-answer" style="font-family:verdana,arial,helvetica,sans-serif; font-size:12px">\n	<tbody>\n		<tr>\n			<td rowspan="2" style="vertical-align:middle">&nbsp;&nbsp; =</td>\n			<td rowspan="2" style="height:auto; vertical-align:middle; white-space:nowrap"><img src="http://www.indiabix.com/_files/images/aptitude/1-sym-oparen-h1.gif" /></td>\n			<td style="vertical-align:bottom">125</td>\n			<td rowspan="2" style="height:auto; vertical-align:middle; white-space:nowrap"><img src="http://www.indiabix.com/_files/images/aptitude/1-sym-cparen-h1.gif" />m/sec.</td>\n		</tr>\n		<tr>\n			<td style="vertical-align:top">3</td>\n		</tr>\n	</tbody>\n</table>\n\n<p>&nbsp;</p>\n\n<p>Distance covered = (1.10 + 0.9) km = 2 km = 2000 m.</p>\n\n<p>&nbsp;</p>\n\n<table cellpadding="0" cellspacing="0" class="ga-tbl-answer" style="font-family:verdana,arial,helvetica,sans-serif; font-size:12px">\n	<tbody>\n		<tr>\n			<td rowspan="2" style="vertical-align:middle">Required time =</td>\n			<td rowspan="2" style="height:auto; vertical-align:middle; white-space:nowrap"><img src="http://www.indiabix.com/_files/images/aptitude/1-sym-oparen-h1.gif" /></td>\n			<td rowspan="2" style="vertical-align:middle">2000 x</td>\n			<td style="vertical-align:bottom">3</td>\n			<td rowspan="2" style="height:auto; vertical-align:middle; white-space:nowrap"><img src="http://www.indiabix.com/_files/images/aptitude/1-sym-cparen-h1.gif" />sec = 48 sec.</td>\n		</tr>\n		<tr>\n			<td style="vertical-align:top">125</td>\n		</tr>\n	</tbody>\n</table>\n\n<p>&nbsp;</p>\n', 1, 0, 1, 0, 3, '1444323478', 0),
(9, 1, '<p><span style="background-color:rgb(255, 255, 255); color:rgb(0, 0, 0)">A can do a work in 15 days and B in 20 days. If they work on it together for 4 days, then the fraction of the work that is left is :</span></p>\n', '<p>&nbsp;</p>\n\n<table cellpadding="0" cellspacing="0" class="ga-tbl-answer" style="font-family:verdana,arial,helvetica,sans-serif; font-size:12px">\n	<tbody>\n		<tr>\n			<td rowspan="2" style="vertical-align:middle">A&#39;s 1 day&#39;s work =</td>\n			<td style="vertical-align:bottom">1</td>\n			<td rowspan="2" style="vertical-align:middle">;</td>\n		</tr>\n		<tr>\n			<td style="vertical-align:top">15</td>\n		</tr>\n	</tbody>\n</table>\n\n<p>&nbsp;</p>\n\n<p>&nbsp;</p>\n\n<table cellpadding="0" cellspacing="0" class="ga-tbl-answer" style="font-family:verdana,arial,helvetica,sans-serif; font-size:12px">\n	<tbody>\n		<tr>\n			<td rowspan="2" style="vertical-align:middle">B&#39;s 1 day&#39;s work =</td>\n			<td style="vertical-align:bottom">1</td>\n			<td rowspan="2" style="vertical-align:middle">;</td>\n		</tr>\n		<tr>\n			<td style="vertical-align:top">20</td>\n		</tr>\n	</tbody>\n</table>\n\n<p>&nbsp;</p>\n\n<p>&nbsp;</p>\n\n<table cellpadding="0" cellspacing="0" class="ga-tbl-answer" style="font-family:verdana,arial,helvetica,sans-serif; font-size:12px">\n	<tbody>\n		<tr>\n			<td rowspan="2" style="vertical-align:middle">(A + B)&#39;s 1 day&#39;s work =</td>\n			<td rowspan="2" style="height:auto; vertical-align:middle; white-space:nowrap"><img alt="(" src="http://www.indiabix.com/_files/images/aptitude/1-sym-oparen-h1.gif" /></td>\n			<td style="vertical-align:bottom">1</td>\n			<td rowspan="2" style="vertical-align:middle">+</td>\n			<td style="vertical-align:bottom">1</td>\n			<td rowspan="2" style="height:auto; vertical-align:middle; white-space:nowrap"><img alt=")" src="http://www.indiabix.com/_files/images/aptitude/1-sym-cparen-h1.gif" /></td>\n			<td rowspan="2" style="vertical-align:middle">=</td>\n			<td style="vertical-align:bottom">7</td>\n			<td rowspan="2" style="height:auto; vertical-align:middle; white-space:nowrap">.</td>\n		</tr>\n		<tr>\n			<td style="vertical-align:top">15</td>\n			<td style="vertical-align:top">20</td>\n			<td style="vertical-align:top">60</td>\n		</tr>\n	</tbody>\n</table>\n\n<p>&nbsp;</p>\n\n<p>&nbsp;</p>\n\n<table cellpadding="0" cellspacing="0" class="ga-tbl-answer" style="font-family:verdana,arial,helvetica,sans-serif; font-size:12px">\n	<tbody>\n		<tr>\n			<td rowspan="2" style="vertical-align:middle">(A + B)&#39;s 4 day&#39;s work =</td>\n			<td rowspan="2" style="height:auto; vertical-align:middle; white-space:nowrap"><img alt="(" src="http://www.indiabix.com/_files/images/aptitude/1-sym-oparen-h1.gif" /></td>\n			<td style="vertical-align:bottom">7</td>\n			<td rowspan="2" style="vertical-align:middle">x 4</td>\n			<td rowspan="2" style="height:auto; vertical-align:middle; white-space:nowrap"><img alt=")" src="http://www.indiabix.com/_files/images/aptitude/1-sym-cparen-h1.gif" /></td>\n			<td rowspan="2" style="vertical-align:middle">=</td>\n			<td style="vertical-align:bottom">7</td>\n			<td rowspan="2" style="height:auto; vertical-align:middle; white-space:nowrap">.</td>\n		</tr>\n		<tr>\n			<td style="vertical-align:top">60</td>\n			<td style="vertical-align:top">15</td>\n		</tr>\n	</tbody>\n</table>\n\n<p>&nbsp;</p>\n\n<p>&nbsp;</p>\n\n<table cellpadding="0" cellspacing="0" class="ga-tbl-answer" style="font-family:verdana,arial,helvetica,sans-serif; font-size:12px">\n	<tbody>\n		<tr>\n			<td rowspan="2" style="vertical-align:middle">Therefore, Remaining work =</td>\n			<td rowspan="2" style="height:auto; vertical-align:middle; white-space:nowrap"><img alt="(" src="http://www.indiabix.com/_files/images/aptitude/1-sym-oparen-h1.gif" /></td>\n			<td rowspan="2" style="vertical-align:middle">1 -</td>\n			<td style="vertical-align:bottom">7</td>\n			<td rowspan="2" style="height:auto; vertical-align:middle; white-space:nowrap"><img alt=")" src="http://www.indiabix.com/_files/images/aptitude/1-sym-cparen-h1.gif" /></td>\n			<td rowspan="2" style="vertical-align:middle">=</td>\n			<td style="vertical-align:bottom">8</td>\n			<td rowspan="2" style="height:auto; vertical-align:middle; white-space:nowrap">.</td>\n		</tr>\n		<tr>\n			<td style="vertical-align:top">15</td>\n			<td style="vertical-align:top">15</td>\n		</tr>\n	</tbody>\n</table>\n\n<p>&nbsp;</p>\n', 1, 0, 1, 0, 3, '1444323666', 0),
(10, 1, '<p><span style="background-color:rgb(255, 255, 255); color:rgb(0, 0, 0)">A can lay railway track between two given stations in 16 days and B can do the same job in 12 days. With help of C, they did the job in 4 days only. Then, C alone can do the job in:</span></p>\n', '<p>&nbsp;</p>\n\n<table cellpadding="0" cellspacing="0" class="ga-tbl-answer" style="font-family:verdana,arial,helvetica,sans-serif; font-size:12px">\n	<tbody>\n		<tr>\n			<td rowspan="2" style="vertical-align:middle">(A + B + C)&#39;s 1 day&#39;s work =</td>\n			<td style="vertical-align:bottom">1</td>\n			<td rowspan="2" style="vertical-align:middle">,</td>\n		</tr>\n		<tr>\n			<td style="vertical-align:top">4</td>\n		</tr>\n	</tbody>\n</table>\n\n<p>&nbsp;</p>\n\n<p>&nbsp;</p>\n\n<table cellpadding="0" cellspacing="0" class="ga-tbl-answer" style="font-family:verdana,arial,helvetica,sans-serif; font-size:12px">\n	<tbody>\n		<tr>\n			<td rowspan="2" style="vertical-align:middle">A&#39;s 1 day&#39;s work =</td>\n			<td style="vertical-align:bottom">1</td>\n			<td rowspan="2" style="vertical-align:middle">,</td>\n		</tr>\n		<tr>\n			<td style="vertical-align:top">16</td>\n		</tr>\n	</tbody>\n</table>\n\n<p>&nbsp;</p>\n\n<p>&nbsp;</p>\n\n<table cellpadding="0" cellspacing="0" class="ga-tbl-answer" style="font-family:verdana,arial,helvetica,sans-serif; font-size:12px">\n	<tbody>\n		<tr>\n			<td rowspan="2" style="vertical-align:middle">B&#39;s 1 day&#39;s work =</td>\n			<td style="vertical-align:bottom">1</td>\n			<td rowspan="2" style="vertical-align:middle">.</td>\n		</tr>\n		<tr>\n			<td style="vertical-align:top">12</td>\n		</tr>\n	</tbody>\n</table>\n\n<p>&nbsp;</p>\n\n<p>&nbsp;</p>\n\n<table cellpadding="0" cellspacing="0" class="ga-tbl-answer" style="font-family:verdana,arial,helvetica,sans-serif; font-size:12px">\n	<tbody>\n		<tr>\n			<td rowspan="2" style="vertical-align:middle"><img alt="Therefore" src="http://www.indiabix.com/_files/images/aptitude/1-sym-tfr.gif" />&nbsp;C&#39;s 1 day&#39;s work =</td>\n			<td style="vertical-align:bottom">1</td>\n			<td rowspan="2" style="vertical-align:middle">-</td>\n			<td rowspan="2" style="height:auto; vertical-align:middle; white-space:nowrap"><img alt="(" src="http://www.indiabix.com/_files/images/aptitude/1-sym-oparen-h1.gif" /></td>\n			<td style="vertical-align:bottom">1</td>\n			<td rowspan="2" style="vertical-align:middle">+</td>\n			<td style="vertical-align:bottom">1</td>\n			<td rowspan="2" style="height:auto; vertical-align:middle; white-space:nowrap"><img alt=")" src="http://www.indiabix.com/_files/images/aptitude/1-sym-cparen-h1.gif" /></td>\n			<td rowspan="2" style="vertical-align:middle">=</td>\n			<td rowspan="2" style="height:auto; vertical-align:middle; white-space:nowrap"><img alt="(" src="http://www.indiabix.com/_files/images/aptitude/1-sym-oparen-h1.gif" /></td>\n			<td style="vertical-align:bottom">1</td>\n			<td rowspan="2" style="vertical-align:middle">-</td>\n			<td style="vertical-align:bottom">7</td>\n			<td rowspan="2" style="height:auto; vertical-align:middle; white-space:nowrap"><img alt=")" src="http://www.indiabix.com/_files/images/aptitude/1-sym-cparen-h1.gif" /></td>\n			<td rowspan="2" style="vertical-align:middle">=</td>\n			<td style="vertical-align:bottom">5</td>\n			<td rowspan="2" style="height:auto; vertical-align:middle; white-space:nowrap">.</td>\n		</tr>\n		<tr>\n			<td style="vertical-align:top">4</td>\n			<td style="vertical-align:top">16</td>\n			<td style="vertical-align:top">12</td>\n			<td style="vertical-align:top">4</td>\n			<td style="vertical-align:top">48</td>\n			<td style="vertical-align:top">48</td>\n		</tr>\n	</tbody>\n</table>\n\n<p>&nbsp;</p>\n\n<p>&nbsp;</p>\n\n<table cellpadding="0" cellspacing="0" class="ga-tbl-answer" style="font-family:verdana,arial,helvetica,sans-serif; font-size:12px">\n	<tbody>\n		<tr>\n			<td rowspan="2" style="vertical-align:middle">So, C alone can do the work in</td>\n			<td style="vertical-align:bottom">48</td>\n			<td rowspan="2" style="vertical-align:middle">= 9</td>\n			<td style="vertical-align:bottom">3</td>\n			<td rowspan="2" style="vertical-align:middle">days.</td>\n		</tr>\n		<tr>\n			<td style="vertical-align:top">5</td>\n			<td style="vertical-align:top">5</td>\n		</tr>\n	</tbody>\n</table>\n\n<p>&nbsp;</p>\n', 1, 0, 1, 0, 3, '1445410711', 1),
(11, 1, '<p><span style="background-color:rgb(255, 255, 255); color:rgb(0, 0, 0)">A milk vendor has 2 cans of milk. The first contains 25% water and the rest milk. The second contains 50% water. How much milk should he mix from each of the containers so as to get 12 litres of milk such that the ratio of water to milk is 3 : 5?</span></p>\n', '<p>Let the cost of 1 litre milk be Re. 1</p>\n\n<p>&nbsp;</p>\n\n<table cellpadding="0" cellspacing="0" class="ga-tbl-answer" style="font-family:verdana,arial,helvetica,sans-serif; font-size:12px">\n	<tbody>\n		<tr>\n			<td rowspan="2" style="vertical-align:middle">Milk in 1 litre mix. in 1<sup>st</sup>&nbsp;can =</td>\n			<td style="vertical-align:bottom">3</td>\n			<td rowspan="2" style="vertical-align:middle">litre, C.P. of 1 litre mix. in 1<sup>st</sup>&nbsp;can Re.</td>\n			<td style="vertical-align:bottom">3</td>\n		</tr>\n		<tr>\n			<td style="vertical-align:top">4</td>\n			<td style="vertical-align:top">4</td>\n		</tr>\n	</tbody>\n</table>\n\n<p>&nbsp;</p>\n\n<p>&nbsp;</p>\n\n<table cellpadding="0" cellspacing="0" class="ga-tbl-answer" style="font-family:verdana,arial,helvetica,sans-serif; font-size:12px">\n	<tbody>\n		<tr>\n			<td rowspan="2" style="vertical-align:middle">Milk in 1 litre mix. in 2<sup>nd</sup>&nbsp;can =</td>\n			<td style="vertical-align:bottom">1</td>\n			<td rowspan="2" style="vertical-align:middle">litre, C.P. of 1 litre mix. in 2<sup>nd</sup>&nbsp;can Re.</td>\n			<td style="vertical-align:bottom">1</td>\n		</tr>\n		<tr>\n			<td style="vertical-align:top">2</td>\n			<td style="vertical-align:top">2</td>\n		</tr>\n	</tbody>\n</table>\n\n<p>&nbsp;</p>\n\n<p>&nbsp;</p>\n\n<table cellpadding="0" cellspacing="0" class="ga-tbl-answer" style="font-family:verdana,arial,helvetica,sans-serif; font-size:12px">\n	<tbody>\n		<tr>\n			<td rowspan="2" style="height:auto; vertical-align:middle; white-space:nowrap">Milk in 1 litre of final mix. =</td>\n			<td style="vertical-align:bottom">5</td>\n			<td rowspan="2" style="vertical-align:middle">litre, Mean price = Re.</td>\n			<td style="vertical-align:bottom">5</td>\n		</tr>\n		<tr>\n			<td style="vertical-align:top">8</td>\n			<td style="vertical-align:top">8</td>\n		</tr>\n	</tbody>\n</table>\n\n<p>&nbsp;</p>\n\n<p>By the rule of alligation, we have:</p>\n\n<p>&nbsp;</p>\n\n<table cellpadding="0" cellspacing="0" class="ga-tbl-answer" style="font-family:verdana,arial,helvetica,sans-serif; font-size:12px">\n	<tbody>\n		<tr>\n			<td colspan="3">C.P. of 1 litre mixture in 1<sup>st</sup>&nbsp;can&nbsp; &nbsp;C.P. of 1 litre mixture in 2<sup>nd</sup>&nbsp;can</td>\n		</tr>\n		<tr>\n			<td>\n			<table cellpadding="0" cellspacing="0" class="ga-tbl-answer" style="font-family:verdana,arial,helvetica,sans-serif">\n				<tbody>\n					<tr>\n						<td style="vertical-align:bottom">3</td>\n					</tr>\n					<tr>\n						<td style="vertical-align:top">4</td>\n					</tr>\n				</tbody>\n			</table>\n			</td>\n			<td rowspan="2" style="height:100px; vertical-align:middle; width:350px">Mean Price\n			<table cellpadding="0" cellspacing="0" class="ga-tbl-answer" style="font-family:verdana,arial,helvetica,sans-serif">\n				<tbody>\n					<tr>\n						<td style="vertical-align:bottom">5</td>\n					</tr>\n					<tr>\n						<td style="vertical-align:top">8</td>\n					</tr>\n				</tbody>\n			</table>\n			</td>\n			<td>\n			<table cellpadding="0" cellspacing="0" class="ga-tbl-answer" style="font-family:verdana,arial,helvetica,sans-serif">\n				<tbody>\n					<tr>\n						<td style="vertical-align:bottom">1</td>\n					</tr>\n					<tr>\n						<td style="vertical-align:top">2</td>\n					</tr>\n				</tbody>\n			</table>\n			</td>\n		</tr>\n		<tr>\n			<td>\n			<table cellpadding="0" cellspacing="0" class="ga-tbl-answer" style="font-family:verdana,arial,helvetica,sans-serif">\n				<tbody>\n					<tr>\n						<td style="vertical-align:bottom">1</td>\n					</tr>\n					<tr>\n						<td style="vertical-align:top">8</td>\n					</tr>\n				</tbody>\n			</table>\n			</td>\n			<td>\n			<table cellpadding="0" cellspacing="0" class="ga-tbl-answer" style="font-family:verdana,arial,helvetica,sans-serif">\n				<tbody>\n					<tr>\n						<td style="vertical-align:bottom">1</td>\n					</tr>\n					<tr>\n						<td style="vertical-align:top">8</td>\n					</tr>\n				</tbody>\n			</table>\n			</td>\n		</tr>\n	</tbody>\n</table>\n\n<p>&nbsp;</p>\n\n<p>&nbsp;</p>\n\n<table cellpadding="0" cellspacing="0" class="ga-tbl-answer" style="font-family:verdana,arial,helvetica,sans-serif; font-size:12px">\n	<tbody>\n		<tr>\n			<td rowspan="2" style="vertical-align:middle"><img src="http://www.indiabix.com/_files/images/aptitude/1-sym-tfr.gif" />&nbsp;Ratio of two mixtures =</td>\n			<td style="vertical-align:bottom">1</td>\n			<td rowspan="2" style="vertical-align:middle">:</td>\n			<td style="vertical-align:bottom">1</td>\n			<td rowspan="2" style="vertical-align:middle">= 1 : 1.</td>\n		</tr>\n		<tr>\n			<td style="vertical-align:top">8</td>\n			<td style="vertical-align:top">8</td>\n		</tr>\n	</tbody>\n</table>\n\n<p>&nbsp;</p>\n\n<p>&nbsp;</p>\n\n<table cellpadding="0" cellspacing="0" class="ga-tbl-answer" style="font-family:verdana,arial,helvetica,sans-serif; font-size:12px">\n	<tbody>\n		<tr>\n			<td rowspan="2" style="vertical-align:middle">So, quantity of mixture taken from each can =</td>\n			<td rowspan="2" style="height:auto; vertical-align:middle; white-space:nowrap"><img src="http://www.indiabix.com/_files/images/aptitude/1-sym-oparen-h1.gif" /></td>\n			<td style="vertical-align:bottom">1</td>\n			<td rowspan="2" style="vertical-align:middle">x 12</td>\n			<td rowspan="2" style="height:auto; vertical-align:middle; white-space:nowrap"><img src="http://www.indiabix.com/_files/images/aptitude/1-sym-cparen-h1.gif" /></td>\n			<td rowspan="2" style="vertical-align:middle">= 6 litres.</td>\n		</tr>\n		<tr>\n			<td style="vertical-align:top">2</td>\n		</tr>\n	</tbody>\n</table>\n\n<p>&nbsp;</p>\n', 1, 0, 1, 0, 4, '1444461043', 0),
(12, 3, '<p>Which of the integers is multiple&nbsp;of both 2 and 3?</p>\n', '<p>2x12 = 24</p>\n\n<p>3x8 = 24</p>\n\n<p>So, 24 is the multiple of both 2 &amp; 3.</p>\n', 1, 0, 1, 0, 2, '1445407390', 0),
(13, 3, '<p>Which of the following integers are multiples of both 2 and 3?&nbsp;</p>\n\n<p>Indicate all such integers.</p>\n', '<p>You can first identify the multiples of 2, which are 8, 12, 18 and 36, and then among the multiples of 2 identify the multiples of 3, which are 12, 18 and 36. Alternatively, if you realize that every number that is a multiple of 2 and 3 is also a multiple of 6, you can identify the choices that are multiples of 6. The correct answer consists of Choices C (12), D (18) and F (36).</p>\n', 2, 0, 1, 0, 2, '1445407778', 0),
(14, 3, '<p>Which of the following could be the units digit of 57 n , where n is a positive integer?</p>\n\n<p>Indicate all such digits.</p>\n', '', 1, 0, 1, 0, 2, '1445407839', 0),
(15, 3, '<p>Arrange the following numbers in order view.</p>\n', '', 4, 0, 1, 0, 2, '1445407690', 0),
(16, 3, '<p>Write the following&nbsp;countries names in alphabetical order.</p>\n', '', 4, 0, 1, 0, 2, '1445407590', 0),
(17, 3, '<p>Match the following capitals of the country.</p>\n', '', 5, 0, 1, 0, 2, '1445408123', 0),
(18, 3, '<p>Match the following capitals of the country.</p>\n', '', 5, 0, 1, 0, 1, '1445879729', 0),
(19, 1, ' Keeping the place of 6 in the number 6350947 same, the smallest number obtained by rearranging other digits is.\nA. 6975430\nB. 6043579\n*C. 6034579\nD. 6034579?', 'No Description.', 1, 0, 1, 0, 1, '1447761062', 0),
(20, 1, ' Find the surface area of a chalk box whose length, breadth and height are 10 cm, 6 cm and\n3 cm respectively.\nA. 117 cm2\nB. 275 cm2\n*C. 216 cm2\nD.All of these?', 'No Description.', 1, 0, 1, 0, 1, '1447761062', 0),
(21, 1, ' The ratio between the rates of walking of A and B is 2 : 3 and therefore A takes 10 minutes more than the time taken\nby B to reach the destination. If A had walked at double the speed, then in what time would he have covered that distance?', 'No Description.', 1, 0, 1, 0, 1, '1447761062', 0),
(22, 1, ' A can do 15th part of the work in 12 days, B can do 60% of the work in 30 days and C can do 13r d  of t h e  wor k  i n\n15 days. Who will complete the work first ?', 'No Description.', 1, 0, 1, 0, 1, '1447761062', 0),
(23, 1, ' If A to t h e south  of B a n d C is to t h e east  of B,  in  wh at dir ection  is A with  r espect to C ?', 'No Description.', 1, 0, 1, 0, 1, '1447761062', 0),
(24, 1, ' Namita travels 20 km 50 m everyday. Out of this she travels 10 km 200 m by bus and the rest by auto. How much\ndistance does she travel by auto ?\nAn swer 9.85', 'No Description.', 4, 0, 1, 0, 1, '1447761319', 0),
(25, 1, ' The value of  â€“8 â€“ 2 [6 + 4{7 â€“ (2.8 + 1.4)}] is :\nAnswer â€“ 42.4\nQuestion  3. Wh en  th e time is 4.20, th e an gle between  th e h an ds of th e clock is â€“\nAnswer 10\nQ u est i on  4 .  6  m en  or  1 0  boys  ca n  com p l et e a  p i ece  of wor k  i n  1 5  d a ys .  I f  7  m en  a n d  x  boys  com p l et e  t h e sa m e p i ece  of wor k\nin 9 days, then x is equal to\nA n swer  5', 'No Description.', 5, 0, 1, 0, 1, '1447761330', 0),
(26, 2, ' Number of things made up of paper are <input id=fb-1> tyhy. \n', 'No Description.', 6, 0, 1, 0, 1, '1447764073', 0),
(27, 2, ' Number of things that are lustrous <input id=fb-1><input id=fb-2> . \n', 'No Description.', 6, 0, 1, 0, 1, '1447764074', 0),
(28, 2, ' Number of things that are used in construction <input id=fb-1><input id=fb-2>. \n', 'No Description.', 6, 0, 1, 0, 1, '1447764074', 0),
(29, 2, ' In a saturated sugar solution more sugar can be dissolved by <input id=fb-1><input id=fb-2>. \n', 'No Description.', 6, 0, 1, 0, 1, '1447764074', 0),
(30, 2, ' On keeping ice pieces in glass tumbler, lots of water droplets are observed on the \nsurface of the tumbler. This is \ndue to <input id=fb-1><input id=fb-2>. \n', 'No Description.', 6, 0, 1, 0, 1, '1447764074', 0),
(31, 3, ' Number of things made up of paper are <input id=fb-1>tyhy. \n', 'No Description.', 6, 0, 1, 0, 1, '1447764244', 0),
(32, 3, ' Number of things that are lustrous <input id=fb-1>. \n', 'No Description.', 6, 0, 1, 0, 1, '1447764244', 0),
(33, 3, ' Number of things that are used in construction <input id=fb-1> \n', 'No Description.', 6, 0, 1, 0, 1, '1447764244', 0),
(34, 3, ' In a saturated sugar solution more sugar can be dissolved by <input id=fb-1> \n', 'No Description.', 6, 0, 1, 0, 1, '1447764244', 0),
(35, 3, ' On keeping ice pieces in glass tumbler, lots of water droplets are observed on the \nsurface of the tumbler. This is \ndue to <input id=fb-1> \n', 'No Description.', 6, 0, 1, 0, 1, '1447764244', 0),
(36, 2, ' Namita travels 20 km 50 m everyday. \n', 'No Description.', 13, 0, 1, 0, 1, '1447778849', 0),
(37, 2, ' The value of â€“8 â€“ 2 [6 + 4{7 â€“ (2.8 + 1.4)}] is :  \n', 'No Description.', 13, 0, 1, 0, 1, '1447778849', 0),
(38, 2, ' When the time is 4.20, the angle between the hands of the clock is â€“ \n', 'No Description.', 13, 0, 1, 0, 1, '1447778849', 0),
(39, 2, ' 6 men or 10 boys can complete a piece of work in 15 days. If 7 men and x boys complete \nthe same piece of work \nin 9 days, then x is equal to \n', 'No Description.', 13, 0, 1, 0, 1, '1447778849', 0),
(40, 1, '<p>Match the following:</p>', '', 5, 0, 1, 0, 1, '1448435657', 0),
(41, 5, '<p>Match the following:</p>', '', 5, 0, 1, 0, 1, '1448454703', 0),
(42, 5, '<p>\n      Match the following:\n      <br/>\n      Â \n    </p>', '', 5, 0, 1, 0, 1, '1448454704', 0),
(43, 10, '<p>Arrange the words given below in a meaningful sequence.</p>', '', 4, 0, 1, 0, 1, '1448458479', 0),
(44, 10, '<p>Arrange the words given below in a meaningful sequence.</p>', '', 4, 0, 1, 0, 1, '1448458479', 0),
(45, 10, '<p>Arrange the words given below in a meaningful sequence.</p>', '', 4, 0, 1, 0, 1, '1448458479', 0),
(46, 1, '<p>What do you think may be the reason that we still cannot provide safe drinking water to all parts of the country even after 60 years of Independence?</p><extendedTextInteraction responseIdentifier="RESPONSE" expectedLength="500"/>', '', 10, 0, 1, 0, 1, '1448458884', 0),
(47, 1, '<strong>Legalising sting operations</strong><br/><strong>Q.</strong><extendedTextInteraction responseIdentifier="RESPONSE" expectedLength="500"/>', '', 10, 0, 1, 0, 1, '1448458884', 0),
(48, 1, '<p>\n      <strong>Urbanisation of India</strong>\n      <br/>\n      <strong>Q.</strong>\n      India is getting urbanised faster than the rest of the world. On the basis of your reading, knowledge and experience state the implications of rapid urbanisation.\n    </p><extendedTextInteraction responseIdentifier="RESPONSE" expectedLength="500"/>', '', 10, 0, 1, 0, 1, '1448458884', 0),
(49, 1, '<p>\n      <strong>Making road travel safe</strong>\n      <br/>\n      <strong>Q.</strong>\n      In the present age of speed, it is imperative that all modes of travel, especially the road travel in India is made safe for all categories of people. Comment.\n    </p><extendedTextInteraction responseIdentifier="RESPONSE" expectedLength="500"/>', '', 10, 0, 1, 0, 1, '1448458885', 0),
(50, 1, '<p>\n      <strong>Prison reforms in India</strong>\n      <br/>\n      <strong>Q.</strong>\n      Administrative skill and political will are required to bring about jail reforms in India. Express your views on the subject.\n    </p><extendedTextInteraction responseIdentifier="RESPONSE" expectedLength="500"/>', '', 10, 0, 1, 0, 1, '1448458885', 0),
(51, 1, '<p>What do you think may be the reason that we still cannot provide safe drinking water to all parts of the country even after 60 years of Independence?</p><extendedTextInteraction responseIdentifier="RESPONSE" expectedLength="500"/>', '', 10, 0, 1, 0, 1, '1448458917', 0),
(52, 1, '<strong>Legalising sting operations</strong><br/><strong>Q.</strong><extendedTextInteraction responseIdentifier="RESPONSE" expectedLength="500"/>', '', 10, 0, 1, 0, 1, '1448458918', 0),
(53, 1, '<p>\n      <strong>Urbanisation of India</strong>\n      <br/>\n      <strong>Q.</strong>\n      India is getting urbanised faster than the rest of the world. On the basis of your reading, knowledge and experience state the implications of rapid urbanisation.\n    </p><extendedTextInteraction responseIdentifier="RESPONSE" expectedLength="500"/>', '', 10, 0, 1, 0, 1, '1448458918', 0),
(54, 1, '<p>\n      <strong>Making road travel safe</strong>\n      <br/>\n      <strong>Q.</strong>\n      In the present age of speed, it is imperative that all modes of travel, especially the road travel in India is made safe for all categories of people. Comment.\n    </p><extendedTextInteraction responseIdentifier="RESPONSE" expectedLength="500"/>', '', 10, 0, 1, 0, 1, '1448458918', 0),
(55, 1, '<p>\n      <strong>Prison reforms in India</strong>\n      <br/>\n      <strong>Q.</strong>\n      Administrative skill and political will are required to bring about jail reforms in India. Express your views on the subject.\n    </p><extendedTextInteraction responseIdentifier="RESPONSE" expectedLength="500"/>', '', 10, 0, 1, 0, 1, '1448458918', 0),
(56, 1, '<p>What do you think may be the reason that we still cannot provide safe drinking water to all parts of the country even after 60 years of Independence?</p><extendedTextInteraction responseIdentifier="RESPONSE" expectedLength="500"/>', '', 10, 0, 1, 0, 1, '1448458999', 0),
(57, 1, '<strong>Legalising sting operations</strong><br/><strong>Q.</strong><extendedTextInteraction responseIdentifier="RESPONSE" expectedLength="500"/>', '', 10, 0, 1, 0, 1, '1448458999', 0),
(58, 1, '<p>\n      <strong>Urbanisation of India</strong>\n      <br/>\n      <strong>Q.</strong>\n      India is getting urbanised faster than the rest of the world. On the basis of your reading, knowledge and experience state the implications of rapid urbanisation.\n    </p><extendedTextInteraction responseIdentifier="RESPONSE" expectedLength="500"/>', '', 10, 0, 1, 0, 1, '1448458999', 0),
(59, 1, '<p>\n      <strong>Making road travel safe</strong>\n      <br/>\n      <strong>Q.</strong>\n      In the present age of speed, it is imperative that all modes of travel, especially the road travel in India is made safe for all categories of people. Comment.\n    </p><extendedTextInteraction responseIdentifier="RESPONSE" expectedLength="500"/>', '', 10, 0, 1, 0, 1, '1448458999', 0),
(60, 1, '<p>\n      <strong>Prison reforms in India</strong>\n      <br/>\n      <strong>Q.</strong>\n      Administrative skill and political will are required to bring about jail reforms in India. Express your views on the subject.\n    </p><extendedTextInteraction responseIdentifier="RESPONSE" expectedLength="500"/>', '', 10, 0, 1, 0, 1, '1448458999', 0),
(61, 1, '<p>ksagkfdutsdafgjksdf sdf&nbsp;</p>\n', '<p>e<strong>rtert ert ert &nbsp;ghmg g g</strong></p>\n\n<ul>\n	<li><strong>dflhklggfhfgh</strong></li>\n	<li><strong>fghgfh</strong></li>\n	<li><strong>gf</strong></li>\n</ul>\n', 1, 0, 1, 0, 1, '1448657379', 0),
(62, 1, '<p>aklsdlkasdh s a fsdf sfg dfg dg dg d gdf&nbsp;<select data-id="dd1" disabled="true" style="width:10%"></select>&nbsp;sdfsdfs s sd sf &nbsp;asd&nbsp;<select data-id="dd3" disabled="true" style="width:10%"></select>&nbsp;sda.</p>\n', '<p>fddf gfhfj56 b y 67 k</p>\n', 7, 0, 1, 0, 1, '1450178618', 0),
(63, 1, '<p>asjkaskdhkjash</p>\n', '<p>asdasd</p>\n', 4, 0, 1, 0, 1, '1450293199', 0),
(64, 11, '<p>jasdgkjasdf gdf gdfg d gd gdf &nbsp;gsd</p>\n', '<p>,dshksd gsdd gdf g dfg df</p>\n', 1, 1, 1, 0, 1, '1450675430', 0);

-- --------------------------------------------------------

--
-- Table structure for table `question_attempt`
--

DROP TABLE IF EXISTS `question_attempt`;
CREATE TABLE IF NOT EXISTS `question_attempt` (
  `id` int(11) NOT NULL,
  `attempt_id` int(11) NOT NULL DEFAULT '0',
  `question_id` int(11) NOT NULL,
  `section_id` int(11) NOT NULL DEFAULT '0',
  `question_type` int(11) NOT NULL DEFAULT '0',
  `question_status` int(11) NOT NULL DEFAULT '0',
  `time` int(11) NOT NULL DEFAULT '0',
  `answer` int(11) NOT NULL DEFAULT '0',
  `correct` int(11) NOT NULL DEFAULT '0',
  `marks` int(11) NOT NULL DEFAULT '0',
  `neg_marks` int(11) NOT NULL DEFAULT '0',
  `student_id` int(11) NOT NULL
) ENGINE=InnoDB AUTO_INCREMENT=316 DEFAULT CHARSET=latin1;

--
-- Dumping data for table `question_attempt`
--

INSERT INTO `question_attempt` (`id`, `attempt_id`, `question_id`, `section_id`, `question_type`, `question_status`, `time`, `answer`, `correct`, `marks`, `neg_marks`, `student_id`) VALUES
(1, 1, 1, 0, 1, 3, 67, 0, 1, 10, 2, 90),
(2, 1, 2, 0, 1, 3, 146, 0, 1, 10, 2, 90),
(3, 1, 3, 0, 1, 3, 55, 0, 1, 10, 2, 90),
(4, 1, 4, 0, 1, 3, 152, 0, 0, 10, 2, 90),
(5, 1, 5, 0, 1, 3, 65, 0, 1, 10, 2, 90),
(6, 1, 6, 0, 1, 3, 379, 0, 0, 10, 2, 90),
(7, 1, 7, 0, 1, 3, 310, 0, 1, 10, 2, 90),
(8, 1, 8, 0, 1, 3, 174, 0, 0, 10, 2, 90),
(9, 1, 9, 0, 1, 3, 34, 0, 1, 10, 2, 90),
(10, 1, 11, 0, 1, 3, 7, 0, 1, 10, 2, 90),
(11, 1, 14, 0, 1, 3, 7, 0, 1, 10, 2, 90),
(12, 1, 12, 0, 1, 3, 3, 0, 1, 10, 2, 90),
(13, 1, 13, 0, 2, 3, 4, 0, 1, 10, 2, 90),
(14, 1, 15, 0, 4, 3, 16, 0, 1, 10, 2, 90),
(15, 1, 16, 0, 4, 3, 11, 0, 1, 10, 2, 90),
(16, 2, 1, 0, 1, 3, 78, 0, 1, 10, 2, 2),
(17, 2, 2, 0, 1, 3, 30, 0, 1, 10, 2, 2),
(18, 2, 3, 0, 1, 3, 13, 0, 1, 10, 2, 2),
(19, 2, 4, 0, 1, 3, 7, 0, 1, 10, 2, 2),
(20, 2, 5, 0, 1, 3, 7, 0, 1, 10, 2, 2),
(21, 2, 6, 0, 1, 3, 7, 0, 1, 10, 2, 2),
(22, 2, 7, 0, 1, 3, 7, 0, 1, 10, 2, 2),
(23, 2, 8, 0, 1, 3, 47, 0, 1, 10, 2, 2),
(24, 2, 9, 0, 1, 3, 4, 0, 1, 10, 2, 2),
(25, 2, 11, 0, 1, 3, 8, 0, 1, 10, 2, 2),
(26, 2, 14, 0, 1, 3, 15, 0, 1, 10, 2, 2),
(27, 2, 12, 0, 1, 3, 33, 0, 1, 10, 2, 2),
(28, 2, 13, 0, 2, 3, 11, 0, 1, 10, 2, 2),
(29, 2, 15, 0, 4, 3, 13, 0, 1, 10, 2, 2),
(30, 2, 16, 0, 4, 3, 18, 0, 1, 10, 2, 2),
(31, 3, 1, 0, 1, 3, 6, 0, 1, 10, 2, 90),
(32, 3, 2, 0, 1, 3, 4, 0, 1, 10, 2, 90),
(33, 3, 3, 0, 1, 3, 4, 0, 1, 10, 2, 90),
(34, 3, 4, 0, 1, 3, 3, 0, 1, 10, 2, 90),
(35, 3, 5, 0, 1, 3, 4, 0, 1, 10, 2, 90),
(36, 3, 6, 0, 1, 3, 3, 0, 1, 10, 2, 90),
(37, 3, 7, 0, 1, 3, 4, 0, 1, 10, 2, 90),
(38, 3, 8, 0, 1, 3, 19, 0, 0, 10, 2, 90),
(39, 3, 9, 0, 1, 3, 3, 0, 1, 10, 2, 90),
(40, 3, 11, 0, 1, 3, 6, 0, 1, 10, 2, 90),
(41, 3, 14, 0, 1, 3, 2, 0, 1, 10, 2, 90),
(42, 3, 12, 0, 1, 3, 3, 0, 1, 10, 2, 90),
(43, 3, 13, 0, 2, 3, 5, 0, 1, 10, 2, 90),
(44, 3, 15, 0, 4, 3, 9, 0, 1, 10, 2, 90),
(45, 3, 16, 0, 4, 3, 13, 0, 1, 10, 2, 90),
(46, 4, 1, 0, 1, 3, 4, 0, 1, 10, 2, 90),
(47, 4, 2, 0, 1, 3, 2, 0, 1, 10, 2, 90),
(48, 4, 3, 0, 1, 3, 3, 0, 1, 10, 2, 90),
(49, 4, 4, 0, 1, 3, 3, 0, 1, 10, 2, 90),
(50, 4, 5, 0, 1, 3, 2, 0, 1, 10, 2, 90),
(51, 4, 6, 0, 1, 3, 3, 0, 1, 10, 2, 90),
(52, 4, 7, 0, 1, 3, 3, 0, 1, 10, 2, 90),
(53, 4, 8, 0, 1, 3, 3, 0, 0, 10, 2, 90),
(54, 4, 9, 0, 1, 3, 3, 0, 1, 10, 2, 90),
(55, 4, 11, 0, 1, 3, 4, 0, 1, 10, 2, 90),
(56, 4, 14, 0, 1, 3, 4, 0, 1, 10, 2, 90),
(57, 4, 12, 0, 1, 3, 3, 0, 1, 10, 2, 90),
(58, 4, 13, 0, 2, 3, 3, 0, 1, 10, 2, 90),
(59, 4, 15, 0, 4, 3, 9, 0, 1, 10, 2, 90),
(60, 4, 16, 0, 4, 3, 5, 0, 1, 10, 2, 90),
(61, 5, 1, 0, 1, 3, 4, 0, 1, 10, 2, 90),
(62, 5, 2, 0, 1, 3, 3, 0, 1, 10, 2, 90),
(63, 5, 3, 0, 1, 3, 2, 0, 1, 10, 2, 90),
(64, 5, 4, 0, 1, 3, 2, 0, 1, 10, 2, 90),
(65, 5, 5, 0, 1, 3, 2, 0, 1, 10, 2, 90),
(66, 5, 6, 0, 1, 3, 3, 0, 1, 10, 2, 90),
(67, 5, 7, 0, 1, 3, 3, 0, 1, 10, 2, 90),
(68, 5, 8, 0, 1, 3, 3, 0, 0, 10, 2, 90),
(69, 5, 9, 0, 1, 3, 2, 0, 1, 10, 2, 90),
(70, 5, 11, 0, 1, 3, 4, 0, 1, 10, 2, 90),
(71, 5, 14, 0, 1, 3, 3, 0, 1, 10, 2, 90),
(72, 5, 12, 0, 1, 3, 2, 0, 1, 10, 2, 90),
(73, 5, 13, 0, 2, 3, 4, 0, 1, 10, 2, 90),
(74, 5, 15, 0, 4, 3, 10, 0, 1, 10, 2, 90),
(75, 5, 16, 0, 4, 3, 7, 0, 1, 10, 2, 90),
(76, 6, 1, 0, 1, 3, 3, 0, 1, 10, 2, 90),
(77, 6, 2, 0, 1, 3, 1, 0, 1, 10, 2, 90),
(78, 6, 3, 0, 1, 3, 3, 0, 1, 10, 2, 90),
(79, 6, 4, 0, 1, 3, 2, 0, 1, 10, 2, 90),
(80, 6, 5, 0, 1, 3, 2, 0, 1, 10, 2, 90),
(81, 6, 6, 0, 1, 3, 2, 0, 1, 10, 2, 90),
(82, 6, 7, 0, 1, 3, 2, 0, 1, 10, 2, 90),
(83, 6, 8, 0, 1, 3, 6, 0, 1, 10, 2, 90),
(84, 6, 9, 0, 1, 3, 3, 0, 1, 10, 2, 90),
(85, 6, 11, 0, 1, 3, 5, 0, 1, 10, 2, 90),
(86, 6, 14, 0, 1, 3, 2, 0, 1, 10, 2, 90),
(87, 6, 12, 0, 1, 3, 3, 0, 1, 10, 2, 90),
(88, 6, 13, 0, 2, 3, 3, 0, 1, 10, 2, 90),
(89, 6, 15, 0, 4, 3, 7, 0, 1, 10, 2, 90),
(90, 6, 16, 0, 4, 3, 8, 0, 1, 10, 2, 90),
(91, 7, 1, 0, 1, 1, 1, 0, 0, 10, 0, 90),
(92, 7, 2, 0, 1, 0, 0, 0, 0, 10, 0, 90),
(93, 7, 3, 0, 1, 0, 0, 0, 0, 10, 0, 90),
(94, 7, 4, 0, 1, 0, 0, 0, 0, 10, 0, 90),
(95, 7, 5, 0, 1, 0, 0, 0, 0, 10, 0, 90),
(96, 7, 6, 0, 1, 0, 0, 0, 0, 10, 0, 90),
(97, 7, 7, 0, 1, 0, 0, 0, 0, 10, 0, 90),
(98, 7, 8, 0, 1, 0, 0, 0, 0, 10, 0, 90),
(99, 7, 9, 0, 1, 0, 0, 0, 0, 10, 0, 90),
(100, 8, 1, 0, 1, 1, 1, 0, 0, 10, 0, 90),
(101, 8, 2, 0, 1, 0, 0, 0, 0, 10, 0, 90),
(102, 8, 3, 0, 1, 0, 0, 0, 0, 10, 0, 90),
(103, 8, 4, 0, 1, 0, 0, 0, 0, 10, 0, 90),
(104, 8, 5, 0, 1, 0, 0, 0, 0, 10, 0, 90),
(105, 8, 6, 0, 1, 0, 0, 0, 0, 10, 0, 90),
(106, 8, 7, 0, 1, 0, 0, 0, 0, 10, 0, 90),
(107, 8, 8, 0, 1, 0, 0, 0, 0, 10, 0, 90),
(108, 8, 9, 0, 1, 0, 0, 0, 0, 10, 0, 90),
(109, 10, 1, 0, 1, 1, 1, 0, 0, 10, 0, 90),
(110, 10, 2, 0, 1, 0, 0, 0, 0, 10, 0, 90),
(111, 10, 3, 0, 1, 0, 0, 0, 0, 10, 0, 90),
(112, 10, 4, 0, 1, 0, 0, 0, 0, 10, 0, 90),
(113, 10, 5, 0, 1, 0, 0, 0, 0, 10, 0, 90),
(114, 10, 6, 0, 1, 0, 0, 0, 0, 10, 0, 90),
(115, 10, 7, 0, 1, 0, 0, 0, 0, 10, 0, 90),
(116, 10, 8, 0, 1, 0, 0, 0, 0, 10, 0, 90),
(117, 10, 9, 0, 1, 0, 0, 0, 0, 10, 0, 90),
(118, 11, 9, 0, 1, 3, 7, 0, 1, 10, 0, 90),
(119, 11, 8, 0, 1, 3, 3, 0, 1, 10, 0, 90),
(120, 11, 7, 0, 1, 3, 3, 0, 1, 10, 0, 90),
(121, 11, 6, 0, 1, 3, 3, 0, 1, 10, 0, 90),
(122, 11, 5, 0, 1, 3, 4, 0, 1, 10, 0, 90),
(123, 12, 9, 0, 1, 1, 1, 0, 0, 10, 0, 90),
(124, 12, 8, 0, 1, 0, 0, 0, 0, 10, 0, 90),
(125, 12, 7, 0, 1, 0, 0, 0, 0, 10, 0, 90),
(126, 12, 6, 0, 1, 0, 0, 0, 0, 10, 0, 90),
(127, 12, 5, 0, 1, 0, 0, 0, 0, 10, 0, 90),
(128, 14, 1, 0, 1, 1, 1, 0, 0, 10, 0, 90),
(129, 14, 2, 0, 1, 0, 0, 0, 0, 10, 0, 90),
(130, 14, 3, 0, 1, 0, 0, 0, 0, 10, 0, 90),
(131, 14, 4, 0, 1, 0, 0, 0, 0, 10, 0, 90),
(132, 14, 5, 0, 1, 0, 0, 0, 0, 10, 0, 90),
(133, 14, 6, 0, 1, 0, 0, 0, 0, 10, 0, 90),
(134, 14, 7, 0, 1, 0, 0, 0, 0, 10, 0, 90),
(135, 14, 8, 0, 1, 0, 0, 0, 0, 10, 0, 90),
(136, 14, 9, 0, 1, 0, 0, 0, 0, 10, 0, 90),
(137, 15, 1, 0, 1, 3, 5, 0, 1, 1, 0, 90),
(138, 15, 2, 0, 1, 3, 8, 0, 1, 1, 0, 90),
(139, 15, 3, 0, 1, 3, 10, 0, 0, 1, 0, 90),
(140, 15, 4, 0, 1, 3, 2, 0, 0, 1, 0, 90),
(141, 15, 5, 0, 1, 3, 4, 0, 1, 1, 0, 90),
(142, 15, 6, 0, 1, 3, 3, 0, 1, 1, 0, 90),
(143, 15, 7, 0, 1, 3, 3, 0, 1, 1, 0, 90),
(144, 15, 8, 0, 1, 3, 5, 0, 0, 1, 0, 90),
(145, 15, 9, 0, 1, 3, 89, 0, 1, 1, 0, 90),
(146, 16, 3, 0, 1, 1, 1, 0, 0, 1, 0, 90),
(147, 16, 4, 0, 1, 0, 0, 0, 0, 1, 0, 90),
(148, 16, 8, 0, 1, 0, 0, 0, 0, 1, 0, 90),
(149, 17, 3, 0, 1, 1, 1, 0, 0, 1, 0, 90),
(150, 17, 4, 0, 1, 0, 0, 0, 0, 1, 0, 90),
(151, 17, 8, 0, 1, 0, 0, 0, 0, 1, 0, 90),
(152, 18, 3, 0, 1, 1, 1, 0, 0, 1, 0, 90),
(153, 18, 4, 0, 1, 0, 0, 0, 0, 1, 0, 90),
(154, 18, 8, 0, 1, 0, 0, 0, 0, 1, 0, 90),
(155, 19, 3, 0, 1, 1, 1, 0, 0, 1, 0, 90),
(156, 19, 4, 0, 1, 0, 0, 0, 0, 1, 0, 90),
(157, 19, 8, 0, 1, 0, 0, 0, 0, 1, 0, 90),
(158, 20, 3, 0, 1, 3, 0, 0, 0, 1, 0, 90),
(159, 20, 4, 0, 1, 1, 1, 0, 0, 1, 0, 90),
(160, 20, 8, 0, 1, 0, 0, 0, 0, 1, 0, 90),
(161, 21, 3, 0, 1, 1, 1, 0, 0, 1, 0, 90),
(162, 21, 4, 0, 1, 0, 0, 0, 0, 1, 0, 90),
(163, 21, 8, 0, 1, 0, 0, 0, 0, 1, 0, 90),
(164, 22, 3, 0, 1, 1, 1, 0, 0, 1, 0, 90),
(165, 22, 4, 0, 1, 0, 0, 0, 0, 1, 0, 90),
(166, 22, 8, 0, 1, 0, 0, 0, 0, 1, 0, 90),
(167, 23, 3, 0, 1, 1, 1, 0, 0, 1, 0, 90),
(168, 23, 4, 0, 1, 0, 0, 0, 0, 1, 0, 90),
(169, 23, 8, 0, 1, 0, 0, 0, 0, 1, 0, 90),
(170, 24, 3, 0, 1, 1, 0, 0, 0, 1, 0, 90),
(171, 24, 4, 0, 1, 0, 0, 0, 0, 1, 0, 90),
(172, 24, 8, 0, 1, 0, 0, 0, 0, 1, 0, 90),
(173, 25, 3, 0, 1, 1, 1, 0, 0, 1, 0, 90),
(174, 25, 4, 0, 1, 0, 0, 0, 0, 1, 0, 90),
(175, 25, 8, 0, 1, 0, 0, 0, 0, 1, 0, 90),
(176, 26, 3, 0, 1, 1, 0, 0, 0, 1, 0, 90),
(177, 26, 4, 0, 1, 0, 0, 0, 0, 1, 0, 90),
(178, 26, 8, 0, 1, 0, 0, 0, 0, 1, 0, 90),
(179, 27, 3, 0, 1, 1, 0, 0, 0, 1, 0, 90),
(180, 27, 4, 0, 1, 0, 0, 0, 0, 1, 0, 90),
(181, 27, 8, 0, 1, 0, 0, 0, 0, 1, 0, 90),
(182, 28, 3, 0, 1, 1, 1, 0, 0, 1, 0, 90),
(183, 28, 4, 0, 1, 0, 0, 0, 0, 1, 0, 90),
(184, 28, 8, 0, 1, 0, 0, 0, 0, 1, 0, 90),
(185, 29, 9, 0, 1, 3, 7, 0, 1, 10, 0, 90),
(186, 29, 8, 0, 1, 3, 4, 0, 0, 10, 0, 90),
(187, 29, 7, 0, 1, 3, 3, 0, 1, 10, 0, 90),
(188, 29, 6, 0, 1, 3, 4, 0, 1, 10, 0, 90),
(189, 29, 5, 0, 1, 3, 5, 0, 1, 10, 0, 90),
(190, 30, 9, 0, 1, 1, 0, 0, 0, 10, 0, 90),
(191, 30, 8, 0, 1, 0, 0, 0, 0, 10, 0, 90),
(192, 30, 7, 0, 1, 0, 0, 0, 0, 10, 0, 90),
(193, 30, 6, 0, 1, 0, 0, 0, 0, 10, 0, 90),
(194, 30, 5, 0, 1, 0, 0, 0, 0, 10, 0, 90),
(195, 33, 1, 0, 1, 0, 0, 0, 0, 10, 0, 90),
(196, 33, 2, 0, 1, 0, 0, 0, 0, 10, 0, 90),
(197, 33, 3, 0, 1, 0, 0, 0, 0, 10, 0, 90),
(198, 33, 4, 0, 1, 0, 0, 0, 0, 10, 0, 90),
(199, 33, 5, 0, 1, 0, 0, 0, 0, 10, 0, 90),
(200, 33, 6, 0, 1, 0, 0, 0, 0, 10, 0, 90),
(201, 33, 7, 0, 1, 0, 0, 0, 0, 10, 0, 90),
(202, 33, 8, 0, 1, 0, 0, 0, 0, 10, 0, 90),
(203, 33, 9, 0, 1, 0, 0, 0, 0, 10, 0, 90),
(204, 34, 17, 0, 5, 1, 0, 0, 0, 40, 1, 90),
(205, 34, 16, 0, 4, 0, 0, 0, 0, 40, 1, 90),
(206, 34, 15, 0, 4, 0, 0, 0, 0, 40, 1, 90),
(207, 34, 14, 0, 1, 0, 0, 0, 0, 40, 1, 90),
(208, 34, 12, 0, 1, 0, 0, 0, 0, 40, 1, 90),
(209, 34, 13, 0, 2, 0, 0, 0, 0, 40, 1, 90),
(210, 35, 12, 39, 1, 3, 13, 0, 0, 20, 0, 2),
(211, 35, 1, 40, 1, 3, 5, 0, 1, 10, 0, 2),
(212, 35, 2, 40, 1, 3, 4, 0, 0, 10, 0, 2),
(213, 35, 3, 40, 1, 3, 2, 0, 0, 10, 0, 2),
(214, 35, 4, 40, 1, 3, 6, 0, 0, 10, 0, 2),
(215, 35, 5, 40, 1, 3, 6, 0, 1, 10, 0, 2),
(216, 36, 12, 39, 1, 3, 14, 0, 1, 20, 0, 2),
(217, 36, 1, 40, 1, 0, 0, 0, 0, 10, 0, 2),
(218, 36, 2, 40, 1, 0, 0, 0, 0, 10, 0, 2),
(219, 36, 3, 40, 1, 0, 0, 0, 0, 10, 0, 2),
(220, 36, 4, 40, 1, 0, 0, 0, 0, 10, 0, 2),
(221, 36, 5, 40, 1, 0, 0, 0, 0, 10, 0, 2),
(222, 37, 14, 41, 1, 1, 51, 0, 0, 50, 2, 91),
(223, 37, 13, 41, 2, 3, 6, 0, 1, 50, 2, 91),
(224, 37, 12, 41, 1, 3, 10, 0, 1, 50, 2, 91),
(225, 37, 11, 41, 1, 3, 22, 0, 1, 50, 2, 91),
(226, 37, 9, 41, 1, 3, 10, 0, 1, 50, 2, 91),
(227, 37, 8, 41, 1, 3, 15, 0, 0, 50, 2, 91),
(228, 37, 7, 41, 1, 3, 6, 0, 1, 50, 2, 91),
(229, 37, 6, 41, 1, 3, 9, 0, 1, 50, 2, 91),
(230, 38, 14, 42, 1, 3, 11, 0, 0, 1, 0, 91),
(231, 38, 8, 42, 1, 3, 10, 0, 0, 1, 0, 91),
(232, 39, 14, 41, 1, 3, 17, 0, 1, 50, 2, 91),
(233, 39, 13, 41, 2, 3, 7, 0, 1, 50, 2, 91),
(234, 39, 12, 41, 1, 3, 5, 0, 1, 50, 2, 91),
(235, 39, 11, 41, 1, 3, 12, 0, 1, 50, 2, 91),
(236, 39, 9, 41, 1, 3, 3, 0, 1, 50, 2, 91),
(237, 39, 8, 41, 1, 3, 4, 0, 1, 50, 2, 91),
(238, 39, 7, 41, 1, 3, 3, 0, 0, 50, 2, 91),
(239, 39, 6, 41, 1, 3, 7, 0, 1, 50, 2, 91),
(240, 40, 7, 43, 1, 3, 8, 0, 1, 1, 0, 91),
(241, 41, 14, 44, 1, 3, 14, 0, 0, 10, 2, 95),
(242, 41, 13, 44, 2, 3, 9, 0, 1, 10, 2, 95),
(243, 41, 12, 44, 1, 3, 15, 0, 1, 10, 2, 95),
(244, 41, 11, 44, 1, 3, 3, 0, 1, 10, 2, 95),
(245, 41, 9, 44, 1, 1, 11, 0, 0, 10, 2, 95),
(246, 42, 1, 3, 1, 1, 1, 0, 0, 10, 0, 2),
(247, 42, 2, 3, 1, 0, 0, 0, 0, 10, 0, 2),
(248, 42, 3, 3, 1, 0, 0, 0, 0, 10, 0, 2),
(249, 42, 4, 3, 1, 0, 0, 0, 0, 10, 0, 2),
(250, 42, 5, 3, 1, 0, 0, 0, 0, 10, 0, 2),
(251, 42, 6, 3, 1, 0, 0, 0, 0, 10, 0, 2),
(252, 42, 7, 3, 1, 0, 0, 0, 0, 10, 0, 2),
(253, 42, 8, 3, 1, 0, 0, 0, 0, 10, 0, 2),
(254, 42, 9, 3, 1, 0, 0, 0, 0, 10, 0, 2),
(255, 43, 1, 3, 1, 0, 0, 0, 0, 10, 0, 2),
(256, 43, 2, 3, 1, 0, 0, 0, 0, 10, 0, 2),
(257, 43, 3, 3, 1, 0, 0, 0, 0, 10, 0, 2),
(258, 43, 4, 3, 1, 0, 0, 0, 0, 10, 0, 2),
(259, 43, 5, 3, 1, 0, 0, 0, 0, 10, 0, 2),
(260, 43, 6, 3, 1, 0, 0, 0, 0, 10, 0, 2),
(261, 43, 7, 3, 1, 0, 0, 0, 0, 10, 0, 2),
(262, 43, 8, 3, 1, 0, 0, 0, 0, 10, 0, 2),
(263, 43, 9, 3, 1, 0, 0, 0, 0, 10, 0, 2),
(264, 44, 12, 39, 1, 3, 32, 0, 1, 20, 0, 2),
(265, 44, 1, 40, 1, 3, 6, 0, 0, 10, 0, 2),
(266, 44, 2, 40, 1, 3, 4, 0, 0, 10, 0, 2),
(267, 44, 3, 40, 1, 3, 5, 0, 0, 10, 0, 2),
(268, 44, 4, 40, 1, 3, 5, 0, 0, 10, 0, 2),
(269, 44, 5, 40, 1, 3, 8, 0, 0, 10, 0, 2),
(270, 45, 1, 53, 1, 3, 7, 0, 0, 10, 0, 2),
(271, 45, 2, 53, 1, 3, 2, 0, 0, 10, 0, 2),
(272, 45, 3, 53, 1, 3, 3, 0, 0, 10, 0, 2),
(273, 45, 4, 53, 1, 3, 3, 0, 0, 10, 0, 2),
(274, 45, 5, 53, 1, 3, 4, 0, 0, 10, 0, 2),
(275, 46, 1, 22, 1, 3, 26, 0, 1, 10, 2, 95),
(276, 46, 2, 22, 1, 3, 3, 0, 0, 10, 2, 95),
(277, 46, 3, 22, 1, 3, 10, 0, 1, 10, 2, 95),
(278, 46, 4, 22, 1, 3, 9, 0, 0, 10, 2, 95),
(279, 46, 5, 22, 1, 3, 7, 0, 0, 10, 2, 95),
(280, 46, 6, 22, 1, 3, 3, 0, 1, 10, 2, 95),
(281, 46, 7, 22, 1, 3, 4, 0, 0, 10, 2, 95),
(282, 46, 8, 22, 1, 3, 4, 0, 0, 10, 2, 95),
(283, 46, 9, 22, 1, 3, 8, 0, 0, 10, 2, 95),
(284, 46, 11, 22, 1, 1, 2, 0, 0, 10, 2, 95),
(285, 46, 14, 23, 1, 0, 0, 0, 0, 10, 2, 95),
(286, 46, 12, 23, 1, 0, 0, 0, 0, 10, 2, 95),
(287, 46, 13, 23, 2, 0, 0, 0, 0, 10, 2, 95),
(288, 46, 15, 23, 4, 0, 0, 0, 0, 10, 2, 95),
(289, 46, 16, 24, 4, 0, 0, 0, 0, 10, 2, 95),
(290, 47, 2, 55, 1, 3, 43, 0, 0, 10, 2, 95),
(291, 47, 4, 55, 1, 3, 3, 0, 0, 10, 2, 95),
(292, 47, 5, 55, 1, 3, 8, 0, 1, 10, 2, 95),
(293, 47, 7, 55, 1, 3, 15, 0, 0, 10, 2, 95),
(294, 47, 8, 55, 1, 3, 0, 0, 0, 10, 2, 95),
(295, 47, 9, 55, 1, 3, 5, 0, 1, 10, 2, 95),
(296, 47, 11, 55, 1, 3, 8, 0, 0, 10, 2, 95),
(297, 47, 14, 55, 1, 1, 39, 0, 0, 10, 2, 95),
(298, 47, 12, 55, 1, 0, 0, 0, 0, 10, 2, 95),
(299, 47, 13, 55, 2, 0, 0, 0, 0, 10, 2, 95),
(300, 47, 15, 55, 4, 0, 0, 0, 0, 10, 2, 95),
(301, 47, 16, 55, 4, 0, 0, 0, 0, 10, 2, 95),
(302, 48, 17, 9, 5, 3, 9, 0, 0, 40, 1, 2),
(303, 48, 16, 9, 4, 3, 9, 0, 1, 40, 1, 2),
(304, 48, 15, 9, 4, 1, 2, 0, 0, 40, 1, 2),
(305, 48, 14, 9, 1, 1, 0, 0, 0, 40, 1, 2),
(306, 48, 12, 9, 1, 1, 0, 0, 0, 40, 1, 2),
(307, 48, 13, 9, 2, 1, 1, 0, 0, 40, 1, 2),
(308, 49, 17, 59, 5, 1, 0, 0, 0, 40, 1, 2),
(309, 49, 15, 59, 4, 0, 0, 0, 0, 40, 1, 2),
(310, 49, 14, 59, 1, 0, 0, 0, 0, 40, 1, 2),
(311, 49, 12, 59, 1, 0, 0, 0, 0, 40, 1, 2),
(312, 49, 13, 59, 2, 0, 0, 0, 0, 40, 1, 2),
(313, 50, 11, 4, 1, 3, 3, 0, 1, 10, 1, 91),
(314, 51, 11, 4, 1, 1, 2, 0, 0, 10, 1, 91),
(315, 52, 11, 60, 1, 3, 6, 0, 0, 10, 1, 91);

-- --------------------------------------------------------

--
-- Stand-in structure for view `question_details`
--
DROP VIEW IF EXISTS `question_details`;
CREATE TABLE IF NOT EXISTS `question_details` (
`question_id` int(11)
,`data` text
,`description` text
,`type` int(11)
,`quality_check` tinyint(1)
,`parent_id` int(11)
,`modified_at` varchar(17)
,`deleted` int(11)
,`class_name` varchar(150)
,`subject_name` text
,`unit_name` text
,`chapter_name` text
,`topic_name` text
,`tag_name` text
,`difficulty_name` text
,`skill_name` text
);

-- --------------------------------------------------------

--
-- Table structure for table `question_skills`
--

DROP TABLE IF EXISTS `question_skills`;
CREATE TABLE IF NOT EXISTS `question_skills` (
  `question_id` int(11) NOT NULL,
  `skill_id` int(11) NOT NULL
) ENGINE=InnoDB DEFAULT CHARSET=latin1;

-- --------------------------------------------------------

--
-- Table structure for table `question_types`
--

DROP TABLE IF EXISTS `question_types`;
CREATE TABLE IF NOT EXISTS `question_types` (
  `id` int(11) NOT NULL,
  `question_type` varchar(50) NOT NULL,
  `short_name` varchar(50) NOT NULL
) ENGINE=InnoDB AUTO_INCREMENT=14 DEFAULT CHARSET=latin1;

--
-- Dumping data for table `question_types`
--

INSERT INTO `question_types` (`id`, `question_type`, `short_name`) VALUES
(1, 'Single Choice Questions', 'scq'),
(2, 'Multiple Choice Questions', 'mcq'),
(4, 'Sequencing Type Questions', 'secquencing'),
(5, 'Matching (Drag n Drop)', 'matching'),
(6, 'Fill IN THE Blanks', 'fb'),
(7, 'Fill in the Blanks (Drop Down)', 'fb (dd)'),
(8, 'Fill in the Blanks (Drag n Drop)', 'fb (dnd)'),
(10, 'Descriptive', 'descriptive'),
(11, 'Passage Based Question', 'passage'),
(12, 'Matrix-Multiple Matching', 'matrix'),
(13, 'Integer Answer Questions', 'integer');

-- --------------------------------------------------------

--
-- Table structure for table `section`
--

DROP TABLE IF EXISTS `section`;
CREATE TABLE IF NOT EXISTS `section` (
  `id` int(11) NOT NULL,
  `name` varchar(50) NOT NULL DEFAULT 'untitled',
  `total_question` int(11) NOT NULL DEFAULT '0',
  `cut_off_marks` int(11) NOT NULL DEFAULT '0',
  `test_paper` int(11) NOT NULL DEFAULT '0',
  `deleted` int(11) NOT NULL DEFAULT '0'
) ENGINE=InnoDB AUTO_INCREMENT=63 DEFAULT CHARSET=latin1;

--
-- Dumping data for table `section`
--

INSERT INTO `section` (`id`, `name`, `total_question`, `cut_off_marks`, `test_paper`, `deleted`) VALUES
(1, 'Section-A', 5, 0, 1, 0),
(2, 'Section-B', 5, 0, 1, 0),
(3, 'Section-A', 10, 0, 2, 0),
(4, 'Section 1', 1, 0, 3, 0),
(5, 'Section 1', 1, 0, 4, 0),
(6, 'Section 1', 5, 0, 5, 0),
(7, 'Section 1', 5, 0, 6, 0),
(8, 'Section 1', 5, 0, 7, 0),
(9, 'Section 1', 6, 0, 8, 0),
(10, 'Section 1', 2, 0, 9, 0),
(11, 'Section 1', 2, 0, 10, 0),
(12, 'Section 1', 2, 0, 11, 0),
(13, 'DK Sec', 10, 0, 12, 0),
(14, 'R Sec math', 4, 0, 12, 0),
(15, 'R sec geo', 1, 0, 12, 0),
(16, 'a', 5, 0, 13, 0),
(17, 'b', 2, 0, 13, 0),
(18, '1', 2, 0, 14, 0),
(19, '2', 2, 0, 14, 0),
(20, '3', 2, 0, 14, 0),
(21, '4', 2, 0, 14, 0),
(22, 'DK Sec', 10, 0, 15, 0),
(23, 'R sec', 4, 0, 15, 0),
(24, 'R GEO SEC', 1, 0, 15, 0),
(25, 'Section 1', 2, 0, 16, 0),
(26, 'Section 1', 1, 0, 17, 0),
(27, 'Section 1', 9, 0, 18, 0),
(28, 'Section 1', 3, 0, 19, 0),
(29, 'Section 1', 3, 0, 20, 0),
(30, 'Section 1', 3, 0, 21, 0),
(31, 'Section 1', 3, 0, 22, 0),
(32, 'Section 1', 3, 0, 23, 0),
(33, 'Section 1', 3, 0, 24, 0),
(34, 'Section 1', 3, 0, 25, 0),
(35, '', 0, 0, 26, 0),
(36, 'Section 1', 3, 0, 27, 0),
(37, '', 0, 0, 28, 0),
(38, '', 0, 0, 29, 0),
(39, 'Sec A', 2, 20, 30, 0),
(40, 'Sec B', 5, 20, 30, 0),
(41, 'Section 1', 8, 0, 31, 0),
(42, 'Section 1', 2, 0, 32, 0),
(43, 'Section 1', 1, 0, 33, 0),
(44, 'Section 1', 5, 0, 34, 0),
(45, 'Section 1', 5, 0, 35, 0),
(46, 'Section 1', 5, 0, 36, 0),
(47, 'Section 1', 5, 0, 37, 0),
(48, 'Section 1', 5, 0, 38, 0),
(49, 'Section 1', 5, 0, 39, 0),
(50, 'Section 1', 5, 0, 40, 0),
(51, 'Section 1', 5, 0, 41, 0),
(52, 'Section 1', 5, 0, 42, 0),
(53, 'Section 1', 5, 0, 43, 0),
(54, 'Section 1', 12, 0, 44, 0),
(55, 'Section 1', 12, 0, 45, 0),
(56, 'Section 1', 12, 0, 46, 0),
(57, 'Section 1', 12, 0, 47, 0),
(58, 'Section 1', 12, 0, 48, 0),
(59, 'Section 1', 5, 0, 49, 0),
(60, 'Section 1', 1, 0, 50, 0),
(61, 'Section 1', 3, 0, 51, 0),
(62, 'Section 1', 50, 10, 52, 0);

-- --------------------------------------------------------

--
-- Table structure for table `skills`
--

DROP TABLE IF EXISTS `skills`;
CREATE TABLE IF NOT EXISTS `skills` (
  `id` int(11) NOT NULL,
  `skill` varchar(200) NOT NULL,
  `description` varchar(50) NOT NULL,
  `user_id` int(11) NOT NULL,
  `created` varchar(30) NOT NULL,
  `delete` tinyint(1) NOT NULL
) ENGINE=InnoDB AUTO_INCREMENT=5 DEFAULT CHARSET=latin1;

--
-- Dumping data for table `skills`
--

INSERT INTO `skills` (`id`, `skill`, `description`, `user_id`, `created`, `delete`) VALUES
(1, 'Logical', '', 1, '1444215893', 0),
(2, 'Geographic', '', 1, '1444215960', 0),
(3, 'TestSkillL', 'This is dummy skillname', 1, '1445858804', 1),
(4, 'TestSkillP', 'This is dummy skillname', 1, '1448031627', 0);

-- --------------------------------------------------------

--
-- Table structure for table `student_program`
--

DROP TABLE IF EXISTS `student_program`;
CREATE TABLE IF NOT EXISTS `student_program` (
  `id` int(11) NOT NULL,
  `user_id` int(5) NOT NULL,
  `test_program_id` int(5) NOT NULL,
  `time` int(11) NOT NULL
) ENGINE=InnoDB AUTO_INCREMENT=12 DEFAULT CHARSET=latin1;

--
-- Dumping data for table `student_program`
--

INSERT INTO `student_program` (`id`, `user_id`, `test_program_id`, `time`) VALUES
(1, 4, 1, 1444376218),
(2, 3, 1, 1444902394),
(3, 2, 2, 1445339722),
(4, 4, 2, 1445405793),
(5, 90, 2, 1445417839),
(6, 90, 1, 1445423019),
(7, 2, 1, 1446103903),
(8, 91, 2, 1446273197),
(9, 91, 1, 1446273203),
(10, 91, 3, 1446529718),
(11, 95, 3, 1446557773);

-- --------------------------------------------------------

--
-- Table structure for table `student_question_bank`
--

DROP TABLE IF EXISTS `student_question_bank`;
CREATE TABLE IF NOT EXISTS `student_question_bank` (
  `id` int(11) NOT NULL,
  `question_id` int(11) NOT NULL,
  `student_id` int(11) NOT NULL,
  `revision` int(11) NOT NULL DEFAULT '0',
  `important` int(11) NOT NULL DEFAULT '0',
  `unable_to_solve` int(11) NOT NULL DEFAULT '0',
  `deleted` int(11) NOT NULL DEFAULT '0'
) ENGINE=InnoDB AUTO_INCREMENT=5 DEFAULT CHARSET=latin1;

--
-- Dumping data for table `student_question_bank`
--

INSERT INTO `student_question_bank` (`id`, `question_id`, `student_id`, `revision`, `important`, `unable_to_solve`, `deleted`) VALUES
(1, 14, 91, 0, 0, 1, 0),
(2, 8, 91, 0, 0, 1, 0),
(3, 12, 2, 1, 0, 1, 0),
(4, 1, 2, 0, 1, 0, 1);

-- --------------------------------------------------------

--
-- Table structure for table `subjects`
--

DROP TABLE IF EXISTS `subjects`;
CREATE TABLE IF NOT EXISTS `subjects` (
  `id` int(11) NOT NULL,
  `name` varchar(150) NOT NULL,
  `description` varchar(150) NOT NULL,
  `class_id` int(11) NOT NULL,
  `user_id` int(11) NOT NULL,
  `created` varchar(30) NOT NULL,
  `deleted` tinyint(1) NOT NULL
) ENGINE=InnoDB AUTO_INCREMENT=18 DEFAULT CHARSET=latin1;

--
-- Dumping data for table `subjects`
--

INSERT INTO `subjects` (`id`, `name`, `description`, `class_id`, `user_id`, `created`, `deleted`) VALUES
(1, 'Mathematics', '', 1, 1, '1444213723', 0),
(2, 'General Science', '', 1, 1, '1444214701', 0),
(3, 'General science', '', 2, 1, '1444888172', 0),
(4, 'Mathematics', '', 2, 1, '1444888196', 0),
(5, 'Engilish', '', 2, 1, '1444888213', 0),
(6, 'Apptitude', '', 2, 1, '1444888229', 0),
(7, 'Mathematic', '', 3, 1, '1445261046', 0),
(8, 'Geography', '', 3, 1, '1445336993', 0),
(9, 'TestSubject879', 'This is test subject description', 4, 1, '1445858881', 0),
(10, 'TestSubject15', 'This is test subject description', 5, 1, '1448031836', 1),
(11, 'TestSubject267', 'This is test subject description', 6, 1, '1448031875', 0),
(12, 'TestSubject259', 'This is test subject description', 7, 1, '1448034139', 1),
(13, 'TestSubject363', 'This is test subject description', 8, 1, '1448430873', 1),
(14, 'xyz sub', '', 9, 1, '1448430922', 1),
(15, 'sub xyz', '', 10, 1, '1448431227', 0),
(16, 'subject 1', '', 11, 1, '1450674735', 0),
(17, 'subject 2', '', 11, 1, '1450674743', 0);

-- --------------------------------------------------------

--
-- Table structure for table `tags`
--

DROP TABLE IF EXISTS `tags`;
CREATE TABLE IF NOT EXISTS `tags` (
  `id` int(11) NOT NULL,
  `tag` text NOT NULL,
  `description` varchar(50) NOT NULL,
  `user_id` int(11) NOT NULL,
  `created` varchar(30) NOT NULL,
  `delete` tinyint(1) NOT NULL
) ENGINE=InnoDB AUTO_INCREMENT=8 DEFAULT CHARSET=latin1;

--
-- Dumping data for table `tags`
--

INSERT INTO `tags` (`id`, `tag`, `description`, `user_id`, `created`, `delete`) VALUES
(1, 'Equation', '', 1, '1444215662', 0),
(2, 'Geometry', '', 1, '1444215682', 0),
(3, 'Economy', '', 1, '1444215726', 0),
(4, 'Geography', '', 1, '1444215804', 0),
(5, 'TestTag317', 'This is dummy tagname', 1, '1445858753', 1),
(6, 'TestTag331', 'This is dummy tagname', 1, '1448031518', 0),
(7, '', '', 1, '1448031588', 1);

-- --------------------------------------------------------

--
-- Table structure for table `tagsofquestion`
--

DROP TABLE IF EXISTS `tagsofquestion`;
CREATE TABLE IF NOT EXISTS `tagsofquestion` (
  `question_id` int(11) NOT NULL,
  `tagged_id` int(11) NOT NULL,
  `tag_type` int(11) NOT NULL
) ENGINE=InnoDB DEFAULT CHARSET=latin1;

--
-- Dumping data for table `tagsofquestion`
--

INSERT INTO `tagsofquestion` (`question_id`, `tagged_id`, `tag_type`) VALUES
(1, 1, 1),
(1, 1, 2),
(1, 1, 3),
(1, 1, 4),
(1, 1, 5),
(1, 1, 6),
(1, 1, 7),
(2, 1, 1),
(2, 1, 2),
(2, 1, 3),
(2, 1, 4),
(2, 1, 5),
(2, 1, 6),
(2, 1, 7),
(3, 1, 1),
(3, 1, 2),
(3, 1, 3),
(3, 1, 4),
(3, 1, 5),
(3, 1, 6),
(3, 1, 7),
(4, 1, 1),
(4, 1, 2),
(4, 1, 3),
(4, 1, 4),
(4, 1, 5),
(4, 1, 6),
(4, 1, 7),
(5, 1, 1),
(5, 1, 2),
(5, 1, 3),
(5, 1, 4),
(5, 1, 5),
(5, 1, 6),
(5, 1, 7),
(6, 1, 1),
(6, 1, 2),
(6, 1, 3),
(6, 1, 4),
(6, 1, 5),
(6, 1, 6),
(6, 1, 7),
(7, 1, 1),
(7, 1, 2),
(7, 1, 3),
(7, 1, 4),
(7, 1, 5),
(7, 1, 6),
(7, 1, 7),
(8, 1, 1),
(8, 1, 2),
(8, 1, 3),
(8, 1, 4),
(8, 1, 5),
(8, 1, 6),
(8, 1, 7),
(9, 1, 1),
(9, 1, 2),
(9, 1, 3),
(9, 1, 4),
(9, 1, 5),
(9, 1, 6),
(9, 1, 7),
(10, 1, 1),
(10, 1, 2),
(10, 1, 3),
(10, 1, 4),
(10, 1, 5),
(10, 1, 6),
(10, 1, 7),
(11, 1, 1),
(11, 1, 2),
(11, 1, 3),
(11, 1, 4),
(11, 1, 5),
(11, 1, 6),
(11, 1, 7),
(12, 7, 1),
(12, 9, 2),
(12, 11, 3),
(13, 7, 1),
(13, 9, 2),
(13, 11, 3),
(13, 14, 4),
(14, 7, 1),
(14, 9, 2),
(14, 11, 3),
(14, 14, 4),
(15, 7, 1),
(15, 9, 2),
(15, 11, 3),
(15, 15, 4),
(16, 8, 1),
(16, 10, 2),
(16, 12, 3),
(12, 14, 4),
(12, 1, 6),
(12, 1, 5),
(12, 1, 7),
(17, 1, 6),
(17, 4, 5),
(17, 2, 7),
(16, 17, 4),
(16, 2, 6),
(16, 4, 5),
(16, 1, 7),
(16, 2, 7),
(15, 1, 6),
(15, 1, 5),
(15, 1, 7),
(13, 1, 5),
(13, 1, 7),
(13, 2, 6),
(14, 2, 6),
(14, 1, 5),
(14, 1, 7),
(17, 8, 1),
(17, 10, 2),
(19, 1, 1),
(19, 1, 2),
(19, 1, 3),
(19, 1, 4),
(19, 1, 6),
(20, 1, 1),
(20, 1, 2),
(20, 1, 3),
(20, 1, 4),
(20, 1, 6),
(21, 1, 1),
(21, 1, 2),
(21, 1, 3),
(21, 1, 4),
(21, 1, 6),
(22, 1, 1),
(22, 1, 2),
(22, 1, 3),
(22, 1, 4),
(22, 1, 6),
(23, 1, 1),
(23, 1, 2),
(23, 1, 3),
(23, 1, 4),
(23, 1, 6),
(24, 2, 1),
(24, 4, 2),
(24, 4, 3),
(24, 4, 4),
(24, 2, 5),
(24, 1, 6),
(24, 1, 7),
(25, 2, 1),
(25, 4, 2),
(25, 4, 3),
(25, 4, 4),
(25, 2, 5),
(25, 1, 6),
(25, 1, 7),
(26, 4, 1),
(26, 7, 2),
(26, 9, 3),
(26, 13, 4),
(26, 3, 5),
(26, 2, 6),
(26, 2, 7),
(27, 4, 1),
(27, 7, 2),
(27, 9, 3),
(27, 13, 4),
(27, 3, 5),
(27, 2, 6),
(27, 2, 7),
(28, 4, 1),
(28, 7, 2),
(28, 9, 3),
(28, 13, 4),
(28, 3, 5),
(28, 2, 6),
(28, 2, 7),
(29, 4, 1),
(29, 7, 2),
(29, 9, 3),
(29, 13, 4),
(29, 3, 5),
(29, 2, 6),
(29, 2, 7),
(30, 4, 1),
(30, 7, 2),
(30, 9, 3),
(30, 13, 4),
(30, 3, 5),
(30, 2, 6),
(30, 2, 7),
(31, 7, 1),
(31, 9, 2),
(31, 11, 3),
(31, 15, 4),
(31, 3, 5),
(31, 2, 6),
(31, 2, 7),
(32, 7, 1),
(32, 9, 2),
(32, 11, 3),
(32, 15, 4),
(32, 3, 5),
(32, 2, 6),
(32, 2, 7),
(33, 7, 1),
(33, 9, 2),
(33, 11, 3),
(33, 15, 4),
(33, 3, 5),
(33, 2, 6),
(33, 2, 7),
(34, 7, 1),
(34, 9, 2),
(34, 11, 3),
(34, 15, 4),
(34, 3, 5),
(34, 2, 6),
(34, 2, 7),
(35, 7, 1),
(35, 9, 2),
(35, 11, 3),
(35, 15, 4),
(35, 3, 5),
(35, 2, 6),
(35, 2, 7),
(36, 3, 1),
(36, 3, 5),
(36, 1, 6),
(36, 2, 7),
(37, 3, 1),
(37, 3, 5),
(37, 1, 6),
(37, 2, 7),
(38, 3, 1),
(38, 3, 5),
(38, 1, 6),
(38, 2, 7),
(39, 3, 1),
(39, 3, 5),
(39, 1, 6),
(39, 2, 7),
(41, 15, 1),
(42, 15, 1),
(43, 15, 1),
(43, 16, 2),
(43, 16, 3),
(44, 15, 1),
(44, 16, 2),
(44, 16, 3),
(45, 15, 1),
(45, 16, 2),
(45, 16, 3),
(51, 1, 1),
(52, 1, 1),
(53, 1, 1),
(54, 1, 1),
(55, 1, 1),
(56, 1, 1),
(57, 1, 1),
(58, 1, 1),
(59, 1, 1),
(60, 1, 1),
(61, 1, 1),
(61, 1, 2),
(61, 1, 3),
(61, 1, 4),
(61, 6, 5),
(61, 1, 6),
(61, 1, 7),
(62, 1, 1),
(62, 2, 1),
(62, 1, 2),
(62, 1, 3),
(62, 1, 4),
(62, 6, 5),
(62, 2, 6),
(62, 1, 7),
(63, 1, 1),
(63, 1, 2),
(63, 1, 3),
(63, 1, 4),
(63, 6, 5),
(63, 1, 6),
(63, 1, 7),
(64, 16, 1),
(64, 17, 1),
(64, 18, 2),
(64, 19, 3),
(64, 21, 4),
(64, 6, 5),
(64, 3, 5),
(64, 1, 6),
(64, 2, 7);

-- --------------------------------------------------------

--
-- Table structure for table `tags_of_test_paper_label`
--

DROP TABLE IF EXISTS `tags_of_test_paper_label`;
CREATE TABLE IF NOT EXISTS `tags_of_test_paper_label` (
  `test_paper_label_id` int(11) NOT NULL,
  `tag_id` int(11) NOT NULL
) ENGINE=InnoDB DEFAULT CHARSET=latin1;

--
-- Dumping data for table `tags_of_test_paper_label`
--

INSERT INTO `tags_of_test_paper_label` (`test_paper_label_id`, `tag_id`) VALUES
(1, 1),
(2, 1),
(3, 1),
(4, 1),
(5, 1),
(6, 1),
(7, 1),
(8, 1),
(9, 4),
(16, 1),
(17, 1),
(18, 1),
(19, 1),
(20, 1),
(21, 4),
(25, 1),
(26, 1),
(27, 1),
(28, 6),
(28, 3),
(29, 6),
(29, 3),
(30, 6),
(30, 3);

-- --------------------------------------------------------

--
-- Table structure for table `tag_type`
--

DROP TABLE IF EXISTS `tag_type`;
CREATE TABLE IF NOT EXISTS `tag_type` (
  `tag_code` int(11) NOT NULL,
  `tag_data` varchar(50) NOT NULL
) ENGINE=InnoDB AUTO_INCREMENT=8 DEFAULT CHARSET=latin1;

--
-- Dumping data for table `tag_type`
--

INSERT INTO `tag_type` (`tag_code`, `tag_data`) VALUES
(1, 'subject'),
(2, 'unit'),
(3, 'chapter'),
(4, 'topic'),
(5, 'tag'),
(6, 'difficyulty-level'),
(7, 'skill');

-- --------------------------------------------------------

--
-- Table structure for table `test_paper`
--

DROP TABLE IF EXISTS `test_paper`;
CREATE TABLE IF NOT EXISTS `test_paper` (
  `id` int(11) NOT NULL,
  `name` varchar(50) NOT NULL,
  `type` int(50) NOT NULL DEFAULT '0',
  `class` int(11) NOT NULL DEFAULT '0',
  `time` int(11) NOT NULL DEFAULT '0',
  `total_attempts` int(11) NOT NULL DEFAULT '0',
  `start_time` varchar(150) NOT NULL DEFAULT '0',
  `end_time` varchar(150) NOT NULL DEFAULT '0',
  `Instructions` text,
  `status` tinyint(1) NOT NULL DEFAULT '0',
  `user_id` int(11) NOT NULL,
  `created` int(11) NOT NULL,
  `deleted` tinyint(1) NOT NULL DEFAULT '0'
) ENGINE=InnoDB AUTO_INCREMENT=53 DEFAULT CHARSET=latin1;

--
-- Dumping data for table `test_paper`
--

INSERT INTO `test_paper` (`id`, `name`, `type`, `class`, `time`, `total_attempts`, `start_time`, `end_time`, `Instructions`, `status`, `user_id`, `created`, `deleted`) VALUES
(1, 'untitled', 0, 0, 0, 0, '0', '0', 'Please Fill Instructions.', 0, 3, 1444304870, 1),
(2, 'SSC CGL Math', 3, 1, 60, 15, '', '', '<p>Please Fill Instructions...</p>\n', 1, 4, 1444383981, 0),
(3, 'Test For UI', 3, 1, 10, 5, '1', '0', '<p>Please Fill Instructions...</p>\n', 1, 4, 1444461138, 0),
(4, 'Test For UI', 3, 1, 10, 5, '1', '0', '<p>Please Fill Instructions...</p>\n', 1, 4, 1444461158, 0),
(5, 'SSC CGL TIER-1', 3, 1, 20, 10, '1', '0', '<p>Please Fill Instructions...</p>\n', 1, 3, 1444634727, 0),
(6, 'SSC CGL TIER-1', 3, 1, 20, 10, '1', '0', '<p>Please Fill Instructions...</p>\n', 1, 3, 1444645738, 0),
(7, 'SSC CGL Tier-2', 3, 1, 20, 10, '1', '0', '<p>Please Fill Instructions...</p>\n', 1, 4, 1444718787, 0),
(8, 'Test 10-20-15', 3, 3, 30, 10, '1', '0', '<p>Please Fill Instructions...</p>\n', 1, 2, 1445339070, 0),
(9, 'Optmizer Question', 0, 0, 5, 15, '0', '0', 'Optmizer Question Test', 1, 2, 1445341019, 0),
(10, 'Optmizer Question', 0, 0, 5, 15, '0', '0', 'Optmizer Question Test', 1, 2, 1445341241, 0),
(11, 'Optmizer Question', 0, 0, 5, 15, '0', '0', 'Optmizer Question Test', 1, 2, 1445341577, 0),
(12, 'untitled', 0, 0, 0, 0, '0', '0', 'Please Fill Instructions.', 0, 4, 1445409780, 0),
(13, 'untitled', 0, 0, 0, 0, '0', '0', 'Please Fill Instructions.', 0, 3, 1445410262, 0),
(14, 'untitled', 0, 0, 0, 0, '0', '0', 'Please Fill Instructions.', 0, 3, 1445410377, 0),
(15, 'Multi question test', 3, 3, 30, 10, '', '', '<p>Please Fill Instructions...</p>\n', 1, 4, 1445410953, 0),
(16, 'Optmizer Question', 0, 0, 2, 15, '0', '0', 'Optmizer Question Test', 1, 2, 1445414049, 0),
(17, 'Optmizer Question', 0, 0, 1, 15, '0', '0', 'Optmizer Question Test', 1, 2, 1445414132, 0),
(18, 'Optmizer Question', 0, 0, 6, 15, '0', '0', 'Optmizer Question Test', 1, 90, 1445433807, 0),
(19, 'Optmizer Question', 0, 0, 0, 15, '0', '0', 'Optmizer Question Test', 1, 90, 1445433946, 0),
(20, 'Optmizer Question', 0, 0, 0, 15, '0', '0', 'Optmizer Question Test', 1, 90, 1445433952, 0),
(21, 'Optmizer Question', 0, 0, 0, 15, '0', '0', 'Optmizer Question Test', 1, 90, 1445433957, 0),
(22, 'Optmizer Question', 0, 0, 0, 15, '0', '0', 'Optmizer Question Test', 1, 90, 1445433963, 0),
(23, 'Optmizer Question', 0, 0, 0, 15, '0', '0', 'Optmizer Question Test', 1, 90, 1445433968, 0),
(24, 'Optmizer Question', 0, 0, 0, 15, '0', '0', 'Optmizer Question Test', 1, 90, 1445433973, 0),
(25, 'Optmizer Question', 0, 0, 0, 15, '0', '0', 'Optmizer Question Test', 1, 90, 1445434011, 0),
(26, 'untitled', 0, 0, 0, 0, '0', '0', 'Please Fill Instructions.', 0, 1, 1445859382, 0),
(27, '', 0, 0, 0, 0, '1', '0', '<p>Please Fill Instructions...asdf</p>\n', 1, 1, 1445859787, 0),
(28, 'untitled', 0, 0, 0, 0, '0', '0', 'Please Fill Instructions.', 0, 1, 1445860853, 0),
(29, 'untitled', 0, 0, 0, 0, '0', '0', 'Please Fill Instructions.', 0, 1, 1445860873, 0),
(30, 'test for cutt', 3, 1, 60, 10, '', '', '<p>Please Fill Instructions...</p>\n', 1, 1, 1446103577, 0),
(31, 'testING', 3, 1, 60, 10, '1', '0', '<p>Please Fill Instructions...</p>\n', 1, 1, 1446529511, 0),
(32, 'Optmizer Question', 0, 0, 7, 15, '0', '0', 'Optmizer Question Test', 1, 91, 1446529965, 0),
(33, 'Optmizer Question', 0, 0, 7, 15, '0', '0', 'Optmizer Question Test', 1, 91, 1446537800, 0),
(34, 'goalTestING', 6, 1, 50, 10, '1', '0', '<p>Please Fill Instructions...</p>\n', 1, 1, 1446629694, 0),
(35, 'Optmizer Question', 0, 0, 10, 15, '0', '0', 'Optmizer Question Test', 1, 2, 1447828295, 0),
(36, 'Optmizer Question', 0, 0, 10, 15, '0', '0', 'Optmizer Question Test', 1, 2, 1447828312, 0),
(37, 'Optmizer Question', 0, 0, 10, 15, '0', '0', 'Optmizer Question Test', 1, 2, 1447828326, 0),
(38, 'Optmizer Question', 0, 0, 10, 15, '0', '0', 'Optmizer Question Test', 1, 2, 1447828327, 0),
(39, 'Optmizer Question', 0, 0, 10, 15, '0', '0', 'Optmizer Question Test', 1, 2, 1447828327, 0),
(40, 'Optmizer Question', 0, 0, 10, 15, '0', '0', 'Optmizer Question Test', 1, 2, 1447828327, 0),
(41, 'Optmizer Question', 0, 0, 10, 15, '0', '0', 'Optmizer Question Test', 1, 2, 1447828327, 0),
(42, 'Optmizer Question', 0, 0, 10, 15, '0', '0', 'Optmizer Question Test', 1, 2, 1447828328, 0),
(43, 'Optmizer Question', 0, 0, 10, 15, '0', '0', 'Optmizer Question Test', 1, 2, 1447828328, 0),
(44, 'Optmizer Question', 0, 0, 2, 15, '0', '0', 'Optmizer Question Test', 1, 95, 1447911453, 0),
(45, 'Optmizer Question', 0, 0, 2, 15, '0', '0', 'Optmizer Question Test', 1, 95, 1447911454, 0),
(46, 'Optmizer Question', 0, 0, 2, 15, '0', '0', 'Optmizer Question Test', 1, 95, 1447911454, 0),
(47, 'Optmizer Question', 0, 0, 2, 15, '0', '0', 'Optmizer Question Test', 1, 95, 1447911455, 0),
(48, 'Optmizer Question', 0, 0, 2, 15, '0', '0', 'Optmizer Question Test', 1, 95, 1447911455, 0),
(49, 'Optmizer Question', 0, 0, 5, 15, '0', '0', 'Optmizer Question Test', 1, 2, 1448637879, 0),
(50, 'Optmizer Question', 0, 0, 10, 15, '0', '0', 'Optmizer Question Test', 1, 91, 1449147220, 0),
(51, 'test paper 1', 1, 1, 10, 12, '1', '0', '<p>Please Fill Instructions...</p>\n', 1, 1, 1450271785, 0),
(52, 'untitled', 0, 0, 0, 0, '0', '0', 'Please Fill Instructions.', 0, 1, 1450675895, 0);

-- --------------------------------------------------------

--
-- Table structure for table `test_papers_of_test_program`
--

DROP TABLE IF EXISTS `test_papers_of_test_program`;
CREATE TABLE IF NOT EXISTS `test_papers_of_test_program` (
  `id` int(11) NOT NULL,
  `test_paper_id` int(11) NOT NULL,
  `test_program_id` int(11) NOT NULL,
  `test_paper_type_id` int(11) NOT NULL DEFAULT '0',
  `parent_id` int(11) NOT NULL DEFAULT '0',
  `parent_type` int(11) NOT NULL DEFAULT '0',
  `created` int(11) NOT NULL DEFAULT '0',
  `deleted` int(11) NOT NULL DEFAULT '0'
) ENGINE=InnoDB AUTO_INCREMENT=10 DEFAULT CHARSET=latin1;

--
-- Dumping data for table `test_papers_of_test_program`
--

INSERT INTO `test_papers_of_test_program` (`id`, `test_paper_id`, `test_program_id`, `test_paper_type_id`, `parent_id`, `parent_type`, `created`, `deleted`) VALUES
(1, 2, 1, 3, 1, 2, 1444375963, 0),
(2, 5, 1, 3, 1, 2, 1444649962, 0),
(3, 7, 1, 3, 1, 2, 1444718857, 0),
(4, 8, 2, 3, 11, 2, 1445339634, 0),
(5, 15, 2, 3, 11, 2, 1445411299, 0),
(6, 30, 1, 3, 1, 2, 1446103825, 0),
(7, 31, 3, 3, 2, 2, 1446529648, 0),
(8, 34, 3, 6, 2, 2, 1446629794, 0),
(9, 51, 3, 1, 0, 0, 1450676075, 0);

-- --------------------------------------------------------

--
-- Table structure for table `test_paper_attempts`
--

DROP TABLE IF EXISTS `test_paper_attempts`;
CREATE TABLE IF NOT EXISTS `test_paper_attempts` (
  `id` int(11) NOT NULL,
  `test_paper_id` int(11) NOT NULL,
  `marks_archived` int(11) NOT NULL DEFAULT '0',
  `total_marks` int(11) NOT NULL DEFAULT '0',
  `student_id` int(11) NOT NULL,
  `start_time` int(11) NOT NULL DEFAULT '0',
  `end_time` int(11) NOT NULL DEFAULT '0',
  `optimizer_id` int(11) NOT NULL DEFAULT '0',
  `complete` tinyint(1) NOT NULL DEFAULT '0'
) ENGINE=InnoDB AUTO_INCREMENT=53 DEFAULT CHARSET=latin1;

--
-- Dumping data for table `test_paper_attempts`
--

INSERT INTO `test_paper_attempts` (`id`, `test_paper_id`, `marks_archived`, `total_marks`, `student_id`, `start_time`, `end_time`, `optimizer_id`, `complete`) VALUES
(1, 15, 114, 150, 90, 1445419332, 1445420777, 0, 2),
(2, 15, 150, 150, 2, 1445419765, 1445420065, 0, 2),
(3, 15, 138, 150, 90, 1445421216, 1445421307, 0, 2),
(4, 15, 138, 150, 90, 1445421420, 1445421478, 0, 2),
(5, 15, 138, 150, 90, 1445421610, 1445421696, 0, 2),
(6, 15, 150, 150, 90, 1445421734, 1445421789, 0, 2),
(7, 2, 0, 0, 90, 0, 1445423766, 0, 2),
(8, 2, 0, 0, 90, 0, 1445433353, 0, 2),
(9, 5, 0, 0, 90, 0, 1445433309, 0, 2),
(10, 2, 0, 0, 90, 0, 1445433375, 0, 2),
(11, 7, 50, 50, 90, 1445433388, 1445433409, 0, 2),
(12, 7, 0, 50, 90, 1445433489, 1445605394, 0, 2),
(13, 5, 0, 0, 90, 0, 1445433598, 0, 2),
(14, 2, 0, 0, 90, 0, 1445433756, 0, 2),
(15, 18, 6, 9, 90, 1445433809, 1445433937, 0, 2),
(16, 19, 0, 3, 90, 1445433948, 1445433949, 0, 2),
(17, 20, 0, 3, 90, 1445433953, 1445433955, 0, 2),
(18, 21, 0, 3, 90, 1445433958, 1445433960, 0, 2),
(19, 22, 0, 3, 90, 1445433965, 1445433966, 0, 2),
(20, 23, 0, 3, 90, 1445433970, 1445433972, 0, 2),
(21, 24, 0, 3, 90, 1445433975, 1445433977, 0, 2),
(22, 24, 0, 3, 90, 1445433985, 1445433986, 0, 2),
(23, 24, 0, 3, 90, 1445434006, 1445434008, 0, 2),
(24, 24, 0, 3, 90, 1445434016, 0, 0, 0),
(25, 23, 0, 3, 90, 1445434017, 1445434019, 0, 2),
(26, 22, 0, 3, 90, 1445434022, 0, 0, 0),
(27, 21, 0, 3, 90, 1445434024, 0, 0, 0),
(28, 20, 0, 3, 90, 1445434027, 1445434029, 0, 2),
(29, 7, 40, 50, 90, 1445605404, 1445605430, 0, 2),
(30, 7, 0, 50, 90, 1445605438, 0, 0, 0),
(31, 5, 0, 0, 90, 0, 1445605463, 0, 2),
(32, 5, 0, 0, 90, 0, 0, 0, 0),
(33, 2, 0, 0, 90, 0, 0, 0, 0),
(34, 8, 0, 240, 90, 1445605619, 0, 0, 0),
(35, 30, 20, 70, 2, 1446103978, 1446104017, 0, 2),
(36, 30, 20, 70, 2, 1446185796, 1446185811, 0, 2),
(37, 31, 298, 400, 91, 1446529811, 1446529941, 32, 2),
(38, 32, 0, 2, 91, 1446529968, 1446529991, 0, 2),
(39, 31, 348, 400, 91, 1446537719, 1446537779, 33, 2),
(40, 33, 1, 1, 91, 1446537803, 1446537813, 0, 2),
(41, 34, 28, 50, 95, 1446629993, 1446630046, 0, 2),
(42, 2, 0, 0, 2, 0, 1447828126, 0, 2),
(43, 2, 0, 0, 2, 0, 0, 0, 0),
(44, 30, 20, 70, 2, 1447828188, 1447828255, 43, 2),
(45, 43, 0, 50, 2, 1447828335, 1447828378, 0, 2),
(46, 15, 18, 150, 95, 1447911329, 1447911407, 48, 2),
(47, 45, 10, 120, 95, 1447911457, 1447911622, 0, 2),
(48, 8, 39, 240, 2, 1448637835, 1448637858, 49, 2),
(49, 49, 0, 200, 2, 1448637882, 0, 0, 0),
(50, 3, 10, 10, 91, 1449147194, 1449147198, 0, 2),
(51, 3, 0, 10, 91, 1449147213, 1449147217, 50, 2),
(52, 50, -1, 10, 91, 1449147221, 1449147228, 0, 2);

-- --------------------------------------------------------

--
-- Table structure for table `test_paper_labels`
--

DROP TABLE IF EXISTS `test_paper_labels`;
CREATE TABLE IF NOT EXISTS `test_paper_labels` (
  `id` int(11) NOT NULL,
  `section_id` int(11) NOT NULL,
  `class_id` int(11) NOT NULL,
  `subject_id` int(11) NOT NULL,
  `unit_id` int(11) NOT NULL DEFAULT '0',
  `chapter_id` int(11) NOT NULL DEFAULT '0',
  `topic_id` int(11) NOT NULL DEFAULT '0',
  `question_type` int(11) NOT NULL,
  `number_of_question` int(11) NOT NULL DEFAULT '1',
  `difficulty_level` int(11) NOT NULL DEFAULT '0',
  `skill_id` int(11) NOT NULL DEFAULT '0',
  `max_marks` int(11) NOT NULL DEFAULT '1',
  `neg_marks` int(11) NOT NULL DEFAULT '0'
) ENGINE=InnoDB AUTO_INCREMENT=31 DEFAULT CHARSET=latin1;

--
-- Dumping data for table `test_paper_labels`
--

INSERT INTO `test_paper_labels` (`id`, `section_id`, `class_id`, `subject_id`, `unit_id`, `chapter_id`, `topic_id`, `question_type`, `number_of_question`, `difficulty_level`, `skill_id`, `max_marks`, `neg_marks`) VALUES
(1, 1, 1, 1, 1, 1, 1, 1, 5, 1, 1, 0, 0),
(2, 2, 1, 1, 1, 1, 1, 1, 5, 1, 1, 0, 0),
(3, 3, 1, 1, 1, 1, 1, 1, 10, 1, 1, 0, 0),
(4, 13, 1, 1, 1, 1, 1, 1, 10, 1, 1, 10, 2),
(5, 14, 3, 7, 9, 11, 0, 1, 1, 2, 1, 10, 2),
(6, 14, 3, 7, 9, 11, 0, 4, 1, 1, 1, 10, 2),
(7, 14, 3, 7, 9, 11, 0, 1, 1, 1, 1, 10, 2),
(8, 14, 3, 7, 9, 11, 0, 2, 1, 2, 1, 10, 2),
(9, 15, 3, 8, 10, 12, 17, 4, 1, 2, 2, 10, 2),
(10, 16, 1, 1, 0, 0, 0, 1, 5, 0, 0, 2, 1),
(11, 17, 3, 7, 0, 0, 0, 4, 2, 0, 0, 0, 0),
(12, 18, 1, 1, 0, 0, 0, 1, 2, 0, 0, 4, 1),
(13, 19, 1, 1, 0, 0, 0, 1, 2, 0, 0, 4, 4),
(14, 20, 3, 7, 0, 0, 0, 4, 1, 0, 0, 0, 0),
(15, 21, 1, 1, 0, 0, 0, 1, 2, 0, 0, 0, 0),
(16, 22, 1, 1, 1, 1, 1, 1, 10, 1, 1, 10, 2),
(17, 23, 3, 7, 9, 11, 0, 1, 1, 2, 1, 10, 2),
(18, 23, 3, 7, 9, 11, 0, 1, 1, 1, 1, 10, 2),
(19, 23, 3, 7, 9, 11, 0, 2, 1, 2, 1, 10, 2),
(20, 23, 3, 7, 9, 11, 0, 4, 1, 1, 1, 10, 2),
(21, 24, 3, 8, 10, 12, 17, 4, 1, 2, 2, 10, 2),
(22, 35, 0, 0, 0, 0, 0, 0, 0, 0, 0, 0, 0),
(23, 37, 0, 0, 0, 0, 0, 0, 0, 0, 0, 0, 0),
(24, 38, 0, 0, 0, 0, 0, 0, 0, 0, 0, 0, 0),
(25, 39, 3, 7, 9, 11, 14, 1, 1, 1, 0, 20, 0),
(26, 39, 3, 7, 9, 11, 14, 4, 1, 1, 0, 20, 0),
(27, 40, 1, 1, 1, 1, 1, 1, 5, 1, 0, 10, 0),
(28, 62, 1, 1, 2, 2, 2, 2, 10, 1, 1, 0, 0),
(29, 62, 1, 1, 2, 2, 2, 5, 5, 1, 2, 0, 0),
(30, 62, 1, 1, 2, 2, 2, 11, 1, 1, 1, 0, 0);

-- --------------------------------------------------------

--
-- Table structure for table `test_paper_questions`
--

DROP TABLE IF EXISTS `test_paper_questions`;
CREATE TABLE IF NOT EXISTS `test_paper_questions` (
  `id` int(11) NOT NULL,
  `test_paper_id` int(11) NOT NULL,
  `section_id` int(11) NOT NULL,
  `lable_id` int(11) NOT NULL,
  `question_id` int(11) NOT NULL,
  `max_marks` int(11) NOT NULL DEFAULT '1',
  `neg_marks` int(11) NOT NULL DEFAULT '0',
  `created` int(11) NOT NULL
) ENGINE=InnoDB AUTO_INCREMENT=251 DEFAULT CHARSET=latin1;

--
-- Dumping data for table `test_paper_questions`
--

INSERT INTO `test_paper_questions` (`id`, `test_paper_id`, `section_id`, `lable_id`, `question_id`, `max_marks`, `neg_marks`, `created`) VALUES
(11, 3, 4, 0, 11, 10, 1, 1444461138),
(13, 4, 5, 0, 11, 10, 1, 1444466961),
(14, 2, 3, 3, 1, 10, 0, 1444466986),
(15, 2, 3, 3, 2, 10, 0, 1444466986),
(16, 2, 3, 3, 3, 10, 0, 1444466986),
(17, 2, 3, 3, 4, 10, 0, 1444466986),
(18, 2, 3, 3, 5, 10, 0, 1444466986),
(19, 2, 3, 3, 6, 10, 0, 1444466986),
(20, 2, 3, 3, 7, 10, 0, 1444466986),
(21, 2, 3, 3, 8, 10, 0, 1444466986),
(22, 2, 3, 3, 9, 10, 0, 1444466986),
(23, 2, 3, 3, 10, 10, 0, 1444466986),
(29, 6, 7, 0, 10, 10, 0, 1444645702),
(30, 6, 7, 0, 11, 10, 0, 1444645702),
(31, 6, 7, 0, 9, 10, 0, 1444645702),
(32, 6, 7, 0, 8, 10, 0, 1444645702),
(33, 6, 7, 0, 7, 10, 0, 1444645702),
(34, 5, 6, 0, 10, 10, 0, 1444718180),
(35, 5, 6, 0, 11, 10, 0, 1444718180),
(36, 5, 6, 0, 9, 10, 0, 1444718180),
(37, 5, 6, 0, 8, 10, 0, 1444718180),
(38, 5, 6, 0, 7, 10, 0, 1444718180),
(39, 7, 8, 0, 9, 10, 0, 1444718787),
(40, 7, 8, 0, 8, 10, 0, 1444718787),
(41, 7, 8, 0, 7, 10, 0, 1444718787),
(42, 7, 8, 0, 6, 10, 0, 1444718787),
(43, 7, 8, 0, 5, 10, 0, 1444718787),
(44, 8, 9, 0, 17, 40, 1, 1445339070),
(45, 8, 9, 0, 16, 40, 1, 1445339070),
(46, 8, 9, 0, 15, 40, 1, 1445339070),
(47, 8, 9, 0, 14, 40, 1, 1445339070),
(48, 8, 9, 0, 12, 40, 1, 1445339070),
(49, 8, 9, 0, 13, 40, 1, 1445339070),
(50, 9, 10, 0, 14, 1, 0, 1445341020),
(51, 9, 10, 0, 12, 1, 0, 1445341021),
(52, 10, 11, 0, 14, 1, 0, 1445341241),
(53, 10, 11, 0, 12, 1, 0, 1445341241),
(54, 11, 12, 0, 14, 1, 0, 1445341577),
(55, 11, 12, 0, 12, 1, 0, 1445341577),
(56, 15, 22, 16, 1, 10, 2, 1445410959),
(57, 15, 22, 16, 2, 10, 2, 1445410962),
(58, 15, 22, 16, 3, 10, 2, 1445410964),
(59, 15, 22, 16, 4, 10, 2, 1445410964),
(60, 15, 22, 16, 5, 10, 2, 1445410964),
(61, 15, 22, 16, 6, 10, 2, 1445410964),
(62, 15, 22, 16, 7, 10, 2, 1445410964),
(63, 15, 22, 16, 8, 10, 2, 1445410964),
(64, 15, 22, 16, 9, 10, 2, 1445410964),
(65, 15, 22, 16, 11, 10, 2, 1445410964),
(66, 15, 23, 17, 14, 10, 2, 1445410964),
(67, 15, 23, 18, 12, 10, 2, 1445410964),
(68, 15, 23, 19, 13, 10, 2, 1445410964),
(69, 15, 23, 20, 15, 10, 2, 1445410964),
(70, 15, 24, 21, 16, 10, 2, 1445410964),
(71, 16, 25, 0, 2, 1, 0, 1445414049),
(72, 16, 25, 0, 3, 1, 0, 1445414049),
(73, 17, 26, 0, 2, 1, 0, 1445414132),
(74, 18, 27, 0, 1, 1, 0, 1445433807),
(75, 18, 27, 0, 2, 1, 0, 1445433807),
(76, 18, 27, 0, 3, 1, 0, 1445433807),
(77, 18, 27, 0, 4, 1, 0, 1445433807),
(78, 18, 27, 0, 5, 1, 0, 1445433807),
(79, 18, 27, 0, 6, 1, 0, 1445433807),
(80, 18, 27, 0, 7, 1, 0, 1445433807),
(81, 18, 27, 0, 8, 1, 0, 1445433807),
(82, 18, 27, 0, 9, 1, 0, 1445433807),
(83, 19, 28, 0, 3, 1, 0, 1445433946),
(84, 19, 28, 0, 4, 1, 0, 1445433946),
(85, 19, 28, 0, 8, 1, 0, 1445433946),
(86, 20, 29, 0, 3, 1, 0, 1445433952),
(87, 20, 29, 0, 4, 1, 0, 1445433952),
(88, 20, 29, 0, 8, 1, 0, 1445433952),
(89, 21, 30, 0, 3, 1, 0, 1445433957),
(90, 21, 30, 0, 4, 1, 0, 1445433957),
(91, 21, 30, 0, 8, 1, 0, 1445433957),
(92, 22, 31, 0, 3, 1, 0, 1445433963),
(93, 22, 31, 0, 4, 1, 0, 1445433963),
(94, 22, 31, 0, 8, 1, 0, 1445433963),
(95, 23, 32, 0, 3, 1, 0, 1445433968),
(96, 23, 32, 0, 4, 1, 0, 1445433968),
(97, 23, 32, 0, 8, 1, 0, 1445433968),
(98, 24, 33, 0, 3, 1, 0, 1445433973),
(99, 24, 33, 0, 4, 1, 0, 1445433973),
(100, 24, 33, 0, 8, 1, 0, 1445433973),
(101, 25, 34, 0, 3, 1, 0, 1445434011),
(102, 25, 34, 0, 4, 1, 0, 1445434011),
(103, 25, 34, 0, 8, 1, 0, 1445434011),
(104, 27, 36, 0, 17, 1, 0, 1445859788),
(105, 27, 36, 0, 14, 1, 0, 1445859789),
(106, 27, 36, 0, 13, 1, 0, 1445859789),
(107, 30, 39, 25, 12, 20, 0, 1446103579),
(108, 30, 40, 27, 1, 10, 0, 1446103579),
(109, 30, 40, 27, 2, 10, 0, 1446103579),
(110, 30, 40, 27, 3, 10, 0, 1446103579),
(111, 30, 40, 27, 4, 10, 0, 1446103579),
(112, 30, 40, 27, 5, 10, 0, 1446103579),
(121, 31, 41, 0, 14, 50, 2, 1446529548),
(122, 31, 41, 0, 13, 50, 2, 1446529548),
(123, 31, 41, 0, 12, 50, 2, 1446529548),
(124, 31, 41, 0, 11, 50, 2, 1446529548),
(125, 31, 41, 0, 9, 50, 2, 1446529548),
(126, 31, 41, 0, 8, 50, 2, 1446529548),
(127, 31, 41, 0, 7, 50, 2, 1446529548),
(128, 31, 41, 0, 6, 50, 2, 1446529548),
(129, 32, 42, 0, 14, 1, 0, 1446529965),
(130, 32, 42, 0, 8, 1, 0, 1446529965),
(131, 33, 43, 0, 7, 1, 0, 1446537800),
(132, 34, 44, 0, 14, 10, 2, 1446629699),
(133, 34, 44, 0, 13, 10, 2, 1446629699),
(134, 34, 44, 0, 12, 10, 2, 1446629699),
(135, 34, 44, 0, 11, 10, 2, 1446629699),
(136, 34, 44, 0, 9, 10, 2, 1446629699),
(137, 35, 45, 0, 1, 10, 0, 1447828298),
(138, 35, 45, 0, 2, 10, 0, 1447828298),
(139, 35, 45, 0, 3, 10, 0, 1447828298),
(140, 35, 45, 0, 4, 10, 0, 1447828298),
(141, 35, 45, 0, 5, 10, 0, 1447828298),
(142, 36, 46, 0, 1, 10, 0, 1447828325),
(143, 36, 46, 0, 2, 10, 0, 1447828325),
(144, 36, 46, 0, 3, 10, 0, 1447828325),
(145, 36, 46, 0, 4, 10, 0, 1447828326),
(146, 36, 46, 0, 5, 10, 0, 1447828326),
(147, 37, 47, 0, 1, 10, 0, 1447828326),
(148, 37, 47, 0, 2, 10, 0, 1447828326),
(149, 37, 47, 0, 3, 10, 0, 1447828326),
(150, 37, 47, 0, 4, 10, 0, 1447828326),
(151, 37, 47, 0, 5, 10, 0, 1447828326),
(152, 38, 48, 0, 1, 10, 0, 1447828327),
(153, 38, 48, 0, 2, 10, 0, 1447828327),
(154, 38, 48, 0, 3, 10, 0, 1447828327),
(155, 38, 48, 0, 4, 10, 0, 1447828327),
(156, 38, 48, 0, 5, 10, 0, 1447828327),
(157, 39, 49, 0, 1, 10, 0, 1447828327),
(158, 39, 49, 0, 2, 10, 0, 1447828327),
(159, 39, 49, 0, 3, 10, 0, 1447828327),
(160, 39, 49, 0, 4, 10, 0, 1447828327),
(161, 39, 49, 0, 5, 10, 0, 1447828327),
(162, 40, 50, 0, 1, 10, 0, 1447828327),
(163, 40, 50, 0, 2, 10, 0, 1447828327),
(164, 40, 50, 0, 3, 10, 0, 1447828327),
(165, 40, 50, 0, 4, 10, 0, 1447828327),
(166, 40, 50, 0, 5, 10, 0, 1447828327),
(167, 41, 51, 0, 1, 10, 0, 1447828327),
(168, 41, 51, 0, 2, 10, 0, 1447828327),
(169, 41, 51, 0, 3, 10, 0, 1447828327),
(170, 41, 51, 0, 4, 10, 0, 1447828327),
(171, 41, 51, 0, 5, 10, 0, 1447828327),
(172, 42, 52, 0, 1, 10, 0, 1447828328),
(173, 42, 52, 0, 2, 10, 0, 1447828328),
(174, 42, 52, 0, 3, 10, 0, 1447828328),
(175, 42, 52, 0, 4, 10, 0, 1447828328),
(176, 42, 52, 0, 5, 10, 0, 1447828328),
(177, 43, 53, 0, 1, 10, 0, 1447828328),
(178, 43, 53, 0, 2, 10, 0, 1447828328),
(179, 43, 53, 0, 3, 10, 0, 1447828328),
(180, 43, 53, 0, 4, 10, 0, 1447828328),
(181, 43, 53, 0, 5, 10, 0, 1447828328),
(182, 44, 54, 0, 2, 10, 2, 1447911453),
(183, 44, 54, 0, 4, 10, 2, 1447911453),
(184, 44, 54, 0, 5, 10, 2, 1447911453),
(185, 44, 54, 0, 7, 10, 2, 1447911453),
(186, 44, 54, 0, 8, 10, 2, 1447911453),
(187, 44, 54, 0, 9, 10, 2, 1447911453),
(188, 44, 54, 0, 11, 10, 2, 1447911453),
(189, 44, 54, 0, 14, 10, 2, 1447911453),
(190, 44, 54, 0, 12, 10, 2, 1447911453),
(191, 44, 54, 0, 13, 10, 2, 1447911453),
(192, 44, 54, 0, 15, 10, 2, 1447911453),
(193, 44, 54, 0, 16, 10, 2, 1447911453),
(194, 45, 55, 0, 2, 10, 2, 1447911454),
(195, 45, 55, 0, 4, 10, 2, 1447911454),
(196, 45, 55, 0, 5, 10, 2, 1447911454),
(197, 45, 55, 0, 7, 10, 2, 1447911454),
(198, 45, 55, 0, 8, 10, 2, 1447911454),
(199, 45, 55, 0, 9, 10, 2, 1447911454),
(200, 45, 55, 0, 11, 10, 2, 1447911454),
(201, 45, 55, 0, 14, 10, 2, 1447911454),
(202, 45, 55, 0, 12, 10, 2, 1447911454),
(203, 45, 55, 0, 13, 10, 2, 1447911454),
(204, 45, 55, 0, 15, 10, 2, 1447911454),
(205, 45, 55, 0, 16, 10, 2, 1447911454),
(206, 46, 56, 0, 2, 10, 2, 1447911455),
(207, 46, 56, 0, 4, 10, 2, 1447911455),
(208, 46, 56, 0, 5, 10, 2, 1447911455),
(209, 46, 56, 0, 7, 10, 2, 1447911455),
(210, 46, 56, 0, 8, 10, 2, 1447911455),
(211, 46, 56, 0, 9, 10, 2, 1447911455),
(212, 46, 56, 0, 11, 10, 2, 1447911455),
(213, 46, 56, 0, 14, 10, 2, 1447911455),
(214, 46, 56, 0, 12, 10, 2, 1447911455),
(215, 46, 56, 0, 13, 10, 2, 1447911455),
(216, 46, 56, 0, 15, 10, 2, 1447911455),
(217, 46, 56, 0, 16, 10, 2, 1447911455),
(218, 47, 57, 0, 2, 10, 2, 1447911455),
(219, 47, 57, 0, 4, 10, 2, 1447911455),
(220, 47, 57, 0, 5, 10, 2, 1447911455),
(221, 47, 57, 0, 7, 10, 2, 1447911455),
(222, 47, 57, 0, 8, 10, 2, 1447911455),
(223, 47, 57, 0, 9, 10, 2, 1447911455),
(224, 47, 57, 0, 11, 10, 2, 1447911455),
(225, 47, 57, 0, 14, 10, 2, 1447911455),
(226, 47, 57, 0, 12, 10, 2, 1447911455),
(227, 47, 57, 0, 13, 10, 2, 1447911455),
(228, 47, 57, 0, 15, 10, 2, 1447911455),
(229, 47, 57, 0, 16, 10, 2, 1447911455),
(230, 48, 58, 0, 2, 10, 2, 1447911455),
(231, 48, 58, 0, 4, 10, 2, 1447911455),
(232, 48, 58, 0, 5, 10, 2, 1447911455),
(233, 48, 58, 0, 7, 10, 2, 1447911455),
(234, 48, 58, 0, 8, 10, 2, 1447911455),
(235, 48, 58, 0, 9, 10, 2, 1447911455),
(236, 48, 58, 0, 11, 10, 2, 1447911455),
(237, 48, 58, 0, 14, 10, 2, 1447911455),
(238, 48, 58, 0, 12, 10, 2, 1447911455),
(239, 48, 58, 0, 13, 10, 2, 1447911455),
(240, 48, 58, 0, 15, 10, 2, 1447911455),
(241, 48, 58, 0, 16, 10, 2, 1447911455),
(242, 49, 59, 0, 17, 40, 1, 1448637879),
(243, 49, 59, 0, 15, 40, 1, 1448637879),
(244, 49, 59, 0, 14, 40, 1, 1448637879),
(245, 49, 59, 0, 12, 40, 1, 1448637879),
(246, 49, 59, 0, 13, 40, 1, 1448637879),
(247, 50, 60, 0, 11, 10, 1, 1449147220),
(248, 51, 61, 0, 62, 12, 2, 1450271786),
(249, 51, 61, 0, 61, 12, 2, 1450271786),
(250, 51, 61, 0, 56, 12, 2, 1450271786);

-- --------------------------------------------------------

--
-- Table structure for table `test_paper_subjects`
--

DROP TABLE IF EXISTS `test_paper_subjects`;
CREATE TABLE IF NOT EXISTS `test_paper_subjects` (
  `id` int(11) NOT NULL,
  `test_paper_id` int(11) NOT NULL,
  `subject_id` int(11) NOT NULL
) ENGINE=InnoDB AUTO_INCREMENT=17 DEFAULT CHARSET=latin1;

--
-- Dumping data for table `test_paper_subjects`
--

INSERT INTO `test_paper_subjects` (`id`, `test_paper_id`, `subject_id`) VALUES
(2, 2, 1),
(3, 3, 1),
(4, 4, 1),
(5, 5, 1),
(7, 6, 1),
(8, 7, 1),
(9, 8, 7),
(10, 8, 8),
(11, 15, 7),
(12, 30, 1),
(13, 31, 1),
(14, 34, 1),
(15, 51, 1),
(16, 51, 2);

-- --------------------------------------------------------

--
-- Table structure for table `test_paper_type`
--

DROP TABLE IF EXISTS `test_paper_type`;
CREATE TABLE IF NOT EXISTS `test_paper_type` (
  `id` int(11) NOT NULL,
  `type` varchar(50) NOT NULL
) ENGINE=InnoDB AUTO_INCREMENT=7 DEFAULT CHARSET=latin1;

--
-- Dumping data for table `test_paper_type`
--

INSERT INTO `test_paper_type` (`id`, `type`) VALUES
(1, 'Diagnostic Test'),
(3, 'Chapter Test'),
(4, 'Full Syllabus Test'),
(5, 'Scheduled Test'),
(6, 'Practice Test');

-- --------------------------------------------------------

--
-- Table structure for table `test_program`
--

DROP TABLE IF EXISTS `test_program`;
CREATE TABLE IF NOT EXISTS `test_program` (
  `id` int(11) NOT NULL,
  `name` varchar(50) NOT NULL,
  `class` int(11) NOT NULL,
  `price` int(11) NOT NULL,
  `cut_off` int(11) NOT NULL DEFAULT '60',
  `description` text NOT NULL,
  `image` varchar(500) NOT NULL DEFAULT 'assets/frontend/pages/img/test_program/default.jpg',
  `created` int(11) NOT NULL,
  `user` int(11) NOT NULL,
  `status` tinyint(1) NOT NULL DEFAULT '0',
  `deleted` tinyint(1) NOT NULL
) ENGINE=InnoDB AUTO_INCREMENT=4 DEFAULT CHARSET=latin1;

--
-- Dumping data for table `test_program`
--

INSERT INTO `test_program` (`id`, `name`, `class`, `price`, `cut_off`, `description`, `image`, `created`, `user`, `status`, `deleted`) VALUES
(1, 'SSC CGL 2016', 1, 5000, 60, '<p>Please Fill Instructions...</p>\n', 'assets/frontend/pages/img/test_program/default.jpg', 1444375903, 1, 1, 0),
(2, 'Test 10-20-15', 3, 60, 60, '<p>Test ydbfds gsdf,dsbfds ddttrh</p>\n', 'assets/frontend/pages/img/test_program/default.jpg', 1445339647, 1, 1, 0),
(3, 'testING Program', 1, 1200, 60, '<p>Please Fill Instructions...</p>\n', 'assets/frontend/pages/img/test_program/default.jpg', 1446529625, 1, 1, 0);

-- --------------------------------------------------------

--
-- Table structure for table `test_program_subjects`
--

DROP TABLE IF EXISTS `test_program_subjects`;
CREATE TABLE IF NOT EXISTS `test_program_subjects` (
  `id` int(11) NOT NULL,
  `test_program_id` int(11) NOT NULL,
  `subject_id` int(11) NOT NULL
) ENGINE=InnoDB AUTO_INCREMENT=9 DEFAULT CHARSET=latin1;

--
-- Dumping data for table `test_program_subjects`
--

INSERT INTO `test_program_subjects` (`id`, `test_program_id`, `subject_id`) VALUES
(2, 1, 1),
(5, 2, 7),
(6, 2, 8),
(8, 3, 1);

-- --------------------------------------------------------

--
-- Table structure for table `topics`
--

DROP TABLE IF EXISTS `topics`;
CREATE TABLE IF NOT EXISTS `topics` (
  `id` int(11) NOT NULL,
  `name` varchar(150) NOT NULL,
  `description` varchar(150) NOT NULL,
  `chapter_id` int(11) NOT NULL,
  `user_id` int(11) NOT NULL,
  `created` varchar(30) NOT NULL,
  `deleted` tinyint(1) NOT NULL
) ENGINE=InnoDB AUTO_INCREMENT=22 DEFAULT CHARSET=latin1;

--
-- Dumping data for table `topics`
--

INSERT INTO `topics` (`id`, `name`, `description`, `chapter_id`, `user_id`, `created`, `deleted`) VALUES
(1, 'Quadratic Equation  ', '', 1, 1, '1444214551', 0),
(2, 'Co-ordinate Geometry', '', 2, 1, '1444214682', 0),
(3, 'GDP Rate', '', 3, 1, '1444214807', 0),
(4, 'Mountain', '', 4, 1, '1444214896', 0),
(5, 'indian mountain', '', 5, 1, '1444888469', 0),
(6, 'indian mountains and rivers', '', 5, 1, '1448431056', 0),
(7, 'milky way', '', 6, 1, '1444893807', 0),
(8, 'Black hole', '', 6, 1, '1444896871', 0),
(9, '1st world war', '', 7, 1, '1444902873', 0),
(10, '2nd worldwar', '', 7, 1, '1444902901', 0),
(11, 'GDP Rate', '', 8, 1, '1444902946', 0),
(12, 'Indian economy', '', 8, 1, '1444902987', 0),
(13, 'Quadratic equation', '', 9, 1, '1444903181', 0),
(14, 'integer based', '', 11, 1, '1445407263', 0),
(15, 'Ordering', '', 11, 1, '1445407628', 0),
(16, 'Sec 3', '', 11, 1, '1445337073', 1),
(17, 'Country capital', '', 12, 1, '1445407439', 0),
(18, 'Testtopic289', 'This is test topic description', 13, 1, '1448031809', 1),
(19, 'erw', '', 15, 1, '1448430812', 1),
(20, 'akslhd', '', 16, 1, '1448431344', 0),
(21, 'topic `x', '', 19, 1, '1450674800', 0);

-- --------------------------------------------------------

--
-- Table structure for table `units`
--

DROP TABLE IF EXISTS `units`;
CREATE TABLE IF NOT EXISTS `units` (
  `id` int(11) NOT NULL,
  `name` varchar(150) NOT NULL,
  `description` varchar(150) NOT NULL,
  `subject_id` int(11) NOT NULL,
  `user_id` int(11) NOT NULL,
  `created` int(30) NOT NULL,
  `deleted` tinyint(1) NOT NULL
) ENGINE=InnoDB AUTO_INCREMENT=19 DEFAULT CHARSET=latin1;

--
-- Dumping data for table `units`
--

INSERT INTO `units` (`id`, `name`, `description`, `subject_id`, `user_id`, `created`, `deleted`) VALUES
(1, 'Unit 1', '', 1, 1, 1444214487, 0),
(2, 'Unit 2', '', 1, 1, 1444214578, 0),
(3, 'Unit 1', '', 2, 1, 1444214716, 0),
(4, 'Unit 2', '', 2, 1, 1444214848, 0),
(5, 'Unit-1', '', 3, 1, 1444888277, 0),
(6, 'unit-2', '', 3, 1, 1444888298, 0),
(7, 'Unit-1', '', 4, 1, 1444903050, 0),
(8, 'Unit-2', '', 4, 1, 1444903068, 0),
(9, 'Unit 1', '', 7, 1, 1445261098, 0),
(10, 'Unit 1', '', 8, 1, 1445337011, 0),
(11, 'TestUnit434', 'This is test unit description', 9, 1, 1445858971, 0),
(12, 'TestUnit94', 'This is test unit description', 10, 1, 1448031825, 1),
(13, 'TestUnit448', 'This is test unit description', 11, 1, 1448031880, 0),
(14, 'TestUnit790', 'This is test unit description', 12, 1, 1448034126, 1),
(15, 'TestUnit462', 'This is test unit description', 13, 1, 1448430866, 1),
(16, 'unit xyz0', '', 15, 1, 1448432646, 0),
(17, 'unit 1', '', 15, 1, 1448431794, 0),
(18, 'Unit 1', '', 16, 1, 1450674753, 0);

-- --------------------------------------------------------

--
-- Table structure for table `users`
--

DROP TABLE IF EXISTS `users`;
CREATE TABLE IF NOT EXISTS `users` (
  `id` int(11) NOT NULL,
  `first_name` varchar(100) NOT NULL,
  `last_name` varchar(100) NOT NULL DEFAULT '',
  `email` varchar(150) NOT NULL,
  `password` varchar(32) NOT NULL,
  `last_login` varchar(50) NOT NULL DEFAULT '0',
  `banned` tinyint(1) NOT NULL DEFAULT '0',
  `role` int(2) NOT NULL,
  `deleted` tinyint(1) NOT NULL DEFAULT '0'
) ENGINE=InnoDB AUTO_INCREMENT=100 DEFAULT CHARSET=latin1;

--
-- Dumping data for table `users`
--

INSERT INTO `users` (`id`, `first_name`, `last_name`, `email`, `password`, `last_login`, `banned`, `role`, `deleted`) VALUES
(1, 'Utkarsh', '', 'admin', '21232f297a57a5a743894a0e4a801fc3', '1450677767', 0, 1, 0),
(2, 'deepak', 'kumar', 'dkdkumar497@gmail.com', 'e09c80c42fda55f9d992e59ca6b3307d', '1448637718', 0, 4, 0),
(3, 'ravi sahoo', '', 'ravi.4thpointer@gmail.com', 'e09c80c42fda55f9d992e59ca6b3307d', '0', 0, 3, 1),
(57, 'Utkarsh', 'Pandey', 'utkarsh27a@gmail.com', 'cd73502828457d15655bbd7a63fb0bc8', '1445415167', 0, 4, 0),
(90, 'Ravi Prakash', 'Sahoo', 'ravi.prakash.sahoo@gmail.com', 'af71be4bd3376e8afe410279c1a073e8', '1445605592', 0, 4, 0),
(91, 'deepak', 'singh', 'deepak.4thpointer@gmail.com', 'e09c80c42fda55f9d992e59ca6b3307d', '1449146568', 0, 4, 0),
(92, 'test', 'demo', 'test@demo.com', 'e09c80c42fda55f9d992e59ca6b3307d', '1445844023', 0, 4, 0),
(93, 'SME123', '', 'sme@testing.com', '6b7330782b2feb4924020cc4a57782a9', '0', 0, 2, 0),
(94, 'AKGEC', '', 'dkdkumar496@gmail.com', 'e09c80c42fda55f9d992e59ca6b3307d', '1448447029', 0, 5, 0),
(95, 'sonu', 'kumar', 'sonu.4thpointer@gmail.com', 'e09c80c42fda55f9d992e59ca6b3307d', '1447911274', 0, 4, 0),
(96, 'RKGIT', '', 'abcd123@gmail.com', 'e09c80c42fda55f9d992e59ca6b3307d', '0', 0, 5, 0),
(97, 'deepak', 'kumar', 'dkstesting@gmail.com', 'e09c80c42fda55f9d992e59ca6b3307d', '1447850429', 0, 4, 0),
(98, 'Demoint', '', 'Demoint@123.com', 'e09c80c42fda55f9d992e59ca6b3307d', '1447936039', 0, 5, 0),
(99, 'Prince ', '', 'prince@gmail.com', 'e09c80c42fda55f9d992e59ca6b3307d', '1448275657', 0, 5, 0);

-- --------------------------------------------------------

--
-- Table structure for table `user_roles`
--

DROP TABLE IF EXISTS `user_roles`;
CREATE TABLE IF NOT EXISTS `user_roles` (
  `id` int(11) NOT NULL,
  `role` varchar(11) NOT NULL
) ENGINE=InnoDB AUTO_INCREMENT=6 DEFAULT CHARSET=latin1;

--
-- Dumping data for table `user_roles`
--

INSERT INTO `user_roles` (`id`, `role`) VALUES
(1, 'Super Admin'),
(2, 'SME'),
(3, 'DTP'),
(4, 'Student'),
(5, 'Institute');

-- --------------------------------------------------------

--
-- Structure for view `question_details`
--
DROP TABLE IF EXISTS `question_details`;

CREATE ALGORITHM=UNDEFINED DEFINER=`root`@`localhost` SQL SECURITY DEFINER VIEW `question_details` AS select `questions`.`id` AS `question_id`,`questions`.`question` AS `data`,`questions`.`description` AS `description`,`questions`.`type` AS `type`,`questions`.`quality_check` AS `quality_check`,`questions`.`parent_id` AS `parent_id`,date_format(from_unixtime(`questions`.`created`),'%d-%m-%y %h:%i %p') AS `modified_at`,`questions`.`delete` AS `deleted`,`classes`.`name` AS `class_name`,group_concat(if((`tagsofquestion`.`tag_type` = 1),`subjects`.`name`,' ') separator ',') AS `subject_name`,group_concat(if((`tagsofquestion`.`tag_type` = 2),`units`.`name`,' ') separator ',') AS `unit_name`,group_concat(if((`tagsofquestion`.`tag_type` = 3),`chapters`.`name`,' ') separator ',') AS `chapter_name`,group_concat(if((`tagsofquestion`.`tag_type` = 4),`topics`.`name`,' ') separator ',') AS `topic_name`,group_concat(if((`tagsofquestion`.`tag_type` = 5),`tags`.`tag`,' ') separator ',') AS `tag_name`,group_concat(if((`tagsofquestion`.`tag_type` = 6),`difficulty`.`difficulty`,' ') separator ',') AS `difficulty_name`,group_concat(if((`tagsofquestion`.`tag_type` = 7),`skills`.`skill`,' ') separator ',') AS `skill_name` from (((((((((`questions` left join `tagsofquestion` on((`tagsofquestion`.`question_id` = `questions`.`id`))) left join `classes` on((`classes`.`id` = `questions`.`class_id`))) left join `subjects` on((`subjects`.`id` = `tagsofquestion`.`tagged_id`))) left join `topics` on((`topics`.`id` = `tagsofquestion`.`tagged_id`))) left join `chapters` on((`chapters`.`id` = `tagsofquestion`.`tagged_id`))) left join `units` on((`units`.`id` = `tagsofquestion`.`tagged_id`))) left join `tags` on((`tags`.`id` = `tagsofquestion`.`tagged_id`))) left join `difficulty` on((`difficulty`.`id` = `tagsofquestion`.`tagged_id`))) left join `skills` on((`skills`.`id` = `tagsofquestion`.`tagged_id`))) group by `questions`.`id`;

--
-- Indexes for dumped tables
--

--
-- Indexes for table `answers_of_question_attempts`
--
ALTER TABLE `answers_of_question_attempts`
  ADD PRIMARY KEY (`id`);

--
-- Indexes for table `chapters`
--
ALTER TABLE `chapters`
  ADD PRIMARY KEY (`id`);

--
-- Indexes for table `classes`
--
ALTER TABLE `classes`
  ADD PRIMARY KEY (`id`);

--
-- Indexes for table `coupons`
--
ALTER TABLE `coupons`
  ADD PRIMARY KEY (`id`);

--
-- Indexes for table `difficulty`
--
ALTER TABLE `difficulty`
  ADD PRIMARY KEY (`id`);

--
-- Indexes for table `options`
--
ALTER TABLE `options`
  ADD PRIMARY KEY (`id`);

--
-- Indexes for table `planner`
--
ALTER TABLE `planner`
  ADD PRIMARY KEY (`id`);

--
-- Indexes for table `profile`
--
ALTER TABLE `profile`
  ADD PRIMARY KEY (`id`);

--
-- Indexes for table `questions`
--
ALTER TABLE `questions`
  ADD PRIMARY KEY (`id`);

--
-- Indexes for table `question_attempt`
--
ALTER TABLE `question_attempt`
  ADD PRIMARY KEY (`id`);

--
-- Indexes for table `question_types`
--
ALTER TABLE `question_types`
  ADD PRIMARY KEY (`id`);

--
-- Indexes for table `section`
--
ALTER TABLE `section`
  ADD PRIMARY KEY (`id`);

--
-- Indexes for table `skills`
--
ALTER TABLE `skills`
  ADD PRIMARY KEY (`id`);

--
-- Indexes for table `student_program`
--
ALTER TABLE `student_program`
  ADD PRIMARY KEY (`id`);

--
-- Indexes for table `student_question_bank`
--
ALTER TABLE `student_question_bank`
  ADD PRIMARY KEY (`id`);

--
-- Indexes for table `subjects`
--
ALTER TABLE `subjects`
  ADD PRIMARY KEY (`id`);

--
-- Indexes for table `tags`
--
ALTER TABLE `tags`
  ADD PRIMARY KEY (`id`);

--
-- Indexes for table `tag_type`
--
ALTER TABLE `tag_type`
  ADD PRIMARY KEY (`tag_code`);

--
-- Indexes for table `test_paper`
--
ALTER TABLE `test_paper`
  ADD PRIMARY KEY (`id`);

--
-- Indexes for table `test_papers_of_test_program`
--
ALTER TABLE `test_papers_of_test_program`
  ADD PRIMARY KEY (`id`);

--
-- Indexes for table `test_paper_attempts`
--
ALTER TABLE `test_paper_attempts`
  ADD PRIMARY KEY (`id`);

--
-- Indexes for table `test_paper_labels`
--
ALTER TABLE `test_paper_labels`
  ADD PRIMARY KEY (`id`);

--
-- Indexes for table `test_paper_questions`
--
ALTER TABLE `test_paper_questions`
  ADD PRIMARY KEY (`id`);

--
-- Indexes for table `test_paper_subjects`
--
ALTER TABLE `test_paper_subjects`
  ADD PRIMARY KEY (`id`);

--
-- Indexes for table `test_paper_type`
--
ALTER TABLE `test_paper_type`
  ADD PRIMARY KEY (`id`);

--
-- Indexes for table `test_program`
--
ALTER TABLE `test_program`
  ADD PRIMARY KEY (`id`);

--
-- Indexes for table `test_program_subjects`
--
ALTER TABLE `test_program_subjects`
  ADD PRIMARY KEY (`id`);

--
-- Indexes for table `topics`
--
ALTER TABLE `topics`
  ADD PRIMARY KEY (`id`);

--
-- Indexes for table `units`
--
ALTER TABLE `units`
  ADD PRIMARY KEY (`id`);

--
-- Indexes for table `users`
--
ALTER TABLE `users`
  ADD PRIMARY KEY (`id`),
  ADD UNIQUE KEY `username` (`email`);

--
-- Indexes for table `user_roles`
--
ALTER TABLE `user_roles`
  ADD PRIMARY KEY (`id`);

--
-- AUTO_INCREMENT for dumped tables
--

--
-- AUTO_INCREMENT for table `answers_of_question_attempts`
--
ALTER TABLE `answers_of_question_attempts`
  MODIFY `id` int(11) NOT NULL AUTO_INCREMENT,AUTO_INCREMENT=465;
--
-- AUTO_INCREMENT for table `chapters`
--
ALTER TABLE `chapters`
  MODIFY `id` int(11) NOT NULL AUTO_INCREMENT,AUTO_INCREMENT=20;
--
-- AUTO_INCREMENT for table `classes`
--
ALTER TABLE `classes`
  MODIFY `id` int(11) NOT NULL AUTO_INCREMENT,AUTO_INCREMENT=12;
--
-- AUTO_INCREMENT for table `coupons`
--
ALTER TABLE `coupons`
  MODIFY `id` int(11) NOT NULL AUTO_INCREMENT,AUTO_INCREMENT=1071;
--
-- AUTO_INCREMENT for table `difficulty`
--
ALTER TABLE `difficulty`
  MODIFY `id` int(11) NOT NULL AUTO_INCREMENT,AUTO_INCREMENT=6;
--
-- AUTO_INCREMENT for table `options`
--
ALTER TABLE `options`
  MODIFY `id` int(11) NOT NULL AUTO_INCREMENT,AUTO_INCREMENT=278;
--
-- AUTO_INCREMENT for table `planner`
--
ALTER TABLE `planner`
  MODIFY `id` int(11) NOT NULL AUTO_INCREMENT;
--
-- AUTO_INCREMENT for table `profile`
--
ALTER TABLE `profile`
  MODIFY `id` int(11) NOT NULL AUTO_INCREMENT,AUTO_INCREMENT=17;
--
-- AUTO_INCREMENT for table `questions`
--
ALTER TABLE `questions`
  MODIFY `id` int(11) NOT NULL AUTO_INCREMENT,AUTO_INCREMENT=65;
--
-- AUTO_INCREMENT for table `question_attempt`
--
ALTER TABLE `question_attempt`
  MODIFY `id` int(11) NOT NULL AUTO_INCREMENT,AUTO_INCREMENT=316;
--
-- AUTO_INCREMENT for table `question_types`
--
ALTER TABLE `question_types`
  MODIFY `id` int(11) NOT NULL AUTO_INCREMENT,AUTO_INCREMENT=14;
--
-- AUTO_INCREMENT for table `section`
--
ALTER TABLE `section`
  MODIFY `id` int(11) NOT NULL AUTO_INCREMENT,AUTO_INCREMENT=63;
--
-- AUTO_INCREMENT for table `skills`
--
ALTER TABLE `skills`
  MODIFY `id` int(11) NOT NULL AUTO_INCREMENT,AUTO_INCREMENT=5;
--
-- AUTO_INCREMENT for table `student_program`
--
ALTER TABLE `student_program`
  MODIFY `id` int(11) NOT NULL AUTO_INCREMENT,AUTO_INCREMENT=12;
--
-- AUTO_INCREMENT for table `student_question_bank`
--
ALTER TABLE `student_question_bank`
  MODIFY `id` int(11) NOT NULL AUTO_INCREMENT,AUTO_INCREMENT=5;
--
-- AUTO_INCREMENT for table `subjects`
--
ALTER TABLE `subjects`
  MODIFY `id` int(11) NOT NULL AUTO_INCREMENT,AUTO_INCREMENT=18;
--
-- AUTO_INCREMENT for table `tags`
--
ALTER TABLE `tags`
  MODIFY `id` int(11) NOT NULL AUTO_INCREMENT,AUTO_INCREMENT=8;
--
-- AUTO_INCREMENT for table `tag_type`
--
ALTER TABLE `tag_type`
  MODIFY `tag_code` int(11) NOT NULL AUTO_INCREMENT,AUTO_INCREMENT=8;
--
-- AUTO_INCREMENT for table `test_paper`
--
ALTER TABLE `test_paper`
  MODIFY `id` int(11) NOT NULL AUTO_INCREMENT,AUTO_INCREMENT=53;
--
-- AUTO_INCREMENT for table `test_papers_of_test_program`
--
ALTER TABLE `test_papers_of_test_program`
  MODIFY `id` int(11) NOT NULL AUTO_INCREMENT,AUTO_INCREMENT=10;
--
-- AUTO_INCREMENT for table `test_paper_attempts`
--
ALTER TABLE `test_paper_attempts`
  MODIFY `id` int(11) NOT NULL AUTO_INCREMENT,AUTO_INCREMENT=53;
--
-- AUTO_INCREMENT for table `test_paper_labels`
--
ALTER TABLE `test_paper_labels`
  MODIFY `id` int(11) NOT NULL AUTO_INCREMENT,AUTO_INCREMENT=31;
--
-- AUTO_INCREMENT for table `test_paper_questions`
--
ALTER TABLE `test_paper_questions`
  MODIFY `id` int(11) NOT NULL AUTO_INCREMENT,AUTO_INCREMENT=251;
--
-- AUTO_INCREMENT for table `test_paper_subjects`
--
ALTER TABLE `test_paper_subjects`
  MODIFY `id` int(11) NOT NULL AUTO_INCREMENT,AUTO_INCREMENT=17;
--
-- AUTO_INCREMENT for table `test_paper_type`
--
ALTER TABLE `test_paper_type`
  MODIFY `id` int(11) NOT NULL AUTO_INCREMENT,AUTO_INCREMENT=7;
--
-- AUTO_INCREMENT for table `test_program`
--
ALTER TABLE `test_program`
  MODIFY `id` int(11) NOT NULL AUTO_INCREMENT,AUTO_INCREMENT=4;
--
-- AUTO_INCREMENT for table `test_program_subjects`
--
ALTER TABLE `test_program_subjects`
  MODIFY `id` int(11) NOT NULL AUTO_INCREMENT,AUTO_INCREMENT=9;
--
-- AUTO_INCREMENT for table `topics`
--
ALTER TABLE `topics`
  MODIFY `id` int(11) NOT NULL AUTO_INCREMENT,AUTO_INCREMENT=22;
--
-- AUTO_INCREMENT for table `units`
--
ALTER TABLE `units`
  MODIFY `id` int(11) NOT NULL AUTO_INCREMENT,AUTO_INCREMENT=19;
--
-- AUTO_INCREMENT for table `users`
--
ALTER TABLE `users`
  MODIFY `id` int(11) NOT NULL AUTO_INCREMENT,AUTO_INCREMENT=100;
--
-- AUTO_INCREMENT for table `user_roles`
--
ALTER TABLE `user_roles`
  MODIFY `id` int(11) NOT NULL AUTO_INCREMENT,AUTO_INCREMENT=6;
/*!40101 SET CHARACTER_SET_CLIENT=@OLD_CHARACTER_SET_CLIENT */;
/*!40101 SET CHARACTER_SET_RESULTS=@OLD_CHARACTER_SET_RESULTS */;
/*!40101 SET COLLATION_CONNECTION=@OLD_COLLATION_CONNECTION */;
